Date,Open,High,Low,Close,Volume,Volume(SHIB),Market Cap
03/17/2024,$0.0000256,$0.0000300,$0.0000245,$0.0000296,$84.3 m,3099791087673,$16 bn
03/16/2024,$0.0000301,$0.0000302,$0.0000240,$0.0000253,$69.6 m,2517310937709,$16.3 bn
03/15/2024,$0.0000323,$0.0000327,$0.0000279,$0.0000299,$77 m,2592213116263,$17.5 bn
03/14/2024,$0.0000321,$0.0000344,$0.0000308,$0.0000323,$82.9 m,2541422329308,$19.2 bn
03/13/2024,$0.0000322,$0.0000334,$0.0000314,$0.0000320,$86 m,2657420128128,$19.1 bn
03/12/2024,$0.0000341,$0.0000348,$0.0000306,$0.0000323,$85 m,2611821344919,$19.2 bn
03/11/2024,$0.0000328,$0.0000351,$0.0000308,$0.0000340,$82.4 m,2496541819480,$19.5 bn
03/10/2024,$0.0000351,$0.0000353,$0.0000321,$0.0000328,$95.4 m,2809607262941,$20 bn
03/09/2024,$0.0000352,$0.0000368,$0.0000340,$0.0000351,$101.4 m,2873516869466,$20.8 bn
03/08/2024,$0.0000314,$0.0000380,$0.0000311,$0.0000353,$93.7 m,2710878089723,$20.4 bn
03/07/2024,$0.0000339,$0.0000345,$0.0000296,$0.0000315,$82.7 m,2611461455707,$18.7 bn
03/06/2024,$0.0000356,$0.0000392,$0.0000308,$0.0000334,$93.3 m,2690791220224,$20.4 bn
03/05/2024,$0.0000371,$0.0000453,$0.0000270,$0.0000360,$71.2 m,1884725805685,$22.3 bn
03/04/2024,$0.0000226,$0.0000360,$0.0000217,$0.0000359,$96.7 m,3462217165129,$16.5 bn
03/03/2024,$0.0000227,$0.0000235,$0.0000199,$0.0000225,$55.7 m,2538442894726,$12.9 bn
03/02/2024,$0.0000168,$0.0000233,$0.0000168,$0.0000226,$63.1 m,2993910927489,$12.4 bn
03/01/2024,$0.0000126,$0.0000170,$0.0000125,$0.0000169,$38.6 m,2796543403135,$8.1 bn
02/29/2024,$0.0000117,$0.0000146,$0.0000115,$0.0000125,$33.4 m,2531476653946,$7.8 bn
02/28/2024,$0.0000109,$0.0000124,$0.0000107,$0.0000117,$29.7 m,2662107408133,$6.6 bn
02/27/2024,$0.0000101,$0.0000114,$0.0000100,$0.0000109,$31.1 m,2964915841799,$6.2 bn
02/26/2024,$0.0000097,$0.0000102,$0.0000095,$0.0000101,$24.2 m,2488736610001,$5.7 bn
02/25/2024,$0.0000096,$0.0000097,$0.0000096,$0.0000097,$19.5 m,2026552517452,$5.7 bn
02/24/2024,$0.0000095,$0.0000097,$0.0000094,$0.0000096,$19.3 m,2018257587090,$5.6 bn
02/23/2024,$0.0000096,$0.0000096,$0.0000094,$0.0000095,$18.4 m,1929510890263,$5.6 bn
02/22/2024,$0.0000096,$0.0000097,$0.0000094,$0.0000095,$18.5 m,1933686423810,$5.7 bn
02/21/2024,$0.0000098,$0.0000098,$0.0000093,$0.0000096,$23 m,2415812926546,$5.6 bn
02/20/2024,$0.0000099,$0.0000099,$0.0000095,$0.0000098,$22.7 m,2323896950317,$5.8 bn
02/19/2024,$0.0000097,$0.0000099,$0.0000097,$0.0000099,$19.9 m,2029707497018,$5.8 bn
02/18/2024,$0.0000096,$0.0000098,$0.0000096,$0.0000097,$19.4 m,1991023560728,$5.7 bn
02/17/2024,$0.0000099,$0.0000099,$0.0000094,$0.0000096,$19.4 m,2005945879211,$5.7 bn
02/16/2024,$0.0000099,$0.0000100,$0.0000097,$0.0000099,$19.4 m,1963357073675,$5.8 bn
02/15/2024,$0.0000098,$0.0000100,$0.0000097,$0.0000099,$23.7 m,2403689195508,$5.8 bn
02/14/2024,$0.0000095,$0.0000098,$0.0000094,$0.0000097,$18.9 m,1971857361311,$5.7 bn
02/13/2024,$0.0000096,$0.0000097,$0.0000094,$0.0000095,$20.1 m,2106790350579,$5.6 bn
02/12/2024,$0.0000094,$0.0000097,$0.0000092,$0.0000096,$21 m,2231219393170,$5.5 bn
02/11/2024,$0.0000094,$0.0000096,$0.0000094,$0.0000094,$22.3 m,2357370103774,$5.6 bn
02/10/2024,$0.0000094,$0.0000095,$0.0000093,$0.0000094,$20.8 m,2215699766260,$5.5 bn
02/09/2024,$0.0000092,$0.0000095,$0.0000092,$0.0000094,$21.4 m,2293103847994,$5.5 bn
02/08/2024,$0.0000091,$0.0000093,$0.0000091,$0.0000092,$20.2 m,2202280085570,$5.4 bn
02/07/2024,$0.0000089,$0.0000091,$0.0000088,$0.0000091,$16.4 m,1841191463565,$5.3 bn
02/06/2024,$0.0000089,$0.0000089,$0.0000088,$0.0000089,$16 m,1793743901324,$5.2 bn
02/05/2024,$0.0000089,$0.0000090,$0.0000088,$0.0000089,$14.1 m,1584218212522,$5.3 bn
02/04/2024,$0.0000091,$0.0000091,$0.0000089,$0.0000089,$14.6 m,1610795163180,$5.3 bn
02/03/2024,$0.0000091,$0.0000092,$0.0000090,$0.0000091,$16.1 m,1772905162560,$5.4 bn
02/02/2024,$0.0000090,$0.0000091,$0.0000089,$0.0000091,$14.7 m,1628930281941,$5.3 bn
02/01/2024,$0.0000090,$0.0000090,$0.0000088,$0.0000090,$15.7 m,1757016803460,$5.3 bn
01/31/2024,$0.0000091,$0.0000091,$0.0000089,$0.0000090,$18.2 m,2006311699457,$5.3 bn
01/30/2024,$0.0000092,$0.0000094,$0.0000090,$0.0000090,$19.7 m,2133801743822,$5.5 bn
01/29/2024,$0.0000090,$0.0000093,$0.0000089,$0.0000092,$20.9 m,2303957851038,$5.4 bn
01/28/2024,$0.0000091,$0.0000092,$0.0000089,$0.0000090,$17.5 m,1915422539424,$5.4 bn
01/27/2024,$0.0000091,$0.0000092,$0.0000090,$0.0000091,$19.2 m,2113778772984,$5.4 bn
01/26/2024,$0.0000089,$0.0000091,$0.0000088,$0.0000091,$19.3 m,2153710822175,$5.3 bn
01/25/2024,$0.0000089,$0.0000089,$0.0000087,$0.0000089,$15.8 m,1783609738694,$5.2 bn
01/24/2024,$0.0000088,$0.0000090,$0.0000088,$0.0000089,$19.4 m,2186745372821,$5.2 bn
01/23/2024,$0.0000089,$0.0000091,$0.0000085,$0.0000088,$22.5 m,2558285037034,$5.2 bn
01/22/2024,$0.0000094,$0.0000094,$0.0000089,$0.0000089,$21.8 m,2383635004546,$5.4 bn
01/21/2024,$0.0000097,$0.0000097,$0.0000094,$0.0000094,$22.1 m,2329352905492,$5.6 bn
01/20/2024,$0.0000093,$0.0000098,$0.0000093,$0.0000097,$22.5 m,2386795774115,$5.6 bn
01/19/2024,$0.0000092,$0.0000094,$0.0000088,$0.0000093,$19.8 m,2156969021320,$5.4 bn
01/18/2024,$0.0000095,$0.0000096,$0.0000090,$0.0000092,$21.5 m,2293881805130,$5.5 bn
01/17/2024,$0.0000097,$0.0000097,$0.0000094,$0.0000095,$19 m,1980373433263,$5.6 bn
01/16/2024,$0.0000096,$0.0000097,$0.0000095,$0.0000097,$23.8 m,2469833530532,$5.7 bn
01/15/2024,$0.0000096,$0.0000098,$0.0000095,$0.0000096,$20.8 m,2156786463043,$5.7 bn
01/14/2024,$0.0000099,$0.0000100,$0.0000096,$0.0000096,$22.1 m,2245050485691,$5.8 bn
01/13/2024,$0.0000096,$0.0000100,$0.0000095,$0.0000099,$22.6 m,2307958255390,$5.8 bn
01/12/2024,$0.0000102,$0.0000103,$0.0000094,$0.0000096,$20.8 m,2077812510908,$5.9 bn
01/11/2024,$0.0000100,$0.0000105,$0.0000099,$0.0000102,$23.5 m,2311024747986,$6 bn
01/10/2024,$0.0000097,$0.0000101,$0.0000092,$0.0000100,$21.8 m,2284192312764,$5.6 bn
01/09/2024,$0.0000096,$0.0000100,$0.0000092,$0.0000096,$23.9 m,2519695341428,$5.6 bn
01/08/2024,$0.0000090,$0.0000096,$0.0000085,$0.0000096,$21 m,2301807886596,$5.4 bn
01/07/2024,$0.0000096,$0.0000097,$0.0000090,$0.0000090,$19.4 m,2054130482555,$5.6 bn
01/06/2024,$0.0000098,$0.0000098,$0.0000094,$0.0000096,$21.2 m,2206888417796,$5.7 bn
01/05/2024,$0.0000100,$0.0000101,$0.0000095,$0.0000098,$20.4 m,2086528697031,$5.7 bn
01/04/2024,$0.0000096,$0.0000101,$0.0000095,$0.0000100,$19.7 m,2022632185141,$5.7 bn
01/03/2024,$0.0000106,$0.0000107,$0.0000089,$0.0000096,$24.9 m,2477562812188,$5.9 bn
01/02/2024,$0.0000107,$0.0000109,$0.0000105,$0.0000105,$26.2 m,2446732655626,$6.3 bn
01/01/2024,$0.0000104,$0.0000107,$0.0000103,$0.0000107,$21.3 m,2040525213293,$6.2 bn
12/31/2023,$0.0000105,$0.0000106,$0.0000103,$0.0000103,$18.9 m,1800228248777,$6.2 bn
12/30/2023,$0.0000104,$0.0000106,$0.0000104,$0.0000105,$17.7 m,1680752567691,$6.2 bn
12/29/2023,$0.0000106,$0.0000107,$0.0000103,$0.0000104,$22 m,2084605400203,$6.2 bn
12/28/2023,$0.0000109,$0.0000110,$0.0000105,$0.0000106,$18.6 m,1734684903962,$6.3 bn
12/27/2023,$0.0000106,$0.0000109,$0.0000103,$0.0000109,$20.4 m,1913096819242,$6.3 bn
12/26/2023,$0.0000110,$0.0000110,$0.0000102,$0.0000106,$21.7 m,2033862183475,$6.3 bn
12/25/2023,$0.0000107,$0.0000110,$0.0000106,$0.0000110,$19.7 m,1815241524214,$6.4 bn
12/24/2023,$0.0000111,$0.0000111,$0.0000106,$0.0000107,$20.5 m,1884158865371,$6.4 bn
12/23/2023,$0.0000109,$0.0000113,$0.0000105,$0.0000111,$21.9 m,2018094004157,$6.4 bn
12/22/2023,$0.0000105,$0.0000109,$0.0000104,$0.0000109,$21 m,1974053245889,$6.3 bn
12/21/2023,$0.0000102,$0.0000105,$0.0000102,$0.0000104,$19.6 m,1897003333631,$6.1 bn
12/20/2023,$0.0000101,$0.0000105,$0.0000100,$0.0000102,$18.9 m,1848664186905,$6 bn
12/19/2023,$0.0000104,$0.0000106,$0.0000100,$0.0000101,$18.7 m,1812210096910,$6.1 bn
12/18/2023,$0.0000103,$0.0000105,$0.0000096,$0.0000104,$22.2 m,2197140279180,$6 bn
12/17/2023,$0.0000116,$0.0000118,$0.0000103,$0.0000103,$26.5 m,2477092912137,$6.3 bn
12/16/2023,$0.0000096,$0.0000117,$0.0000095,$0.0000116,$25.4 m,2505337075607,$6 bn
12/15/2023,$0.0000101,$0.0000101,$0.0000096,$0.0000096,$18.5 m,1877347574403,$5.8 bn
12/14/2023,$0.0000098,$0.0000102,$0.0000097,$0.0000101,$21.7 m,2172795304005,$5.9 bn
12/13/2023,$0.0000096,$0.0000099,$0.0000092,$0.0000098,$20.2 m,2121572236792,$5.6 bn
12/12/2023,$0.0000095,$0.0000097,$0.0000093,$0.0000096,$20.1 m,2101204138322,$5.6 bn
12/11/2023,$0.0000103,$0.0000105,$0.0000092,$0.0000095,$26 m,2688921484283,$5.7 bn
12/10/2023,$0.0000100,$0.0000104,$0.0000099,$0.0000103,$22.7 m,2228390332401,$6 bn
12/09/2023,$0.0000102,$0.0000104,$0.0000099,$0.0000100,$20.5 m,2004021049408,$6 bn
12/08/2023,$0.0000098,$0.0000104,$0.0000098,$0.0000102,$21.3 m,2126575935981,$5.9 bn
12/07/2023,$0.0000097,$0.0000099,$0.0000094,$0.0000098,$23.2 m,2393194994303,$5.7 bn
12/06/2023,$0.0000095,$0.0000105,$0.0000094,$0.0000097,$22 m,2230510085577,$5.8 bn
12/05/2023,$0.0000092,$0.0000095,$0.0000089,$0.0000095,$20.5 m,2226226176832,$5.4 bn
12/04/2023,$0.0000090,$0.0000096,$0.0000088,$0.0000092,$21.7 m,2393380900269,$5.3 bn
12/03/2023,$0.0000085,$0.0000094,$0.0000084,$0.0000090,$20.3 m,2352521427489,$5.1 bn
12/02/2023,$0.0000084,$0.0000086,$0.0000083,$0.0000085,$16.7 m,1979464111251,$5 bn
12/01/2023,$0.0000083,$0.0000084,$0.0000083,$0.0000084,$17.5 m,2095946680034,$4.9 bn
11/30/2023,$0.0000082,$0.0000083,$0.0000081,$0.0000083,$14.8 m,1794334071068,$4.8 bn
11/29/2023,$0.0000083,$0.0000084,$0.0000082,$0.0000082,$13.3 m,1608187204701,$4.9 bn
11/28/2023,$0.0000082,$0.0000083,$0.0000080,$0.0000083,$15.2 m,1862249458870,$4.8 bn
11/27/2023,$0.0000083,$0.0000086,$0.0000080,$0.0000082,$15 m,1812013246553,$4.9 bn
11/26/2023,$0.0000085,$0.0000085,$0.0000081,$0.0000083,$16.2 m,1951420857157,$4.9 bn
11/25/2023,$0.0000082,$0.0000086,$0.0000082,$0.0000085,$16.9 m,2026181862050,$4.9 bn
11/24/2023,$0.0000081,$0.0000083,$0.0000081,$0.0000082,$14.6 m,1782063550281,$4.8 bn
11/23/2023,$0.0000081,$0.0000082,$0.0000080,$0.0000081,$13 m,1608938541177,$4.8 bn
11/22/2023,$0.0000077,$0.0000082,$0.0000077,$0.0000081,$15.4 m,1921934427405,$4.7 bn
11/21/2023,$0.0000084,$0.0000085,$0.0000077,$0.0000078,$16.7 m,2024480823810,$4.9 bn
11/20/2023,$0.0000087,$0.0000087,$0.0000084,$0.0000084,$18.2 m,2120769448518,$5.1 bn
11/19/2023,$0.0000085,$0.0000087,$0.0000084,$0.0000087,$15.5 m,1822849357492,$5 bn
11/18/2023,$0.0000088,$0.0000089,$0.0000084,$0.0000086,$18.8 m,2184423614172,$5.1 bn
11/17/2023,$0.0000085,$0.0000091,$0.0000084,$0.0000088,$19.7 m,2272716164454,$5.1 bn
11/16/2023,$0.0000088,$0.0000092,$0.0000084,$0.0000085,$18.2 m,2082615775789,$5.2 bn
11/15/2023,$0.0000083,$0.0000088,$0.0000083,$0.0000088,$19.8 m,2320790847815,$5 bn
11/14/2023,$0.0000085,$0.0000087,$0.0000081,$0.0000083,$17.7 m,2082007533542,$5 bn
11/13/2023,$0.0000089,$0.0000092,$0.0000085,$0.0000086,$19.4 m,2196920308829,$5.2 bn
11/12/2023,$0.0000091,$0.0000091,$0.0000087,$0.0000089,$19.3 m,2154031318777,$5.3 bn
11/11/2023,$0.0000085,$0.0000096,$0.0000085,$0.0000091,$21.6 m,2367409535900,$5.4 bn
11/10/2023,$0.0000082,$0.0000085,$0.0000081,$0.0000085,$17.6 m,2107792880569,$4.9 bn
11/09/2023,$0.0000083,$0.0000087,$0.0000080,$0.0000082,$20.1 m,2394667185385,$5 bn
11/08/2023,$0.0000082,$0.0000083,$0.0000082,$0.0000083,$14.4 m,1748796502457,$4.9 bn
11/07/2023,$0.0000085,$0.0000085,$0.0000080,$0.0000082,$18.9 m,2292140575387,$4.9 bn
11/06/2023,$0.0000081,$0.0000085,$0.0000080,$0.0000084,$18 m,2178530806718,$4.9 bn
11/05/2023,$0.0000079,$0.0000083,$0.0000079,$0.0000081,$18.1 m,2237721096386,$4.8 bn
11/04/2023,$0.0000078,$0.0000080,$0.0000078,$0.0000079,$14.3 m,1818509583674,$4.6 bn
11/03/2023,$0.0000078,$0.0000079,$0.0000076,$0.0000078,$12.7 m,1639135923461,$4.6 bn
11/02/2023,$0.0000080,$0.0000081,$0.0000077,$0.0000079,$18.7 m,2357495988353,$4.7 bn
11/01/2023,$0.0000078,$0.0000080,$0.0000076,$0.0000080,$20.1 m,2598127680992,$4.6 bn
10/31/2023,$0.0000080,$0.0000080,$0.0000076,$0.0000078,$17.4 m,2211404705193,$4.6 bn
10/30/2023,$0.0000080,$0.0000081,$0.0000078,$0.0000080,$19.1 m,2398691276160,$4.7 bn
10/29/2023,$0.0000079,$0.0000081,$0.0000078,$0.0000080,$17 m,2133534931207,$4.7 bn
10/28/2023,$0.0000077,$0.0000081,$0.0000077,$0.0000080,$18.2 m,2333084286127,$4.6 bn
10/27/2023,$0.0000079,$0.0000079,$0.0000076,$0.0000077,$16.7 m,2140926317993,$4.6 bn
10/26/2023,$0.0000078,$0.0000082,$0.0000076,$0.0000079,$16.3 m,2052208135709,$4.7 bn
10/25/2023,$0.0000074,$0.0000079,$0.0000073,$0.0000078,$16.1 m,2134126887965,$4.4 bn
10/24/2023,$0.0000075,$0.0000077,$0.0000073,$0.0000074,$14.8 m,1977259168516,$4.4 bn
10/23/2023,$0.0000071,$0.0000075,$0.0000071,$0.0000075,$15.7 m,2176953487865,$4.3 bn
10/22/2023,$0.0000071,$0.0000071,$0.0000070,$0.0000071,$12.7 m,1801854156823,$4.1 bn
10/21/2023,$0.0000069,$0.0000072,$0.0000069,$0.0000071,$12.9 m,1845629776412,$4.1 bn
10/20/2023,$0.0000068,$0.0000070,$0.0000068,$0.0000069,$13.9 m,2005690539100,$4.1 bn
10/19/2023,$0.0000068,$0.0000068,$0.0000067,$0.0000068,$13.7 m,2035087410486,$4 bn
10/18/2023,$0.0000069,$0.0000069,$0.0000067,$0.0000068,$12.7 m,1850882338378,$4 bn
10/17/2023,$0.0000071,$0.0000071,$0.0000069,$0.0000069,$13.6 m,1945484486151,$4.1 bn
10/16/2023,$0.0000070,$0.0000073,$0.0000070,$0.0000071,$12.3 m,1734147267432,$4.2 bn
10/15/2023,$0.0000070,$0.0000071,$0.0000070,$0.0000070,$10.9 m,1553541801560,$4.1 bn
10/14/2023,$0.0000069,$0.0000071,$0.0000069,$0.0000070,$11.9 m,1702474455986,$4.1 bn
10/13/2023,$0.0000068,$0.0000070,$0.0000068,$0.0000069,$9.7 m,1413565111126,$4 bn
10/12/2023,$0.0000068,$0.0000069,$0.0000067,$0.0000068,$9 m,1326912932054,$4 bn
10/11/2023,$0.0000069,$0.0000069,$0.0000067,$0.0000068,$10.7 m,1568707745599,$4 bn
10/10/2023,$0.0000069,$0.0000070,$0.0000068,$0.0000069,$10.2 m,1469831673566,$4.1 bn
10/09/2023,$0.0000072,$0.0000072,$0.0000068,$0.0000069,$9.5 m,1362277974667,$4.1 bn
10/08/2023,$0.0000072,$0.0000073,$0.0000072,$0.0000072,$8.1 m,1129245153704,$4.3 bn
10/07/2023,$0.0000072,$0.0000073,$0.0000072,$0.0000072,$8.8 m,1212009474432,$4.3 bn
10/06/2023,$0.0000071,$0.0000072,$0.0000071,$0.0000072,$9.1 m,1259059096637,$4.2 bn
10/05/2023,$0.0000072,$0.0000073,$0.0000071,$0.0000071,$11.1 m,1536892485060,$4.2 bn
10/04/2023,$0.0000073,$0.0000073,$0.0000071,$0.0000072,$10.3 m,1432807141335,$4.3 bn
10/03/2023,$0.0000073,$0.0000073,$0.0000072,$0.0000073,$11 m,1516219854160,$4.3 bn
10/01/2023,$0.0000073,$0.0000076,$0.0000073,$0.0000075,$11 m,1481030766664,$4.4 bn
09/30/2023,$0.0000073,$0.0000074,$0.0000073,$0.0000073,$9.2 m,1248646811002,$4.3 bn
09/29/2023,$0.0000073,$0.0000074,$0.0000073,$0.0000073,$11.4 m,1554023751808,$4.3 bn
09/28/2023,$0.0000072,$0.0000073,$0.0000072,$0.0000073,$10.1 m,1384014534591,$4.3 bn
09/27/2023,$0.0000073,$0.0000073,$0.0000072,$0.0000072,$9.2 m,1276483171742,$4.3 bn
09/26/2023,$0.0000073,$0.0000073,$0.0000072,$0.0000073,$9 m,1244323533933,$4.3 bn
09/25/2023,$0.0000073,$0.0000074,$0.0000072,$0.0000073,$9.5 m,1304244987504,$4.3 bn
09/24/2023,$0.0000075,$0.0000075,$0.0000073,$0.0000073,$10 m,1355169731378,$4.3 bn
09/23/2023,$0.0000073,$0.0000077,$0.0000073,$0.0000075,$10.2 m,1368123537693,$4.4 bn
09/22/2023,$0.0000072,$0.0000073,$0.0000072,$0.0000073,$8.6 m,1175927919968,$4.3 bn
09/21/2023,$0.0000074,$0.0000075,$0.0000072,$0.0000072,$8.1 m,1111861726908,$4.3 bn
09/20/2023,$0.0000074,$0.0000075,$0.0000073,$0.0000074,$9.3 m,1266050340771,$4.3 bn
09/19/2023,$0.0000073,$0.0000074,$0.0000072,$0.0000074,$10.5 m,1428827074489,$4.3 bn
09/18/2023,$0.0000072,$0.0000074,$0.0000072,$0.0000073,$9.3 m,1279612133333,$4.3 bn
09/17/2023,$0.0000074,$0.0000074,$0.0000071,$0.0000072,$9.2 m,1272932233049,$4.3 bn
09/16/2023,$0.0000075,$0.0000076,$0.0000073,$0.0000074,$9.4 m,1260825858497,$4.4 bn
09/15/2023,$0.0000074,$0.0000075,$0.0000073,$0.0000074,$9.2 m,1251769693816,$4.4 bn
09/14/2023,$0.0000073,$0.0000074,$0.0000072,$0.0000074,$9.8 m,1341731862136,$4.3 bn
09/13/2023,$0.0000072,$0.0000073,$0.0000072,$0.0000073,$9.5 m,1310807418791,$4.3 bn
09/12/2023,$0.0000071,$0.0000073,$0.0000071,$0.0000072,$11.1 m,1535522386852,$4.2 bn
09/11/2023,$0.0000074,$0.0000074,$0.0000070,$0.0000070,$13 m,1807364726329,$4.2 bn
09/10/2023,$0.0000076,$0.0000076,$0.0000072,$0.0000074,$12.9 m,1744748120440,$4.4 bn
09/09/2023,$0.0000076,$0.0000076,$0.0000076,$0.0000076,$10.4 m,1366724310953,$4.5 bn
09/08/2023,$0.0000077,$0.0000077,$0.0000075,$0.0000076,$9.3 m,1226855814024,$4.5 bn
09/07/2023,$0.0000077,$0.0000077,$0.0000076,$0.0000077,$10.1 m,1325310447201,$4.5 bn
09/06/2023,$0.0000076,$0.0000078,$0.0000075,$0.0000077,$9.9 m,1293894167290,$4.5 bn
09/05/2023,$0.0000075,$0.0000077,$0.0000074,$0.0000076,$10.5 m,1385397616107,$4.5 bn
09/04/2023,$0.0000077,$0.0000078,$0.0000074,$0.0000075,$10.7 m,1399674924129,$4.5 bn
09/03/2023,$0.0000078,$0.0000079,$0.0000076,$0.0000077,$10 m,1280662499418,$4.6 bn
09/02/2023,$0.0000079,$0.0000079,$0.0000078,$0.0000078,$7.4 m,938838409468,$4.6 bn
09/01/2023,$0.0000080,$0.0000080,$0.0000078,$0.0000079,$8.8 m,1105294726437,$4.7 bn
08/31/2023,$0.0000082,$0.0000082,$0.0000079,$0.0000080,$11.5 m,1418913737876,$4.8 bn
08/30/2023,$0.0000084,$0.0000084,$0.0000081,$0.0000082,$9.4 m,1145967545911,$4.8 bn
08/29/2023,$0.0000082,$0.0000084,$0.0000081,$0.0000084,$13.5 m,1638802339749,$4.9 bn
08/28/2023,$0.0000080,$0.0000083,$0.0000079,$0.0000082,$13.3 m,1649868140610,$4.7 bn
08/27/2023,$0.0000081,$0.0000082,$0.0000080,$0.0000080,$9 m,1117207159666,$4.8 bn
08/26/2023,$0.0000081,$0.0000082,$0.0000081,$0.0000081,$8.9 m,1089432940474,$4.8 bn
08/25/2023,$0.0000082,$0.0000082,$0.0000080,$0.0000081,$12.7 m,1568760640709,$4.8 bn
08/24/2023,$0.0000083,$0.0000084,$0.0000081,$0.0000082,$15.6 m,1888909182261,$4.9 bn
08/23/2023,$0.0000080,$0.0000085,$0.0000080,$0.0000083,$14.2 m,1718300856127,$4.9 bn
08/22/2023,$0.0000080,$0.0000080,$0.0000077,$0.0000080,$11.6 m,1460108994781,$4.7 bn
08/21/2023,$0.0000083,$0.0000084,$0.0000078,$0.0000080,$16.3 m,2007868984507,$4.8 bn
08/20/2023,$0.0000085,$0.0000085,$0.0000082,$0.0000083,$12.7 m,1514506097225,$4.9 bn
08/19/2023,$0.0000086,$0.0000087,$0.0000084,$0.0000084,$14.8 m,1745298320301,$5 bn
08/18/2023,$0.0000081,$0.0000087,$0.0000081,$0.0000086,$16.3 m,1939307746474,$4.9 bn
08/17/2023,$0.0000092,$0.0000093,$0.0000076,$0.0000081,$17.3 m,1951825611576,$5.2 bn
08/16/2023,$0.0000099,$0.0000101,$0.0000091,$0.0000092,$21 m,2149430716762,$5.8 bn
08/15/2023,$0.0000102,$0.0000106,$0.0000097,$0.0000099,$21.2 m,2072497488731,$6 bn
08/14/2023,$0.0000102,$0.0000106,$0.0000100,$0.0000102,$18.3 m,1768815318127,$6.1 bn
08/13/2023,$0.0000107,$0.0000108,$0.0000102,$0.0000103,$17.1 m,1621418386942,$6.2 bn
08/12/2023,$0.0000105,$0.0000113,$0.0000105,$0.0000107,$22.1 m,2035931862553,$6.4 bn
08/11/2023,$0.0000099,$0.0000105,$0.0000098,$0.0000105,$18.1 m,1786711223510,$6 bn
08/10/2023,$0.0000096,$0.0000101,$0.0000096,$0.0000099,$19.2 m,1950415141757,$5.8 bn
08/09/2023,$0.0000095,$0.0000100,$0.0000094,$0.0000096,$16.3 m,1684305799476,$5.7 bn
08/08/2023,$0.0000090,$0.0000097,$0.0000089,$0.0000095,$16.1 m,1758509053636,$5.4 bn
08/07/2023,$0.0000094,$0.0000095,$0.0000088,$0.0000090,$15.8 m,1730243603358,$5.4 bn
08/06/2023,$0.0000100,$0.0000102,$0.0000092,$0.0000094,$16.7 m,1746667819625,$5.6 bn
08/05/2023,$0.0000087,$0.0000104,$0.0000087,$0.0000100,$11.8 m,1234270240051,$5.6 bn
08/04/2023,$0.0000083,$0.0000088,$0.0000083,$0.0000087,$16.1 m,1882784477451,$5 bn
08/03/2023,$0.0000081,$0.0000084,$0.0000081,$0.0000083,$12.3 m,1488500082007,$4.9 bn
08/02/2023,$0.0000084,$0.0000085,$0.0000081,$0.0000082,$12.8 m,1544029894085,$4.9 bn
08/01/2023,$0.0000085,$0.0000085,$0.0000082,$0.0000084,$13.7 m,1646319784982,$4.9 bn
07/31/2023,$0.0000083,$0.0000087,$0.0000082,$0.0000085,$12.8 m,1520269399144,$5 bn
07/30/2023,$0.0000085,$0.0000087,$0.0000082,$0.0000083,$17.5 m,2068855950533,$5 bn
07/29/2023,$0.0000082,$0.0000086,$0.0000081,$0.0000085,$17.1 m,2062444025938,$4.9 bn
07/28/2023,$0.0000078,$0.0000084,$0.0000078,$0.0000082,$15.2 m,1894887530658,$4.7 bn
07/27/2023,$0.0000079,$0.0000079,$0.0000077,$0.0000078,$10.2 m,1297651617987,$4.6 bn
07/26/2023,$0.0000079,$0.0000080,$0.0000077,$0.0000079,$12 m,1532334528855,$4.6 bn
07/25/2023,$0.0000077,$0.0000079,$0.0000077,$0.0000079,$121.8 m,15636074283897,$4.3 bn
07/24/2023,$0.0000079,$0.0000080,$0.0000076,$0.0000077,$116.4 m,15044970700786,$4.2 bn
07/23/2023,$0.0000078,$0.0000079,$0.0000077,$0.0000079,$45 m,5741003429549,$4.3 bn
07/22/2023,$0.0000078,$0.0000079,$0.0000077,$0.0000078,$58 m,7416213893684,$4.3 bn
07/21/2023,$0.0000077,$0.0000079,$0.0000077,$0.0000078,$81.1 m,10444000141384,$4.3 bn
07/20/2023,$0.0000077,$0.0000079,$0.0000076,$0.0000077,$85.8 m,11064735875703,$4.3 bn
07/19/2023,$0.0000077,$0.0000078,$0.0000077,$0.0000077,$77.2 m,9951351145892,$4.3 bn
07/18/2023,$0.0000078,$0.0000079,$0.0000076,$0.0000077,$70.6 m,9116104351104,$4.3 bn
07/17/2023,$0.0000078,$0.0000081,$0.0000077,$0.0000078,$102.9 m,13105117635373,$4.3 bn
07/16/2023,$0.0000081,$0.0000082,$0.0000078,$0.0000079,$84 m,10472328734766,$4.4 bn
07/15/2023,$0.0000080,$0.0000085,$0.0000079,$0.0000081,$178 m,21732468668533,$4.5 bn
07/14/2023,$0.0000080,$0.0000084,$0.0000077,$0.0000080,$200.1 m,25072573015785,$4.4 bn
07/13/2023,$0.0000075,$0.0000081,$0.0000074,$0.0000080,$154.4 m,20234776945496,$4.2 bn
07/12/2023,$0.0000075,$0.0000076,$0.0000074,$0.0000075,$61 m,8118246418938,$4.1 bn
07/11/2023,$0.0000075,$0.0000076,$0.0000074,$0.0000075,$54.8 m,7279151318219,$4.1 bn
07/10/2023,$0.0000077,$0.0000077,$0.0000074,$0.0000075,$87.7 m,11604247850403,$4.2 bn
07/09/2023,$0.0000076,$0.0000078,$0.0000076,$0.0000077,$105.4 m,13720025319435,$4.2 bn
07/08/2023,$0.0000073,$0.0000077,$0.0000073,$0.0000077,$75.7 m,10223172414210,$4.1 bn
07/07/2023,$0.0000071,$0.0000073,$0.0000071,$0.0000073,$70.5 m,9728680616298,$4 bn
07/06/2023,$0.0000075,$0.0000077,$0.0000071,$0.0000072,$93.2 m,12564278138718,$4.1 bn
07/05/2023,$0.0000077,$0.0000077,$0.0000074,$0.0000075,$90.1 m,11908318507345,$4.2 bn
07/04/2023,$0.0000078,$0.0000078,$0.0000076,$0.0000077,$109.3 m,14123944187690,$4.2 bn
07/03/2023,$0.0000077,$0.0000078,$0.0000076,$0.0000078,$93.6 m,12147646237153,$4.2 bn
07/02/2023,$0.0000076,$0.0000077,$0.0000075,$0.0000077,$91.4 m,12055770014012,$4.2 bn
07/01/2023,$0.0000076,$0.0000077,$0.0000075,$0.0000076,$97.4 m,12797340023793,$4.2 bn
06/30/2023,$0.0000073,$0.0000076,$0.0000072,$0.0000076,$143.7 m,19188374699152,$4.1 bn
06/29/2023,$0.0000072,$0.0000074,$0.0000072,$0.0000073,$66.6 m,9114872993068,$4 bn
06/28/2023,$0.0000076,$0.0000076,$0.0000071,$0.0000072,$88.8 m,12054453587931,$4 bn
06/27/2023,$0.0000076,$0.0000077,$0.0000075,$0.0000076,$68.1 m,8978353817222,$4.2 bn
06/26/2023,$0.0000079,$0.0000079,$0.0000075,$0.0000076,$98.3 m,12780736807345,$4.2 bn
06/25/2023,$0.0000078,$0.0000080,$0.0000078,$0.0000079,$82.5 m,10454120424606,$4.3 bn
06/24/2023,$0.0000079,$0.0000081,$0.0000077,$0.0000078,$91.2 m,11513763165793,$4.3 bn
06/23/2023,$0.0000078,$0.0000081,$0.0000077,$0.0000079,$131.4 m,16614280951797,$4.3 bn
06/22/2023,$0.0000076,$0.0000084,$0.0000075,$0.0000078,$239.4 m,30039981498512,$4.4 bn
06/21/2023,$0.0000073,$0.0000076,$0.0000073,$0.0000076,$112.8 m,15206970253819,$4.1 bn
06/20/2023,$0.0000072,$0.0000073,$0.0000070,$0.0000073,$74.4 m,10373196727551,$3.9 bn
06/19/2023,$0.0000072,$0.0000073,$0.0000071,$0.0000072,$81.8 m,11378017773677,$3.9 bn
06/18/2023,$0.0000070,$0.0000075,$0.0000069,$0.0000072,$140.5 m,19654128066041,$3.9 bn
06/17/2023,$0.0000068,$0.0000070,$0.0000068,$0.0000070,$44.7 m,6484365694394,$3.8 bn
06/16/2023,$0.0000067,$0.0000069,$0.0000066,$0.0000068,$47.9 m,7082055219371,$3.7 bn
06/15/2023,$0.0000066,$0.0000068,$0.0000065,$0.0000068,$50.7 m,7658146464574,$3.6 bn
06/14/2023,$0.0000068,$0.0000069,$0.0000065,$0.0000066,$65.8 m,9704430476874,$3.7 bn
06/13/2023,$0.0000067,$0.0000069,$0.0000066,$0.0000068,$73.5 m,10903949715165,$3.7 bn
06/12/2023,$0.0000067,$0.0000067,$0.0000064,$0.0000067,$79.9 m,12086884483272,$3.6 bn
06/11/2023,$0.0000069,$0.0000069,$0.0000066,$0.0000067,$85.5 m,12707729112279,$3.7 bn
06/10/2023,$0.0000079,$0.0000079,$0.0000056,$0.0000069,$309.7 m,45986713807527,$3.7 bn
06/09/2023,$0.0000079,$0.0000080,$0.0000078,$0.0000079,$67.3 m,8497858265811,$4.4 bn
06/08/2023,$0.0000079,$0.0000080,$0.0000078,$0.0000079,$58.4 m,7354650171990,$4.4 bn
06/07/2023,$0.0000082,$0.0000082,$0.0000078,$0.0000079,$77.2 m,9669950444999,$4.4 bn
06/06/2023,$0.0000080,$0.0000082,$0.0000079,$0.0000082,$81.9 m,10158735638101,$4.4 bn
06/05/2023,$0.0000086,$0.0000087,$0.0000078,$0.0000080,$125.1 m,15013774932521,$4.6 bn
06/04/2023,$0.0000086,$0.0000087,$0.0000086,$0.0000086,$56.4 m,6530336663109,$4.7 bn
06/03/2023,$0.0000086,$0.0000087,$0.0000085,$0.0000086,$57.5 m,6679450008372,$4.7 bn
06/02/2023,$0.0000085,$0.0000087,$0.0000083,$0.0000086,$97.3 m,11442678217190,$4.7 bn
06/01/2023,$0.0000085,$0.0000087,$0.0000085,$0.0000085,$81.1 m,9530363078468,$4.7 bn
05/31/2023,$0.0000087,$0.0000087,$0.0000083,$0.0000086,$81.8 m,9609251862421,$4.7 bn
05/30/2023,$0.0000087,$0.0000088,$0.0000087,$0.0000087,$70.7 m,8108954052422,$4.8 bn
05/29/2023,$0.0000088,$0.0000089,$0.0000087,$0.0000087,$69.3 m,7892113481057,$4.8 bn
05/28/2023,$0.0000087,$0.0000089,$0.0000086,$0.0000088,$90.8 m,10332489916100,$4.8 bn
05/27/2023,$0.0000086,$0.0000087,$0.0000085,$0.0000087,$48.6 m,5659832158947,$4.7 bn
05/26/2023,$0.0000085,$0.0000086,$0.0000084,$0.0000086,$72.4 m,8504035910659,$4.7 bn
05/25/2023,$0.0000085,$0.0000086,$0.0000084,$0.0000085,$94 m,11103183981326,$4.6 bn
05/24/2023,$0.0000089,$0.0000089,$0.0000084,$0.0000085,$93.6 m,10866342773269,$4.7 bn
05/23/2023,$0.0000088,$0.0000091,$0.0000088,$0.0000089,$100.2 m,11269371359135,$4.9 bn
05/22/2023,$0.0000085,$0.0000090,$0.0000085,$0.0000088,$128 m,14729363839617,$4.8 bn
05/21/2023,$0.0000087,$0.0000088,$0.0000085,$0.0000085,$58.7 m,6778145327127,$4.8 bn
05/20/2023,$0.0000087,$0.0000088,$0.0000087,$0.0000087,$48.2 m,5533893510290,$4.8 bn
05/19/2023,$0.0000087,$0.0000087,$0.0000087,$0.0000087,$56.9 m,6556959900183,$4.8 bn
05/18/2023,$0.0000088,$0.0000088,$0.0000085,$0.0000087,$93.5 m,10685676335879,$4.8 bn
05/17/2023,$0.0000088,$0.0000089,$0.0000086,$0.0000088,$92.1 m,10533048143254,$4.8 bn
05/16/2023,$0.0000088,$0.0000088,$0.0000087,$0.0000088,$81.1 m,9248786080993,$4.8 bn
05/15/2023,$0.0000088,$0.0000089,$0.0000087,$0.0000088,$84.9 m,9600191550090,$4.9 bn
05/14/2023,$0.0000087,$0.0000089,$0.0000087,$0.0000088,$66.3 m,7560478072387,$4.8 bn
05/13/2023,$0.0000088,$0.0000088,$0.0000087,$0.0000087,$71.2 m,8126815785986,$4.8 bn
05/12/2023,$0.0000087,$0.0000088,$0.0000085,$0.0000088,$107.9 m,12486718862108,$4.7 bn
05/11/2023,$0.0000090,$0.0000090,$0.0000086,$0.0000087,$91 m,10358272095685,$4.8 bn
05/10/2023,$0.0000090,$0.0000091,$0.0000088,$0.0000090,$129 m,14361849333454,$4.9 bn
05/09/2023,$0.0000089,$0.0000090,$0.0000087,$0.0000090,$105.5 m,11915001372495,$4.9 bn
05/08/2023,$0.0000093,$0.0000094,$0.0000085,$0.0000089,$169.9 m,18914287602038,$4.9 bn
05/07/2023,$0.0000095,$0.0000095,$0.0000093,$0.0000093,$79.9 m,8483607951123,$5.2 bn
05/06/2023,$0.0000100,$0.0000100,$0.0000093,$0.0000095,$150.6 m,15600302201954,$5.3 bn
05/05/2023,$0.0000099,$0.0000100,$0.0000098,$0.0000100,$108 m,10882908358582,$5.4 bn
05/04/2023,$0.0000101,$0.0000101,$0.0000099,$0.0000099,$72.5 m,7260903174023,$5.5 bn
05/03/2023,$0.0000101,$0.0000102,$0.0000098,$0.0000101,$91.3 m,9152676375945,$5.5 bn
05/02/2023,$0.0000100,$0.0000101,$0.0000099,$0.0000101,$81.1 m,8158264405702,$5.5 bn
05/01/2023,$0.0000101,$0.0000101,$0.0000098,$0.0000100,$115.3 m,11560551861061,$5.5 bn
04/30/2023,$0.0000103,$0.0000103,$0.0000100,$0.0000101,$70.1 m,6852130888045,$5.6 bn
04/29/2023,$0.0000103,$0.0000103,$0.0000102,$0.0000103,$64.8 m,6296775413775,$5.7 bn
04/28/2023,$0.0000103,$0.0000103,$0.0000101,$0.0000103,$71.5 m,6983338122646,$5.6 bn
04/27/2023,$0.0000102,$0.0000104,$0.0000101,$0.0000103,$106.4 m,10346740148668,$5.6 bn
04/26/2023,$0.0000104,$0.0000107,$0.0000099,$0.0000102,$171.7 m,16499628720514,$5.7 bn
04/25/2023,$0.0000103,$0.0000104,$0.0000101,$0.0000104,$108.9 m,10651858244992,$5.6 bn
04/24/2023,$0.0000103,$0.0000104,$0.0000101,$0.0000103,$115.1 m,11183257417623,$5.7 bn
04/23/2023,$0.0000105,$0.0000105,$0.0000101,$0.0000103,$100.6 m,9724223348725,$5.7 bn
04/22/2023,$0.0000103,$0.0000105,$0.0000102,$0.0000105,$106.2 m,10292268519349,$5.7 bn
04/21/2023,$0.0000106,$0.0000107,$0.0000101,$0.0000103,$191 m,18182680650269,$5.8 bn
04/20/2023,$0.0000108,$0.0000110,$0.0000104,$0.0000106,$196 m,18164284894504,$5.9 bn
04/19/2023,$0.0000116,$0.0000116,$0.0000107,$0.0000108,$242.6 m,21726127219795,$6.1 bn
04/18/2023,$0.0000114,$0.0000117,$0.0000113,$0.0000116,$201.1 m,17476241170037,$6.3 bn
04/17/2023,$0.0000116,$0.0000117,$0.0000113,$0.0000114,$266.1 m,23254690732832,$6.3 bn
04/16/2023,$0.0000116,$0.0000118,$0.0000114,$0.0000116,$266.8 m,23021691028290,$6.4 bn
04/15/2023,$0.0000112,$0.0000116,$0.0000111,$0.0000116,$184.1 m,16365535947047,$6.2 bn
04/14/2023,$0.0000111,$0.0000114,$0.0000110,$0.0000112,$243.3 m,21598248984029,$6.2 bn
04/13/2023,$0.0000110,$0.0000112,$0.0000109,$0.0000111,$140.2 m,12697127589531,$6.1 bn
04/12/2023,$0.0000110,$0.0000111,$0.0000107,$0.0000110,$174.2 m,15999568952878,$6 bn
04/11/2023,$0.0000111,$0.0000112,$0.0000110,$0.0000110,$129 m,11613141013570,$6.1 bn
04/10/2023,$0.0000110,$0.0000111,$0.0000109,$0.0000111,$123.1 m,11245780588708,$6 bn
04/09/2023,$0.0000109,$0.0000110,$0.0000108,$0.0000110,$110 m,10093764651629,$6 bn
04/08/2023,$0.0000109,$0.0000111,$0.0000108,$0.0000109,$105 m,9607868654552,$6 bn
04/07/2023,$0.0000110,$0.0000110,$0.0000108,$0.0000109,$108 m,9896965947900,$6 bn
04/06/2023,$0.0000112,$0.0000112,$0.0000109,$0.0000109,$173.3 m,15720356698342,$6.1 bn
04/05/2023,$0.0000112,$0.0000115,$0.0000111,$0.0000112,$185.2 m,16416737913103,$6.2 bn
04/04/2023,$0.0000112,$0.0000115,$0.0000111,$0.0000112,$299.2 m,26469788594377,$6.2 bn
04/03/2023,$0.0000108,$0.0000116,$0.0000105,$0.0000112,$385.3 m,35506110836478,$6 bn
04/02/2023,$0.0000112,$0.0000115,$0.0000107,$0.0000108,$198.6 m,17915931016396,$6.1 bn
04/01/2023,$0.0000108,$0.0000115,$0.0000107,$0.0000112,$282.8 m,25722457879094,$6 bn
03/31/2023,$0.0000106,$0.0000109,$0.0000105,$0.0000108,$148.7 m,13936188259379,$5.9 bn
03/30/2023,$0.0000107,$0.0000108,$0.0000104,$0.0000106,$156.2 m,14735137330183,$5.8 bn
03/29/2023,$0.0000105,$0.0000108,$0.0000104,$0.0000107,$167.8 m,15722663135946,$5.9 bn
03/28/2023,$0.0000104,$0.0000105,$0.0000103,$0.0000104,$136.1 m,13143931740590,$5.7 bn
03/27/2023,$0.0000106,$0.0000109,$0.0000102,$0.0000104,$224.6 m,21403971653447,$5.8 bn
03/26/2023,$0.0000105,$0.0000107,$0.0000105,$0.0000106,$112.3 m,10637615871787,$5.8 bn
03/25/2023,$0.0000106,$0.0000107,$0.0000104,$0.0000105,$136.5 m,12906600087785,$5.8 bn
03/24/2023,$0.0000108,$0.0000109,$0.0000104,$0.0000106,$168.2 m,15774499011752,$5.9 bn
03/23/2023,$0.0000106,$0.0000109,$0.0000106,$0.0000108,$190.5 m,17761043049036,$5.9 bn
03/22/2023,$0.0000109,$0.0000110,$0.0000103,$0.0000106,$302.8 m,28016495521790,$5.9 bn
03/21/2023,$0.0000104,$0.0000111,$0.0000103,$0.0000110,$265.5 m,24875591358651,$5.9 bn
03/20/2023,$0.0000109,$0.0000110,$0.0000104,$0.0000104,$216.7 m,20303441639435,$5.9 bn
03/19/2023,$0.0000107,$0.0000111,$0.0000107,$0.0000109,$196.1 m,17934284742654,$6 bn
03/18/2023,$0.0000111,$0.0000114,$0.0000107,$0.0000107,$255.9 m,23086543783172,$6.1 bn
03/17/2023,$0.0000105,$0.0000112,$0.0000104,$0.0000111,$223.7 m,20788348402158,$5.9 bn
03/16/2023,$0.0000104,$0.0000106,$0.0000102,$0.0000105,$205.7 m,19732485539211,$5.7 bn
03/15/2023,$0.0000113,$0.0000114,$0.0000102,$0.0000104,$310 m,28475613093932,$6 bn
03/14/2023,$0.0000110,$0.0000117,$0.0000109,$0.0000113,$381 m,34061755810622,$6.1 bn
03/13/2023,$0.0000107,$0.0000112,$0.0000104,$0.0000110,$301.5 m,27806585080602,$6 bn
03/12/2023,$0.0000103,$0.0000108,$0.0000100,$0.0000107,$171.1 m,16698477817982,$5.6 bn
03/11/2023,$0.0000103,$0.0000105,$0.0000099,$0.0000103,$208.7 m,20522651040104,$5.6 bn
03/10/2023,$0.0000100,$0.0000103,$0.0000097,$0.0000103,$286.8 m,28406524637772,$5.5 bn
03/09/2023,$0.0000109,$0.0000111,$0.0000100,$0.0000101,$271.4 m,25103924163687,$5.9 bn
03/08/2023,$0.0000111,$0.0000116,$0.0000108,$0.0000110,$307.7 m,27741368626654,$6.1 bn
03/07/2023,$0.0000112,$0.0000113,$0.0000106,$0.0000111,$165.3 m,15027025941936,$6 bn
03/06/2023,$0.0000111,$0.0000112,$0.0000109,$0.0000112,$110.6 m,9997978334640,$6.1 bn
03/05/2023,$0.0000111,$0.0000113,$0.0000111,$0.0000111,$100 m,8944199390229,$6.1 bn
03/04/2023,$0.0000114,$0.0000114,$0.0000109,$0.0000111,$123.3 m,10938813954589,$6.2 bn
03/03/2023,$0.0000121,$0.0000121,$0.0000110,$0.0000114,$196.2 m,17284614648074,$6.2 bn
03/02/2023,$0.0000123,$0.0000123,$0.0000118,$0.0000121,$147.9 m,12327031748651,$6.6 bn
03/01/2023,$0.0000120,$0.0000124,$0.0000120,$0.0000122,$115.3 m,9403806620406,$6.7 bn
02/28/2023,$0.0000125,$0.0000125,$0.0000120,$0.0000120,$112 m,9063020555156,$6.8 bn
02/27/2023,$0.0000128,$0.0000129,$0.0000124,$0.0000125,$147.3 m,11650509733794,$6.9 bn
02/26/2023,$0.0000124,$0.0000131,$0.0000123,$0.0000128,$154.3 m,12331503660273,$6.9 bn
02/25/2023,$0.0000125,$0.0000126,$0.0000121,$0.0000124,$152.7 m,12282881775007,$6.8 bn
02/24/2023,$0.0000131,$0.0000132,$0.0000123,$0.0000125,$183.6 m,14209634890661,$7.1 bn
02/23/2023,$0.0000131,$0.0000136,$0.0000130,$0.0000131,$285.4 m,21565715958861,$7.3 bn
02/22/2023,$0.0000130,$0.0000131,$0.0000126,$0.0000131,$202.3 m,15793615734744,$7 bn
02/21/2023,$0.0000135,$0.0000136,$0.0000129,$0.0000130,$242.4 m,18267559244120,$7.3 bn
02/20/2023,$0.0000133,$0.0000138,$0.0000131,$0.0000135,$258.5 m,19179539640554,$7.4 bn
02/19/2023,$0.0000132,$0.0000139,$0.0000131,$0.0000134,$435.1 m,32622711177486,$7.3 bn
02/18/2023,$0.0000132,$0.0000134,$0.0000130,$0.0000132,$223.8 m,16950925329100,$7.3 bn
02/17/2023,$0.0000127,$0.0000133,$0.0000127,$0.0000132,$329.9 m,25182547475697,$7.2 bn
02/16/2023,$0.0000137,$0.0000140,$0.0000127,$0.0000127,$607.8 m,44835082933066,$7.4 bn
02/15/2023,$0.0000128,$0.0000138,$0.0000126,$0.0000137,$479.7 m,36640785371342,$7.2 bn
02/14/2023,$0.0000125,$0.0000128,$0.0000122,$0.0000128,$248.2 m,19887047026090,$6.9 bn
02/13/2023,$0.0000128,$0.0000130,$0.0000120,$0.0000125,$262.9 m,20968220412623,$6.9 bn
02/12/2023,$0.0000129,$0.0000135,$0.0000126,$0.0000128,$273.4 m,21081825454404,$7.1 bn
02/11/2023,$0.0000129,$0.0000131,$0.0000124,$0.0000129,$244.7 m,19267940989905,$7 bn
02/10/2023,$0.0000122,$0.0000132,$0.0000121,$0.0000129,$370.9 m,29814379583931,$7.3 bn
02/09/2023,$0.0000137,$0.0000138,$0.0000118,$0.0000121,$346.6 m,26492011411662,$7.7 bn
02/08/2023,$0.0000144,$0.0000145,$0.0000136,$0.0000138,$301.8 m,21465434887919,$8.3 bn
02/07/2023,$0.0000141,$0.0000145,$0.0000138,$0.0000144,$389.7 m,27619652954745,$8.3 bn
02/06/2023,$0.0000143,$0.0000148,$0.0000141,$0.0000141,$448.4 m,31117808536339,$8.5 bn
02/05/2023,$0.0000147,$0.0000153,$0.0000141,$0.0000144,$739.6 m,50326193337692,$8.7 bn
02/04/2023,$0.0000127,$0.0000156,$0.0000127,$0.0000147,$1.2 bn,85877607378239,$8.5 bn
02/03/2023,$0.0000121,$0.0000128,$0.0000121,$0.0000127,$357.1 m,28743860739190,$7.3 bn
02/02/2023,$0.0000120,$0.0000129,$0.0000119,$0.0000121,$402 m,32904639112046,$7.2 bn
02/01/2023,$0.0000118,$0.0000120,$0.0000113,$0.0000120,$269.5 m,23074837052892,$6.9 bn
01/31/2023,$0.0000115,$0.0000120,$0.0000115,$0.0000118,$257.2 m,21872752660495,$6.9 bn
01/30/2023,$0.0000121,$0.0000121,$0.0000113,$0.0000115,$255.1 m,21730548525289,$6.9 bn
01/29/2023,$0.0000118,$0.0000121,$0.0000118,$0.0000121,$175.6 m,14653548704951,$7.1 bn
01/28/2023,$0.0000117,$0.0000123,$0.0000117,$0.0000118,$224.3 m,18915861023681,$7 bn
01/27/2023,$0.0000116,$0.0000119,$0.0000113,$0.0000117,$154.8 m,13370080573118,$6.8 bn
01/26/2023,$0.0000116,$0.0000119,$0.0000115,$0.0000116,$169.1 m,14536716366710,$6.9 bn
01/25/2023,$0.0000112,$0.0000119,$0.0000109,$0.0000116,$232.4 m,20549051228145,$6.7 bn
01/24/2023,$0.0000120,$0.0000122,$0.0000111,$0.0000112,$198.7 m,16640208293180,$7 bn
01/23/2023,$0.0000120,$0.0000122,$0.0000119,$0.0000120,$184.1 m,15257652980104,$7.1 bn
01/22/2023,$0.0000119,$0.0000125,$0.0000117,$0.0000120,$294.7 m,24411068259234,$7.1 bn
01/21/2023,$0.0000122,$0.0000125,$0.0000119,$0.0000119,$384.9 m,31614168325440,$7.2 bn
01/20/2023,$0.0000116,$0.0000124,$0.0000114,$0.0000122,$293.1 m,25292352303050,$6.8 bn
01/19/2023,$0.0000112,$0.0000116,$0.0000109,$0.0000116,$314.1 m,27919949173436,$6.6 bn
01/18/2023,$0.0000105,$0.0000129,$0.0000105,$0.0000112,$1 bn,87177056486819,$7 bn
01/17/2023,$0.0000105,$0.0000108,$0.0000103,$0.0000105,$198.2 m,18771171306355,$6.2 bn
01/16/2023,$0.0000107,$0.0000110,$0.0000102,$0.0000105,$332.3 m,31438187450546,$6.2 bn
01/15/2023,$0.0000104,$0.0000109,$0.0000098,$0.0000107,$335.3 m,32964488205473,$6 bn
01/14/2023,$0.0000102,$0.0000111,$0.0000100,$0.0000104,$491.1 m,46973638546992,$6.2 bn
01/13/2023,$0.0000095,$0.0000102,$0.0000093,$0.0000102,$314.3 m,32737940237390,$5.7 bn
01/12/2023,$0.0000091,$0.0000096,$0.0000091,$0.0000095,$350.5 m,37759687493809,$5.5 bn
01/11/2023,$0.0000092,$0.0000092,$0.0000087,$0.0000091,$229.8 m,25705066464627,$5.3 bn
01/10/2023,$0.0000087,$0.0000096,$0.0000086,$0.0000092,$368.9 m,40885076612290,$5.3 bn
01/09/2023,$0.0000086,$0.0000091,$0.0000086,$0.0000087,$335.9 m,38017029505009,$5.2 bn
01/08/2023,$0.0000084,$0.0000087,$0.0000083,$0.0000086,$99.9 m,11832152168642,$5 bn
01/07/2023,$0.0000084,$0.0000087,$0.0000084,$0.0000084,$105.8 m,12506773707614,$5 bn
01/06/2023,$0.0000084,$0.0000085,$0.0000082,$0.0000084,$119 m,14255321203243,$4.9 bn
01/05/2023,$0.0000084,$0.0000088,$0.0000083,$0.0000084,$222.1 m,26097259190086,$5 bn
01/04/2023,$0.0000081,$0.0000085,$0.0000081,$0.0000084,$115.3 m,13990594478785,$4.9 bn
01/03/2023,$0.0000082,$0.0000082,$0.0000081,$0.0000081,$69.7 m,8555556399056,$4.8 bn
01/02/2023,$0.0000081,$0.0000082,$0.0000081,$0.0000082,$77.1 m,9438087449271,$4.8 bn
01/01/2023,$0.0000081,$0.0000081,$0.0000080,$0.0000081,$44.4 m,5499690458410,$4.8 bn
12/31/2022,$0.0000081,$0.0000082,$0.0000080,$0.0000081,$50.7 m,6256586820728,$4.8 bn
12/30/2022,$0.0000082,$0.0000082,$0.0000080,$0.0000081,$80.2 m,9967495640886,$4.7 bn
12/29/2022,$0.0000079,$0.0000082,$0.0000079,$0.0000082,$129 m,16110997145955,$4.7 bn
12/28/2022,$0.0000082,$0.0000082,$0.0000078,$0.0000079,$98.2 m,12263222964788,$4.7 bn
12/27/2022,$0.0000083,$0.0000083,$0.0000081,$0.0000082,$73.2 m,8876381320084,$4.9 bn
12/26/2022,$0.0000083,$0.0000083,$0.0000083,$0.0000083,$52.1 m,6279617988845,$4.9 bn
12/25/2022,$0.0000083,$0.0000084,$0.0000082,$0.0000083,$57.2 m,6890927521831,$4.9 bn
12/24/2022,$0.0000083,$0.0000083,$0.0000082,$0.0000083,$42.8 m,5162379611746,$4.9 bn
12/23/2022,$0.0000083,$0.0000084,$0.0000083,$0.0000083,$70.4 m,8462299635222,$4.9 bn
12/22/2022,$0.0000083,$0.0000084,$0.0000082,$0.0000083,$81.5 m,9837697579219,$4.9 bn
12/21/2022,$0.0000085,$0.0000085,$0.0000082,$0.0000082,$74.3 m,8970156784099,$4.9 bn
12/20/2022,$0.0000081,$0.0000085,$0.0000081,$0.0000085,$102.1 m,12197167674376,$4.9 bn
12/19/2022,$0.0000086,$0.0000087,$0.0000080,$0.0000081,$170.2 m,19970890699468,$5 bn
12/18/2022,$0.0000083,$0.0000089,$0.0000082,$0.0000086,$220.4 m,25717129940396,$5.1 bn
12/17/2022,$0.0000082,$0.0000083,$0.0000080,$0.0000083,$126.2 m,15447434153800,$4.8 bn
12/16/2022,$0.0000089,$0.0000090,$0.0000081,$0.0000082,$140.2 m,16174449716585,$5.1 bn
12/15/2022,$0.0000090,$0.0000090,$0.0000088,$0.0000089,$86 m,9683969091136,$5.2 bn
12/14/2022,$0.0000092,$0.0000093,$0.0000089,$0.0000090,$88.1 m,9651490194807,$5.4 bn
12/13/2022,$0.0000090,$0.0000093,$0.0000087,$0.0000092,$162 m,18006301281443,$5.3 bn
12/12/2022,$0.0000091,$0.0000091,$0.0000086,$0.0000090,$10.5 bn,1182773101718320,$5.2 bn
12/11/2022,$0.0000092,$0.0000093,$0.0000091,$0.0000091,$63.6 m,6904627593284,$5.4 bn
12/10/2022,$0.0000092,$0.0000093,$0.0000092,$0.0000092,$52.1 m,5641108386925,$5.4 bn
12/09/2022,$0.0000093,$0.0000094,$0.0000092,$0.0000092,$72 m,7777506525941,$5.5 bn
12/08/2022,$0.0000091,$0.0000093,$0.0000091,$0.0000093,$73.8 m,8023811377378,$5.4 bn
12/07/2022,$0.0000093,$0.0000093,$0.0000090,$0.0000091,$98.1 m,10720341363479,$5.4 bn
12/06/2022,$0.0000094,$0.0000095,$0.0000092,$0.0000093,$81.5 m,8726177179275,$5.5 bn
12/05/2022,$0.0000094,$0.0000101,$0.0000093,$0.0000094,$190.9 m,19993865479512,$5.6 bn
12/04/2022,$0.0000092,$0.0000094,$0.0000092,$0.0000094,$66.2 m,7118431283478,$5.5 bn
12/03/2022,$0.0000093,$0.0000094,$0.0000092,$0.0000092,$102.7 m,11032508160546,$5.5 bn
12/02/2022,$0.0000092,$0.0000093,$0.0000091,$0.0000093,$87.8 m,9508683648589,$5.4 bn
12/01/2022,$0.0000093,$0.0000094,$0.0000091,$0.0000092,$84 m,9110602461452,$5.4 bn
11/30/2022,$0.0000091,$0.0000094,$0.0000091,$0.0000093,$138.7 m,14992006176734,$5.5 bn
11/29/2022,$0.0000091,$0.0000093,$0.0000090,$0.0000091,$112.4 m,12281235147634,$5.4 bn
11/28/2022,$0.0000093,$0.0000093,$0.0000088,$0.0000091,$145.5 m,16100275458027,$5.3 bn
11/27/2022,$0.0000090,$0.0000096,$0.0000090,$0.0000093,$170.1 m,18264459914400,$5.5 bn
11/26/2022,$0.0000092,$0.0000093,$0.0000089,$0.0000090,$109.3 m,11866322217364,$5.4 bn
11/25/2022,$0.0000090,$0.0000094,$0.0000089,$0.0000092,$142.3 m,15694020411723,$5.3 bn
11/24/2022,$0.0000091,$0.0000092,$0.0000089,$0.0000090,$95.9 m,10632215805532,$5.3 bn
11/23/2022,$0.0000088,$0.0000091,$0.0000088,$0.0000091,$128.2 m,14319070713172,$5.3 bn
11/22/2022,$0.0000084,$0.0000088,$0.0000082,$0.0000088,$137.8 m,16186156082770,$5 bn
11/21/2022,$0.0000088,$0.0000088,$0.0000083,$0.0000084,$152 m,17720514924740,$5.1 bn
11/20/2022,$0.0000092,$0.0000092,$0.0000087,$0.0000088,$111.5 m,12320343042584,$5.3 bn
11/19/2022,$0.0000091,$0.0000092,$0.0000090,$0.0000092,$64.9 m,7130684541743,$5.4 bn
11/18/2022,$0.0000091,$0.0000092,$0.0000090,$0.0000091,$77.4 m,8490127106562,$5.4 bn
11/17/2022,$0.0000092,$0.0000092,$0.0000090,$0.0000091,$93.3 m,10260799523874,$5.4 bn
11/16/2022,$0.0000093,$0.0000096,$0.0000090,$0.0000092,$175.1 m,18978695547190,$5.4 bn
11/15/2022,$0.0000091,$0.0000095,$0.0000090,$0.0000093,$149.9 m,16275365018549,$5.4 bn
11/14/2022,$0.0000090,$0.0000094,$0.0000086,$0.0000091,$275.9 m,30596956215201,$5.3 bn
11/13/2022,$0.0000096,$0.0000097,$0.0000089,$0.0000090,$203.5 m,21828495611259,$5.5 bn
11/12/2022,$0.0000099,$0.0000099,$0.0000093,$0.0000096,$234.7 m,24395197354099,$5.7 bn
11/11/2022,$0.0000102,$0.0000104,$0.0000095,$0.0000099,$306.4 m,30822642064220,$5.9 bn
11/10/2022,$0.0000087,$0.0000104,$0.0000087,$0.0000102,$555.2 m,56267109326288,$5.8 bn
11/09/2022,$0.0000102,$0.0000103,$0.0000084,$0.0000087,$568 m,58742847936986,$5.7 bn
11/08/2022,$0.0000118,$0.0000119,$0.0000094,$0.0000102,$548.5 m,50536766712447,$6.4 bn
11/07/2022,$0.0000118,$0.0000121,$0.0000116,$0.0000118,$260.7 m,21830177421497,$7 bn
11/06/2022,$0.0000125,$0.0000128,$0.0000118,$0.0000118,$317.4 m,25478843187333,$7.3 bn
11/05/2022,$0.0000125,$0.0000130,$0.0000123,$0.0000124,$466.3 m,36838274904242,$7.5 bn
11/04/2022,$0.0000117,$0.0000135,$0.0000116,$0.0000125,$568.4 m,46049047287861,$7.3 bn
11/03/2022,$0.0000118,$0.0000124,$0.0000117,$0.0000117,$333.2 m,27671074817925,$7.1 bn
11/02/2022,$0.0000128,$0.0000129,$0.0000116,$0.0000118,$569.4 m,46569943450679,$7.2 bn
11/01/2022,$0.0000124,$0.0000135,$0.0000123,$0.0000129,$832.5 m,65008385614949,$7.5 bn
10/31/2022,$0.0000119,$0.0000130,$0.0000118,$0.0000125,$750 m,61264675122942,$7.2 bn
10/30/2022,$0.0000129,$0.0000138,$0.0000118,$0.0000119,$951.6 m,75894574670101,$7.4 bn
10/29/2022,$0.0000117,$0.0000149,$0.0000116,$0.0000129,$1.8 bn,143691237446401,$7.4 bn
10/28/2022,$0.0000106,$0.0000121,$0.0000103,$0.0000117,$729.7 m,66328404299834,$6.5 bn
10/27/2022,$0.0000108,$0.0000118,$0.0000106,$0.0000106,$572.3 m,51897318177425,$6.5 bn
10/26/2022,$0.0000102,$0.0000108,$0.0000102,$0.0000108,$378.4 m,35974063908014,$6.2 bn
10/25/2022,$0.0000099,$0.0000104,$0.0000099,$0.0000102,$200.1 m,19896975706772,$5.9 bn
10/24/2022,$0.0000102,$0.0000102,$0.0000099,$0.0000099,$136.1 m,13630109104454,$5.9 bn
10/23/2022,$0.0000100,$0.0000102,$0.0000099,$0.0000101,$129.8 m,12975125894121,$5.9 bn
10/22/2022,$0.0000100,$0.0000101,$0.0000099,$0.0000100,$101.9 m,10197024743930,$5.9 bn
10/21/2022,$0.0000099,$0.0000100,$0.0000097,$0.0000100,$190.4 m,19255146029698,$5.8 bn
10/20/2022,$0.0000099,$0.0000101,$0.0000098,$0.0000099,$172.4 m,17284351049009,$5.9 bn
10/19/2022,$0.0000102,$0.0000102,$0.0000096,$0.0000099,$148 m,14670552141647,$5.9 bn
10/18/2022,$0.0000104,$0.0000105,$0.0000100,$0.0000102,$187.1 m,18235277395185,$6 bn
10/17/2022,$0.0000103,$0.0000104,$0.0000102,$0.0000104,$145.3 m,14083064976101,$6.1 bn
10/16/2022,$0.0000102,$0.0000103,$0.0000102,$0.0000103,$145.8 m,14195215549033,$6.1 bn
10/15/2022,$0.0000102,$0.0000104,$0.0000100,$0.0000102,$173 m,16972763864632,$6 bn
10/14/2022,$0.0000104,$0.0000107,$0.0000100,$0.0000102,$233.7 m,22577018174439,$6.1 bn
10/13/2022,$0.0000102,$0.0000107,$0.0000094,$0.0000104,$423 m,42227945385443,$5.9 bn
10/12/2022,$0.0000102,$0.0000104,$0.0000101,$0.0000102,$106.9 m,10436142967242,$6 bn
10/11/2022,$0.0000102,$0.0000104,$0.0000099,$0.0000102,$192.7 m,18805702773950,$6 bn
10/10/2022,$0.0000110,$0.0000111,$0.0000102,$0.0000102,$3.1 bn,281477020787575,$6.4 bn
10/09/2022,$0.0000110,$0.0000111,$0.0000110,$0.0000110,$3.2 bn,289893344973551,$6.5 bn
10/08/2022,$0.0000111,$0.0000111,$0.0000109,$0.0000110,$3.1 bn,284301693080626,$6.5 bn
10/07/2022,$0.0000112,$0.0000112,$0.0000110,$0.0000111,$3.7 bn,332145226958842,$6.6 bn
10/06/2022,$0.0000114,$0.0000116,$0.0000111,$0.0000112,$3.8 bn,331513935605263,$6.7 bn
10/05/2022,$0.0000116,$0.0000117,$0.0000112,$0.0000114,$3.9 bn,345225614662515,$6.7 bn
10/04/2022,$0.0000112,$0.0000117,$0.0000111,$0.0000116,$4.1 bn,361152906556861,$6.7 bn
10/03/2022,$0.0000109,$0.0000112,$0.0000109,$0.0000112,$3.8 bn,344326675178983,$6.5 bn
10/02/2022,$0.0000112,$0.0000112,$0.0000109,$0.0000109,$3.7 bn,332587150186997,$6.5 bn
10/01/2022,$0.0000113,$0.0000114,$0.0000111,$0.0000112,$3.8 bn,336999160445956,$6.6 bn
09/30/2022,$0.0000111,$0.0000114,$0.0000111,$0.0000113,$3.9 bn,349737607027672,$6.6 bn
09/29/2022,$0.0000111,$0.0000112,$0.0000109,$0.0000111,$3.8 bn,339817112531619,$6.5 bn
09/28/2022,$0.0000111,$0.0000115,$0.0000108,$0.0000111,$3.9 bn,354330037581135,$6.5 bn
09/27/2022,$0.0000111,$0.0000115,$0.0000109,$0.0000111,$4 bn,351664352386349,$6.6 bn
09/26/2022,$0.0000110,$0.0000112,$0.0000108,$0.0000111,$4 bn,359049126157225,$6.5 bn
09/25/2022,$0.0000113,$0.0000115,$0.0000109,$0.0000110,$3.9 bn,346520240161509,$6.7 bn
09/24/2022,$0.0000111,$0.0000121,$0.0000110,$0.0000113,$4.1 bn,361749277184404,$6.8 bn
09/23/2022,$0.0000109,$0.0000112,$0.0000105,$0.0000111,$4.1 bn,374077284890702,$6.4 bn
09/22/2022,$0.0000104,$0.0000109,$0.0000104,$0.0000109,$3.9 bn,367960868550834,$6.3 bn
09/21/2022,$0.0000105,$0.0000110,$0.0000102,$0.0000104,$3.9 bn,373165718666933,$6.2 bn
09/20/2022,$0.0000110,$0.0000110,$0.0000105,$0.0000105,$3.9 bn,361192969084477,$6.4 bn
09/19/2022,$0.0000106,$0.0000111,$0.0000106,$0.0000110,$4 bn,371301118689721,$6.4 bn
09/18/2022,$0.0000119,$0.0000120,$0.0000101,$0.0000106,$3.6 bn,309701659716615,$6.8 bn
09/17/2022,$0.0000116,$0.0000120,$0.0000116,$0.0000120,$3.3 bn,278369113078584,$6.9 bn
09/16/2022,$0.0000117,$0.0000118,$0.0000113,$0.0000116,$2.4 bn,210947631446941,$6.8 bn
09/15/2022,$0.0000122,$0.0000122,$0.0000117,$0.0000117,$3.8 bn,315351075109113,$7 bn
09/14/2022,$0.0000121,$0.0000124,$0.0000120,$0.0000122,$4.1 bn,334483234509782,$7.2 bn
09/13/2022,$0.0000129,$0.0000130,$0.0000120,$0.0000121,$4.1 bn,327737870966534,$7.4 bn
09/12/2022,$0.0000130,$0.0000132,$0.0000126,$0.0000129,$4.1 bn,315428158160800,$7.6 bn
09/11/2022,$0.0000133,$0.0000134,$0.0000127,$0.0000130,$4.1 bn,317193237192648,$7.7 bn
09/10/2022,$0.0000129,$0.0000135,$0.0000128,$0.0000133,$4.4 bn,337170812869207,$7.7 bn
09/09/2022,$0.0000122,$0.0000137,$0.0000122,$0.0000129,$4.5 bn,351871146915685,$7.5 bn
09/08/2022,$0.0000123,$0.0000124,$0.0000120,$0.0000122,$3.9 bn,316034405450248,$7.2 bn
09/07/2022,$0.0000120,$0.0000124,$0.0000118,$0.0000122,$4 bn,329179040709689,$7.1 bn
09/06/2022,$0.0000126,$0.0000129,$0.0000118,$0.0000120,$3.9 bn,316364777486091,$7.3 bn
09/05/2022,$0.0000128,$0.0000129,$0.0000123,$0.0000126,$4.2 bn,335387055636614,$7.4 bn
09/04/2022,$0.0000123,$0.0000133,$0.0000123,$0.0000128,$1.6 bn,128292725218695,$7.4 bn
09/03/2022,$0.0000122,$0.0000124,$0.0000121,$0.0000123,$4.1 bn,335044862493101,$7.2 bn
09/02/2022,$0.0000123,$0.0000125,$0.0000120,$0.0000122,$4.1 bn,332306056515582,$7.2 bn
09/01/2022,$0.0000121,$0.0000124,$0.0000119,$0.0000123,$4.9 bn,403086198304529,$6.7 bn
08/31/2022,$0.0000122,$0.0000125,$0.0000121,$0.0000121,$5.3 bn,432475164111838,$6.8 bn
08/30/2022,$0.0000125,$0.0000127,$0.0000119,$0.0000122,$4.3 bn,349229629638811,$6.8 bn
08/29/2022,$0.0000118,$0.0000125,$0.0000118,$0.0000125,$4.5 bn,372422405189277,$6.7 bn
08/28/2022,$0.0000122,$0.0000124,$0.0000117,$0.0000117,$3.9 bn,314446214595805,$6.7 bn
08/27/2022,$0.0000124,$0.0000126,$0.0000119,$0.0000122,$4.1 bn,330937544312229,$6.7 bn
08/26/2022,$0.0000139,$0.0000140,$0.0000123,$0.0000124,$4.1 bn,308274391391106,$7.4 bn
08/25/2022,$0.0000131,$0.0000147,$0.0000131,$0.0000139,$4.8 bn,349166645707646,$7.5 bn
08/24/2022,$0.0000133,$0.0000134,$0.0000130,$0.0000131,$3.3 bn,253743502801064,$7.2 bn
08/23/2022,$0.0000132,$0.0000133,$0.0000129,$0.0000133,$4.3 bn,327584211032800,$7.2 bn
08/22/2022,$0.0000135,$0.0000135,$0.0000128,$0.0000132,$4.5 bn,344238487123716,$7.2 bn
08/21/2022,$0.0000129,$0.0000137,$0.0000128,$0.0000135,$4.7 bn,354692937560590,$7.3 bn
08/20/2022,$0.0000132,$0.0000138,$0.0000126,$0.0000129,$4 bn,301321220503207,$7.3 bn
08/19/2022,$0.0000135,$0.0000139,$0.0000127,$0.0000132,$5.1 bn,387873887866394,$7.3 bn
08/18/2022,$0.0000148,$0.0000150,$0.0000135,$0.0000135,$4.9 bn,335289569162811,$8 bn
08/17/2022,$0.0000158,$0.0000164,$0.0000147,$0.0000147,$5.4 bn,346048958396818,$8.6 bn
08/16/2022,$0.0000153,$0.0000164,$0.0000153,$0.0000158,$5.9 bn,371451928315806,$8.7 bn
08/15/2022,$0.0000169,$0.0000174,$0.0000153,$0.0000153,$6.8 bn,423643445019868,$8.8 bn
08/14/2022,$0.0000126,$0.0000176,$0.0000126,$0.0000169,$8.7 bn,573900418849797,$8.3 bn
08/13/2022,$0.0000126,$0.0000128,$0.0000125,$0.0000126,$4.7 bn,370242178148333,$6.9 bn
08/12/2022,$0.0000123,$0.0000126,$0.0000122,$0.0000126,$5 bn,407164243537521,$6.8 bn
08/11/2022,$0.0000124,$0.0000127,$0.0000122,$0.0000123,$5 bn,404426308541731,$6.8 bn
08/10/2022,$0.0000120,$0.0000124,$0.0000118,$0.0000123,$5.1 bn,420223608246250,$6.7 bn
08/09/2022,$0.0000123,$0.0000128,$0.0000118,$0.0000121,$4.1 bn,334145056953253,$6.7 bn
08/08/2022,$0.0000120,$0.0000126,$0.0000120,$0.0000123,$529.2 m,42774925537725,$6.8 bn
08/07/2022,$0.0000120,$0.0000121,$0.0000119,$0.0000120,$238.3 m,19867070348945,$6.6 bn
08/06/2022,$0.0000121,$0.0000122,$0.0000120,$0.0000120,$266.3 m,21995765204022,$6.6 bn
08/05/2022,$0.0000118,$0.0000122,$0.0000118,$0.0000121,$314.3 m,26152456148511,$6.6 bn
08/04/2022,$0.0000118,$0.0000120,$0.0000117,$0.0000118,$299 m,25252741756064,$6.5 bn
08/03/2022,$0.0000118,$0.0000121,$0.0000116,$0.0000118,$329.5 m,27657196410429,$6.5 bn
08/02/2022,$0.0000120,$0.0000121,$0.0000115,$0.0000118,$384.9 m,32658748209948,$6.5 bn
08/01/2022,$0.0000117,$0.0000126,$0.0000117,$0.0000120,$544.8 m,45281613495135,$6.6 bn
07/31/2022,$0.0000119,$0.0000122,$0.0000117,$0.0000117,$387.7 m,32340499719701,$6.6 bn
07/30/2022,$0.0000118,$0.0000125,$0.0000116,$0.0000119,$602.8 m,49952036012651,$6.6 bn
07/29/2022,$0.0000119,$0.0000123,$0.0000115,$0.0000118,$463.1 m,39052963978677,$6.5 bn
07/28/2022,$0.0000115,$0.0000121,$0.0000112,$0.0000118,$570.7 m,49445620513057,$6.3 bn
07/27/2022,$0.0000108,$0.0000115,$0.0000106,$0.0000115,$408.4 m,37588797986633,$6 bn
07/26/2022,$0.0000107,$0.0000108,$0.0000103,$0.0000108,$324.1 m,30926339349533,$5.8 bn
07/25/2022,$0.0000116,$0.0000116,$0.0000108,$0.0000108,$315.5 m,28052198614609,$6.2 bn
07/24/2022,$0.0000116,$0.0000118,$0.0000116,$0.0000116,$258.4 m,22079554976154,$6.4 bn
07/23/2022,$0.0000117,$0.0000120,$0.0000113,$0.0000116,$302.2 m,25887851104945,$6.4 bn
07/22/2022,$0.0000120,$0.0000124,$0.0000116,$0.0000117,$376.1 m,31219251071116,$6.6 bn
07/21/2022,$0.0000119,$0.0000121,$0.0000115,$0.0000120,$456 m,38472994770001,$6.5 bn
07/20/2022,$0.0000121,$0.0000130,$0.0000117,$0.0000119,$803.7 m,64465189024850,$6.8 bn
07/19/2022,$0.0000119,$0.0000124,$0.0000115,$0.0000122,$738.1 m,61926637127639,$6.5 bn
07/18/2022,$0.0000107,$0.0000125,$0.0000107,$0.0000120,$722.8 m,63431183328445,$6.3 bn
07/17/2022,$0.0000110,$0.0000111,$0.0000107,$0.0000107,$268.4 m,24559820765065,$6 bn
07/16/2022,$0.0000108,$0.0000111,$0.0000105,$0.0000110,$286.9 m,26593601015551,$5.9 bn
07/15/2022,$0.0000106,$0.0000111,$0.0000105,$0.0000108,$310.3 m,28711854606019,$5.9 bn
07/14/2022,$0.0000105,$0.0000107,$0.0000102,$0.0000106,$337.3 m,32374534572808,$5.7 bn
07/13/2022,$0.0000099,$0.0000105,$0.0000099,$0.0000105,$394.5 m,38715127814737,$5.6 bn
07/12/2022,$0.0000103,$0.0000105,$0.0000099,$0.0000099,$293.5 m,28478763149290,$5.7 bn
07/11/2022,$0.0000112,$0.0000112,$0.0000102,$0.0000103,$323.8 m,29775289971286,$6 bn
07/10/2022,$0.0000116,$0.0000116,$0.0000110,$0.0000112,$347.7 m,30888024547685,$6.2 bn
07/09/2022,$0.0000112,$0.0000118,$0.0000111,$0.0000116,$415.1 m,36319782039747,$6.3 bn
07/08/2022,$0.0000113,$0.0000115,$0.0000107,$0.0000112,$569 m,50891075500475,$6.1 bn
07/07/2022,$0.0000105,$0.0000114,$0.0000104,$0.0000113,$443.7 m,41517238071762,$5.9 bn
07/06/2022,$0.0000103,$0.0000105,$0.0000102,$0.0000105,$328.8 m,31659129840326,$5.7 bn
07/05/2022,$0.0000105,$0.0000109,$0.0000101,$0.0000103,$449.7 m,43143989631798,$5.7 bn
07/04/2022,$0.0000100,$0.0000105,$0.0000100,$0.0000105,$325.3 m,31946608750534,$5.6 bn
07/03/2022,$0.0000101,$0.0000101,$0.0000098,$0.0000100,$223.7 m,22388646563876,$5.5 bn
07/02/2022,$0.0000100,$0.0000102,$0.0000099,$0.0000101,$227.4 m,22621037123116,$5.5 bn
07/01/2022,$0.0000103,$0.0000105,$0.0000100,$0.0000100,$429.7 m,42473391782380,$5.6 bn
06/30/2022,$0.0000102,$0.0000104,$0.0000097,$0.0000103,$578 m,57469754045455,$5.5 bn
06/29/2022,$0.0000100,$0.0000106,$0.0000096,$0.0000102,$561.2 m,56040969411707,$5.5 bn
06/28/2022,$0.0000111,$0.0000112,$0.0000099,$0.0000100,$448.9 m,42026886675836,$5.9 bn
06/27/2022,$0.0000110,$0.0000117,$0.0000109,$0.0000111,$514 m,45641336275693,$6.2 bn
06/26/2022,$0.0000118,$0.0000120,$0.0000110,$0.0000110,$591.1 m,50689766922939,$6.4 bn
06/25/2022,$0.0000108,$0.0000119,$0.0000108,$0.0000118,$856.1 m,75131206084370,$6.3 bn
06/24/2022,$0.0000103,$0.0000111,$0.0000101,$0.0000109,$770 m,72627305517520,$5.8 bn
06/23/2022,$0.0000097,$0.0000104,$0.0000097,$0.0000103,$654.4 m,64809895444583,$5.5 bn
06/22/2022,$0.0000106,$0.0000107,$0.0000093,$0.0000097,$1.1 bn,111719204257527,$5.4 bn
06/21/2022,$0.0000081,$0.0000118,$0.0000080,$0.0000106,$1.5 bn,160297008386615,$5.2 bn
06/20/2022,$0.0000082,$0.0000083,$0.0000079,$0.0000081,$263.3 m,32553414935549,$4.4 bn
06/19/2022,$0.0000077,$0.0000083,$0.0000074,$0.0000082,$322.9 m,41173126712363,$4.3 bn
06/18/2022,$0.0000082,$0.0000082,$0.0000072,$0.0000077,$331.5 m,42234777281834,$4.3 bn
06/17/2022,$0.0000080,$0.0000083,$0.0000079,$0.0000082,$229.8 m,28180221900354,$4.5 bn
06/16/2022,$0.0000088,$0.0000089,$0.0000079,$0.0000079,$336.2 m,40512522176906,$4.6 bn
06/15/2022,$0.0000082,$0.0000088,$0.0000076,$0.0000088,$524.9 m,65096686068893,$4.4 bn
06/14/2022,$0.0000080,$0.0000085,$0.0000075,$0.0000082,$457.3 m,56429762111703,$4.4 bn
06/13/2022,$0.0000086,$0.0000087,$0.0000075,$0.0000080,$629.7 m,78137270034502,$4.4 bn
06/12/2022,$0.0000093,$0.0000094,$0.0000084,$0.0000086,$442.1 m,49646349830853,$4.9 bn
06/11/2022,$0.0000101,$0.0000103,$0.0000092,$0.0000093,$339.9 m,34666709707361,$5.4 bn
06/10/2022,$0.0000106,$0.0000106,$0.0000100,$0.0000101,$247.9 m,23887746950576,$5.7 bn
06/09/2022,$0.0000106,$0.0000107,$0.0000105,$0.0000106,$198.8 m,18727387395527,$5.8 bn
06/08/2022,$0.0000107,$0.0000109,$0.0000106,$0.0000106,$234.8 m,21967075089094,$5.9 bn
06/07/2022,$0.0000110,$0.0000111,$0.0000103,$0.0000107,$335 m,31383277985517,$5.9 bn
06/06/2022,$0.0000108,$0.0000113,$0.0000108,$0.0000111,$314.6 m,28430974683593,$6.1 bn
06/05/2022,$0.0000109,$0.0000109,$0.0000107,$0.0000108,$190 m,17573509850598,$5.9 bn
06/04/2022,$0.0000108,$0.0000109,$0.0000106,$0.0000109,$184.3 m,17074574757952,$5.9 bn
06/03/2022,$0.0000112,$0.0000112,$0.0000106,$0.0000108,$265.6 m,24419338360020,$6 bn
06/02/2022,$0.0000109,$0.0000113,$0.0000107,$0.0000112,$303.1 m,27549375120726,$6 bn
06/01/2022,$0.0000117,$0.0000119,$0.0000107,$0.0000109,$410.6 m,35874846501451,$6.3 bn
05/31/2022,$0.0000122,$0.0000122,$0.0000116,$0.0000117,$471.5 m,39731961414161,$6.5 bn
05/30/2022,$0.0000115,$0.0000124,$0.0000113,$0.0000122,$615 m,51912227139147,$6.5 bn
05/29/2022,$0.0000108,$0.0000117,$0.0000106,$0.0000115,$407.3 m,36947406774416,$6.1 bn
05/28/2022,$0.0000105,$0.0000108,$0.0000104,$0.0000108,$229.2 m,21468901962507,$5.9 bn
05/27/2022,$0.0000106,$0.0000108,$0.0000102,$0.0000104,$382.9 m,36550490346874,$5.8 bn
05/26/2022,$0.0000116,$0.0000117,$0.0000105,$0.0000106,$448.7 m,40328151355630,$6.1 bn
05/25/2022,$0.0000117,$0.0000119,$0.0000115,$0.0000116,$263.7 m,22614842922804,$6.4 bn
05/24/2022,$0.0000117,$0.0000119,$0.0000113,$0.0000117,$351.5 m,29989788216509,$6.4 bn
05/23/2022,$0.0000119,$0.0000128,$0.0000116,$0.0000117,$624.4 m,51465103743932,$6.7 bn
05/22/2022,$0.0000118,$0.0000120,$0.0000117,$0.0000119,$337.6 m,28530895736061,$6.5 bn
05/21/2022,$0.0000116,$0.0000120,$0.0000114,$0.0000117,$244.5 m,21002051143277,$6.4 bn
05/20/2022,$0.0000118,$0.0000120,$0.0000114,$0.0000116,$303.9 m,25905391409029,$6.4 bn
05/19/2022,$0.0000115,$0.0000121,$0.0000113,$0.0000118,$395.2 m,33850205670470,$6.4 bn
05/18/2022,$0.0000125,$0.0000126,$0.0000115,$0.0000115,$389.9 m,32153002943923,$6.7 bn
05/17/2022,$0.0000120,$0.0000127,$0.0000120,$0.0000126,$470.5 m,37824961588421,$6.8 bn
05/16/2022,$0.0000130,$0.0000130,$0.0000118,$0.0000120,$571.6 m,46824793552154,$6.7 bn
05/15/2022,$0.0000125,$0.0000130,$0.0000120,$0.0000130,$486.2 m,39227044100943,$6.8 bn
05/14/2022,$0.0000128,$0.0000136,$0.0000115,$0.0000126,$830.9 m,67627388629982,$6.7 bn
05/13/2022,$0.0000109,$0.0000142,$0.0000106,$0.0000128,$1.2 bn,93573264021457,$7.2 bn
05/12/2022,$0.0000121,$0.0000129,$0.0000092,$0.0000109,$1.2 bn,109590538385206,$6 bn
05/11/2022,$0.0000163,$0.0000167,$0.0000112,$0.0000120,$1.3 bn,94603769861668,$7.8 bn
05/10/2022,$0.0000141,$0.0000179,$0.0000137,$0.0000162,$1.6 bn,98455936739485,$8.9 bn
05/09/2022,$0.0000184,$0.0000187,$0.0000143,$0.0000143,$1.2 bn,70870774869975,$9.2 bn
05/08/2022,$0.0000193,$0.0000193,$0.0000183,$0.0000184,$485.2 m,25832377005798,$10.3 bn
05/07/2022,$0.0000200,$0.0000200,$0.0000188,$0.0000193,$389.1 m,19644502446956,$10.9 bn
05/06/2022,$0.0000203,$0.0000203,$0.0000196,$0.0000200,$524.1 m,26150362938393,$11 bn
05/05/2022,$0.0000218,$0.0000219,$0.0000198,$0.0000203,$607.6 m,28963765323370,$11.5 bn
05/04/2022,$0.0000203,$0.0000218,$0.0000203,$0.0000218,$552.6 m,26458718720668,$11.5 bn
05/03/2022,$0.0000207,$0.0000210,$0.0000200,$0.0000203,$376.3 m,18223212020207,$11.3 bn
05/02/2022,$0.0000215,$0.0000217,$0.0000202,$0.0000207,$472.3 m,22529673471099,$11.5 bn
05/01/2022,$0.0000214,$0.0000220,$0.0000199,$0.0000215,$662.9 m,31589533174230,$11.5 bn
04/30/2022,$0.0000222,$0.0000224,$0.0000212,$0.0000214,$393.1 m,17851907343189,$12.1 bn
04/29/2022,$0.0000229,$0.0000231,$0.0000217,$0.0000222,$525.9 m,23284826049261,$12.4 bn
04/28/2022,$0.0000234,$0.0000235,$0.0000228,$0.0000229,$359.3 m,15506987065482,$12.7 bn
04/27/2022,$0.0000230,$0.0000239,$0.0000229,$0.0000234,$506 m,21726544533760,$12.8 bn
04/26/2022,$0.0000243,$0.0000246,$0.0000228,$0.0000230,$548.7 m,23000531668251,$13.1 bn
04/25/2022,$0.0000240,$0.0000252,$0.0000224,$0.0000244,$964.4 m,40808073703091,$13 bn
04/24/2022,$0.0000241,$0.0000243,$0.0000236,$0.0000239,$242.5 m,10075364222961,$13.2 bn
04/23/2022,$0.0000243,$0.0000245,$0.0000239,$0.0000241,$236.4 m,9748379925090,$13.3 bn
04/22/2022,$0.0000243,$0.0000246,$0.0000240,$0.0000243,$323.8 m,13303500494561,$13.4 bn
04/21/2022,$0.0000248,$0.0000254,$0.0000240,$0.0000244,$384.9 m,15469900636281,$13.7 bn
04/20/2022,$0.0000254,$0.0000258,$0.0000247,$0.0000248,$463.9 m,18407803078710,$13.8 bn
04/19/2022,$0.0000252,$0.0000254,$0.0000249,$0.0000254,$380.5 m,15131461425684,$13.8 bn
04/18/2022,$0.0000247,$0.0000253,$0.0000238,$0.0000252,$540.1 m,21961059554914,$13.5 bn
04/17/2022,$0.0000256,$0.0000260,$0.0000246,$0.0000247,$303.2 m,11787613370621,$14.1 bn
04/16/2022,$0.0000259,$0.0000261,$0.0000254,$0.0000256,$241.3 m,9372528022847,$14.1 bn
04/15/2022,$0.0000258,$0.0000262,$0.0000255,$0.0000259,$322.9 m,12475185981688,$14.2 bn
04/14/2022,$0.0000268,$0.0000273,$0.0000254,$0.0000258,$803.2 m,30657500691049,$14.4 bn
04/13/2022,$0.0000269,$0.0000278,$0.0000257,$0.0000268,$1.4 bn,54327106059214,$14.6 bn
04/12/2022,$0.0000222,$0.0000297,$0.0000220,$0.0000270,$2.7 bn,111158637706353,$13.5 bn
04/11/2022,$0.0000245,$0.0000246,$0.0000220,$0.0000221,$516.2 m,21898328745536,$12.9 bn
04/10/2022,$0.0000246,$0.0000252,$0.0000244,$0.0000246,$478.5 m,19292905304323,$13.6 bn
04/09/2022,$0.0000238,$0.0000246,$0.0000237,$0.0000246,$324.9 m,13522932069545,$13.2 bn
04/08/2022,$0.0000248,$0.0000251,$0.0000236,$0.0000238,$443.1 m,17976241750431,$13.5 bn
04/07/2022,$0.0000244,$0.0000252,$0.0000240,$0.0000248,$484.2 m,19617041562416,$13.6 bn
04/06/2022,$0.0000267,$0.0000268,$0.0000243,$0.0000243,$934.8 m,36739181407947,$14 bn
04/05/2022,$0.0000264,$0.0000283,$0.0000263,$0.0000267,$1.1 bn,40095686353649,$14.7 bn
04/04/2022,$0.0000268,$0.0000273,$0.0000257,$0.0000265,$789.6 m,29771289385459,$14.6 bn
04/03/2022,$0.0000258,$0.0000273,$0.0000256,$0.0000268,$643.6 m,24330718585669,$14.5 bn
04/02/2022,$0.0000261,$0.0000274,$0.0000258,$0.0000258,$843.2 m,31691480250911,$14.6 bn
04/01/2022,$0.0000258,$0.0000264,$0.0000249,$0.0000261,$823 m,31969819183440,$14.1 bn
03/31/2022,$0.0000274,$0.0000280,$0.0000256,$0.0000258,$985.3 m,36448212968497,$14.8 bn
03/30/2022,$0.0000273,$0.0000284,$0.0000264,$0.0000274,$1.1 bn,41803259018884,$15 bn
03/29/2022,$0.0000266,$0.0000283,$0.0000265,$0.0000274,$1.5 bn,53657203438817,$15 bn
03/28/2022,$0.0000255,$0.0000293,$0.0000253,$0.0000265,$2.5 bn,92732645812419,$14.9 bn
03/27/2022,$0.0000244,$0.0000255,$0.0000242,$0.0000255,$545.1 m,22081867643235,$13.6 bn
03/26/2022,$0.0000241,$0.0000247,$0.0000240,$0.0000244,$309.3 m,12704874359453,$13.4 bn
03/25/2022,$0.0000247,$0.0000253,$0.0000239,$0.0000241,$617.3 m,25125508248145,$13.5 bn
03/24/2022,$0.0000245,$0.0000252,$0.0000242,$0.0000247,$728.9 m,29565393238145,$13.5 bn
03/23/2022,$0.0000234,$0.0000249,$0.0000231,$0.0000245,$692.9 m,29219139493692,$13 bn
03/22/2022,$0.0000229,$0.0000239,$0.0000229,$0.0000234,$531.7 m,22587032132456,$12.9 bn
03/21/2022,$0.0000231,$0.0000234,$0.0000224,$0.0000229,$405.9 m,17689336707531,$12.6 bn
03/20/2022,$0.0000242,$0.0000242,$0.0000226,$0.0000231,$635.8 m,26857252341970,$13 bn
03/19/2022,$0.0000223,$0.0000253,$0.0000222,$0.0000242,$990 m,42417565132186,$12.8 bn
03/18/2022,$0.0000222,$0.0000226,$0.0000217,$0.0000223,$363.7 m,16511236618262,$12.1 bn
03/17/2022,$0.0000227,$0.0000227,$0.0000221,$0.0000222,$315.2 m,14047266662584,$12.3 bn
03/16/2022,$0.0000216,$0.0000227,$0.0000215,$0.0000227,$475.2 m,21595923023757,$12.1 bn
03/15/2022,$0.0000220,$0.0000221,$0.0000213,$0.0000216,$400.3 m,18491689007901,$11.9 bn
03/14/2022,$0.0000215,$0.0000223,$0.0000213,$0.0000220,$350.7 m,16104298835098,$12 bn
03/13/2022,$0.0000221,$0.0000231,$0.0000213,$0.0000215,$351.9 m,15783960098287,$12.2 bn
03/12/2022,$0.0000221,$0.0000227,$0.0000221,$0.0000221,$229.8 m,10288179405831,$12.3 bn
03/11/2022,$0.0000226,$0.0000230,$0.0000220,$0.0000221,$400.1 m,17888687063398,$12.3 bn
03/10/2022,$0.0000238,$0.0000239,$0.0000224,$0.0000226,$446 m,19504079885977,$12.6 bn
03/09/2022,$0.0000229,$0.0000245,$0.0000229,$0.0000238,$517.5 m,21649808156950,$13.1 bn
03/08/2022,$0.0000228,$0.0000234,$0.0000227,$0.0000229,$387.8 m,16804520545904,$12.7 bn
03/07/2022,$0.0000236,$0.0000238,$0.0000223,$0.0000228,$487.5 m,21048012476069,$12.7 bn
03/06/2022,$0.0000246,$0.0000247,$0.0000235,$0.0000235,$355.5 m,14708599717069,$13.3 bn
03/05/2022,$0.0000236,$0.0000249,$0.0000233,$0.0000246,$392.9 m,16264497225514,$13.3 bn
03/04/2022,$0.0000246,$0.0000252,$0.0000232,$0.0000235,$531.2 m,21713553395366,$13.4 bn
03/03/2022,$0.0000259,$0.0000261,$0.0000246,$0.0000250,$624.1 m,24504092893711,$14 bn
03/02/2022,$0.0000270,$0.0000271,$0.0000256,$0.0000259,$849.9 m,32191623973722,$14.5 bn
03/01/2022,$0.0000258,$0.0000282,$0.0000254,$0.0000271,$1.2 bn,45869023560963,$14.5 bn
02/28/2022,$0.0000234,$0.0000258,$0.0000229,$0.0000257,$950.6 m,39284206155896,$13.3 bn
02/27/2022,$0.0000244,$0.0000250,$0.0000232,$0.0000234,$759.8 m,31507656334244,$13.2 bn
02/26/2022,$0.0000249,$0.0000256,$0.0000243,$0.0000244,$687.4 m,27719385374513,$13.6 bn
02/25/2022,$0.0000239,$0.0000250,$0.0000231,$0.0000248,$996 m,41227252522008,$13.3 bn
02/24/2022,$0.0000249,$0.0000251,$0.0000209,$0.0000239,$1.7 bn,74504818849704,$12.7 bn
02/23/2022,$0.0000249,$0.0000273,$0.0000247,$0.0000250,$893.5 m,34692789212484,$14.1 bn
02/22/2022,$0.0000241,$0.0000251,$0.0000232,$0.0000250,$841.1 m,34638932242321,$13.3 bn
02/21/2022,$0.0000255,$0.0000274,$0.0000241,$0.0000241,$1 bn,39479434540350,$14.4 bn
02/20/2022,$0.0000275,$0.0000275,$0.0000250,$0.0000255,$666 m,25886149069092,$14.1 bn
02/19/2022,$0.0000282,$0.0000287,$0.0000272,$0.0000275,$491.7 m,17611567871332,$15.3 bn
02/18/2022,$0.0000282,$0.0000299,$0.0000279,$0.0000282,$797.1 m,27654705813844,$15.8 bn
02/17/2022,$0.0000310,$0.0000323,$0.0000279,$0.0000281,$1.1 bn,35231797872939,$16.7 bn
02/16/2022,$0.0000312,$0.0000314,$0.0000301,$0.0000309,$764.2 m,24912762671095,$16.8 bn
02/15/2022,$0.0000296,$0.0000317,$0.0000296,$0.0000312,$877.5 m,28482048683174,$16.9 bn
02/14/2022,$0.0000302,$0.0000307,$0.0000288,$0.0000296,$856.5 m,28862741127302,$16.3 bn
02/13/2022,$0.0000291,$0.0000319,$0.0000285,$0.0000303,$1.1 bn,37940772790852,$16.4 bn
02/12/2022,$0.0000287,$0.0000298,$0.0000277,$0.0000291,$932.2 m,32389410396165,$15.8 bn
02/11/2022,$0.0000308,$0.0000322,$0.0000281,$0.0000286,$1 bn,33949543865938,$16.8 bn
02/10/2022,$0.0000328,$0.0000335,$0.0000307,$0.0000308,$1.4 bn,42332127953983,$17.7 bn
02/09/2022,$0.0000310,$0.0000337,$0.0000305,$0.0000328,$1.7 bn,53307609571934,$17.7 bn
02/08/2022,$0.0000325,$0.0000348,$0.0000295,$0.0000310,$2.6 bn,80896523975504,$17.7 bn
02/07/2022,$0.0000272,$0.0000348,$0.0000272,$0.0000325,$3.4 bn,115890523486075,$16.3 bn
02/06/2022,$0.0000225,$0.0000282,$0.0000224,$0.0000272,$1.4 bn,57650814360254,$12.9 bn
02/05/2022,$0.0000221,$0.0000238,$0.0000221,$0.0000225,$564.4 m,24596575356507,$12.6 bn
02/04/2022,$0.0000207,$0.0000222,$0.0000206,$0.0000222,$425.8 m,20042229199173,$11.7 bn
02/03/2022,$0.0000206,$0.0000208,$0.0000202,$0.0000206,$280.1 m,13622158034880,$11.3 bn
02/02/2022,$0.0000217,$0.0000219,$0.0000205,$0.0000206,$315.5 m,14804077637045,$11.7 bn
02/01/2022,$0.0000214,$0.0000220,$0.0000212,$0.0000217,$315.2 m,14567661940750,$11.9 bn
01/31/2022,$0.0000211,$0.0000215,$0.0000203,$0.0000214,$339.3 m,16207302460711,$11.5 bn
01/30/2022,$0.0000216,$0.0000221,$0.0000210,$0.0000211,$325 m,15032159936854,$11.9 bn
01/29/2022,$0.0000212,$0.0000222,$0.0000212,$0.0000216,$363.6 m,16890209541852,$11.8 bn
01/28/2022,$0.0000212,$0.0000214,$0.0000204,$0.0000213,$356.9 m,17035373883485,$11.5 bn
01/27/2022,$0.0000211,$0.0000214,$0.0000201,$0.0000213,$574.9 m,27604368535847,$11.4 bn
01/26/2022,$0.0000210,$0.0000232,$0.0000207,$0.0000212,$735.6 m,33996488059641,$11.9 bn
01/25/2022,$0.0000211,$0.0000216,$0.0000203,$0.0000211,$689.4 m,32948175039102,$11.5 bn
01/24/2022,$0.0000224,$0.0000230,$0.0000188,$0.0000212,$1.3 bn,63660775689037,$11.4 bn
01/23/2022,$0.0000206,$0.0000235,$0.0000206,$0.0000225,$1.4 bn,62170622892006,$12.2 bn
01/22/2022,$0.0000223,$0.0000225,$0.0000174,$0.0000205,$1.6 bn,80036389686609,$11.1 bn
01/21/2022,$0.0000264,$0.0000268,$0.0000219,$0.0000222,$942.5 m,37504368204293,$13.8 bn
01/20/2022,$0.0000273,$0.0000287,$0.0000264,$0.0000264,$422.7 m,15199612715067,$15.3 bn
01/19/2022,$0.0000281,$0.0000283,$0.0000272,$0.0000273,$411.6 m,14831463341211,$15.2 bn
01/18/2022,$0.0000288,$0.0000294,$0.0000275,$0.0000281,$531 m,18733553961435,$15.6 bn
01/17/2022,$0.0000305,$0.0000305,$0.0000284,$0.0000288,$485.2 m,16563320277668,$16.1 bn
01/16/2022,$0.0000308,$0.0000309,$0.0000302,$0.0000305,$406.9 m,13325916134049,$16.8 bn
01/15/2022,$0.0000309,$0.0000315,$0.0000306,$0.0000309,$465.9 m,15017086230629,$17 bn
01/14/2022,$0.0000297,$0.0000324,$0.0000294,$0.0000308,$1 bn,32840517095164,$17 bn
01/13/2022,$0.0000316,$0.0000325,$0.0000293,$0.0000297,$945.2 m,30259647374439,$17.2 bn
01/12/2022,$0.0000276,$0.0000323,$0.0000276,$0.0000317,$1 bn,33876339109165,$16.3 bn
01/11/2022,$0.0000267,$0.0000282,$0.0000264,$0.0000276,$576.2 m,21153914955248,$15 bn
01/10/2022,$0.0000283,$0.0000287,$0.0000257,$0.0000267,$687.4 m,24902448666797,$15.2 bn
01/09/2022,$0.0000278,$0.0000291,$0.0000276,$0.0000283,$474.6 m,16725916551350,$15.6 bn
01/08/2022,$0.0000290,$0.0000299,$0.0000267,$0.0000278,$710.8 m,24588794033567,$15.9 bn
01/07/2022,$0.0000308,$0.0000308,$0.0000287,$0.0000290,$778.4 m,26399033334253,$16.2 bn
01/06/2022,$0.0000303,$0.0000316,$0.0000293,$0.0000308,$751.7 m,24948723449644,$16.5 bn
01/05/2022,$0.0000324,$0.0000329,$0.0000291,$0.0000305,$759.5 m,23609840060296,$17.7 bn
01/04/2022,$0.0000331,$0.0000335,$0.0000324,$0.0000324,$473.8 m,14407961646138,$18.1 bn
01/03/2022,$0.0000340,$0.0000341,$0.0000322,$0.0000331,$470.3 m,13995348636043,$18.5 bn
01/02/2022,$0.0000341,$0.0000344,$0.0000335,$0.0000340,$383.7 m,11313646903416,$18.6 bn
01/01/2022,$0.0000335,$0.0000341,$0.0000334,$0.0000341,$392.9 m,11624209387348,$18.6 bn
12/31/2021,$0.0000338,$0.0000345,$0.0000328,$0.0000334,$612 m,18024124852043,$18.6 bn
12/30/2021,$0.0000337,$0.0000343,$0.0000331,$0.0000338,$643.4 m,19035299487279,$18.6 bn
12/29/2021,$0.0000349,$0.0000362,$0.0000333,$0.0000336,$800.1 m,22919148549551,$19.2 bn
12/28/2021,$0.0000390,$0.0000390,$0.0000343,$0.0000350,$1.2 bn,32688904350062,$19.9 bn
12/27/2021,$0.0000383,$0.0000394,$0.0000378,$0.0000391,$821 m,21335142741269,$21.1 bn
12/26/2021,$0.0000377,$0.0000387,$0.0000367,$0.0000383,$799.3 m,21198041228182,$20.7 bn
12/25/2021,$0.0000361,$0.0000381,$0.0000360,$0.0000378,$752.2 m,20240506779834,$20.4 bn
12/24/2021,$0.0000386,$0.0000397,$0.0000359,$0.0000362,$1.4 bn,37429487240624,$20.9 bn
12/23/2021,$0.0000351,$0.0000389,$0.0000346,$0.0000387,$1.4 bn,39286437753307,$19.8 bn
12/22/2021,$0.0000329,$0.0000374,$0.0000326,$0.0000350,$1.6 bn,44770882289169,$19.1 bn
12/21/2021,$0.0000312,$0.0000333,$0.0000311,$0.0000329,$867.7 m,26862190366427,$17.7 bn
12/20/2021,$0.0000308,$0.0000333,$0.0000284,$0.0000312,$1.1 bn,38164141792405,$16.5 bn
12/19/2021,$0.0000314,$0.0000318,$0.0000307,$0.0000308,$351.1 m,11189663416588,$17.2 bn
12/18/2021,$0.0000312,$0.0000321,$0.0000309,$0.0000314,$426.9 m,13544254305855,$17.3 bn
12/17/2021,$0.0000328,$0.0000331,$0.0000304,$0.0000312,$733.6 m,22916960908073,$17.6 bn
12/16/2021,$0.0000338,$0.0000345,$0.0000328,$0.0000328,$610 m,18084776851556,$18.5 bn
12/15/2021,$0.0000340,$0.0000343,$0.0000322,$0.0000338,$759 m,22635280944389,$18.4 bn
12/14/2021,$0.0000333,$0.0000353,$0.0000325,$0.0000339,$951.8 m,28475905930290,$18.4 bn
12/13/2021,$0.0000366,$0.0000367,$0.0000319,$0.0000333,$42 m,1221855394970,$18.9 bn
12/12/2021,$0.0000345,$0.0000375,$0.0000338,$0.0000366,$36.9 m,1052033718198,$19.2 bn
12/11/2021,$0.0000336,$0.0000349,$0.0000331,$0.0000345,$33.4 m,983053103072,$18.7 bn
12/10/2021,$0.0000346,$0.0000360,$0.0000335,$0.0000335,$39.7 m,1140021435566,$19.1 bn
12/09/2021,$0.0000368,$0.0000371,$0.0000343,$0.0000347,$38.6 m,1067180052873,$19.8 bn
12/08/2021,$0.0000362,$0.0000375,$0.0000357,$0.0000368,$34.9 m,949628665925,$20.2 bn
12/07/2021,$0.0000369,$0.0000385,$0.0000359,$0.0000362,$36.7 m,982212552734,$20.5 bn
12/06/2021,$0.0000361,$0.0000371,$0.0000329,$0.0000369,$56.8 m,1625202587480,$19.2 bn
12/05/2021,$0.0000364,$0.0000378,$0.0000346,$0.0000362,$37.8 m,1041316315818,$19.9 bn
12/04/2021,$0.0000403,$0.0000403,$0.0000318,$0.0000364,$58.4 m,1579584279421,$20.3 bn
12/03/2021,$0.0000422,$0.0000446,$0.0000397,$0.0000404,$46.3 m,1111794766576,$22.9 bn
12/02/2021,$0.0000441,$0.0000441,$0.0000412,$0.0000421,$40.4 m,949584273804,$23.4 bn
12/01/2021,$0.0000474,$0.0000486,$0.0000437,$0.0000439,$40.1 m,875364658019,$25.2 bn
11/30/2021,$0.0000449,$0.0000539,$0.0000435,$0.0000475,$60.8 m,1255383197772,$19.1 bn
11/29/2021,$0.0000391,$0.0000449,$0.0000385,$0.0000449,$54.1 m,1347094423619,$15.8 bn
11/28/2021,$0.0000389,$0.0000392,$0.0000368,$0.0000390,$41.7 m,1098312798749,$15 bn
11/27/2021,$0.0000386,$0.0000412,$0.0000383,$0.0000388,$30.5 m,777003429068,$15.5 bn
11/26/2021,$0.0000425,$0.0000425,$0.0000362,$0.0000383,$44.4 m,1128225198206,$15.5 bn
11/25/2021,$0.0000378,$0.0000473,$0.0000378,$0.0000424,$54.4 m,1324365249333,$16.2 bn
11/24/2021,$0.0000417,$0.0000425,$0.0000359,$0.0000377,$36 m,918966668832,$15.5 bn
11/23/2021,$0.0000430,$0.0000441,$0.0000412,$0.0000416,$41.2 m,968986480641,$16.8 bn
11/22/2021,$0.0000437,$0.0000458,$0.0000427,$0.0000430,$48.1 m,1093992047299,$17.3 bn
11/21/2021,$0.0000475,$0.0000475,$0.0000438,$0.0000438,$34.7 m,763136574563,$17.9 bn
11/20/2021,$0.0000486,$0.0000497,$0.0000460,$0.0000475,$34.6 m,722394571896,$18.9 bn
11/19/2021,$0.0000423,$0.0000517,$0.0000419,$0.0000486,$54.3 m,1185743029080,$18.1 bn
11/18/2021,$0.0000481,$0.0000489,$0.0000412,$0.0000420,$57.2 m,1255712882059,$18 bn
11/17/2021,$0.0000483,$0.0000497,$0.0000469,$0.0000481,$38.4 m,796547526295,$19 bn
11/16/2021,$0.0000533,$0.0000533,$0.0000461,$0.0000484,$52.5 m,1051746842391,$19.7 bn
11/15/2021,$0.0000531,$0.0000556,$0.0000523,$0.0000536,$57.7 m,1080906003143,$21.1 bn
11/14/2021,$0.0000514,$0.0000553,$0.0000511,$0.0000531,$53.7 m,1018527165388,$20.8 bn
11/13/2021,$0.0000522,$0.0000527,$0.0000507,$0.0000514,$43.3 m,841685310178,$20.3 bn
11/12/2021,$0.0000563,$0.0000564,$0.0000516,$0.0000522,$45.4 m,857641688838,$20.9 bn
11/11/2021,$0.0000505,$0.0000573,$0.0000485,$0.0000562,$62 m,1170889212532,$20.9 bn
11/10/2021,$0.0000548,$0.0000552,$0.0000466,$0.0000503,$56 m,1068890696665,$20.7 bn
11/09/2021,$0.0000550,$0.0000582,$0.0000538,$0.0000549,$44.8 m,801527247363,$22.1 bn
11/08/2021,$0.0000567,$0.0000587,$0.0000530,$0.0000548,$61.4 m,1110901445157,$21.8 bn
11/07/2021,$0.0000586,$0.0000593,$0.0000562,$0.0000566,$53.7 m,934246551935,$22.7 bn
11/06/2021,$0.0000625,$0.0000627,$0.0000555,$0.0000586,$50.1 m,852390506560,$23.2 bn
11/05/2021,$0.0000495,$0.0000649,$0.0000456,$0.0000624,$94.1 m,1773708848175,$21 bn
11/04/2021,$0.0000554,$0.0000608,$0.0000437,$0.0000498,$105.2 m,1966129709010,$21.1 bn
11/03/2021,$0.0000688,$0.0000688,$0.0000545,$0.0000560,$82.4 m,1280680192727,$25.4 bn
11/02/2021,$0.0000713,$0.0000723,$0.0000667,$0.0000689,$66.1 m,950468694815,$27.5 bn
11/01/2021,$0.0000671,$0.0000746,$0.0000661,$0.0000713,$97.3 m,1369077403367,$28.1 bn
10/31/2021,$0.0000651,$0.0000694,$0.0000590,$0.0000670,$86.7 m,1331094165341,$25.7 bn
10/30/2021,$0.0000747,$0.0000771,$0.0000627,$0.0000647,$68.2 m,950802355806,$28.3 bn
10/29/2021,$0.0000687,$0.0000769,$0.0000612,$0.0000747,$111.7 m,1586851372630,$27.8 bn
10/28/2021,$0.0000806,$0.0000885,$0.0000593,$0.0000683,$203.8 m,2811736311541,$28.6 bn
10/27/2021,$0.0000479,$0.0000838,$0.0000469,$0.0000818,$354.3 m,5834394624017,$24 bn
10/26/2021,$0.0000421,$0.0000493,$0.0000407,$0.0000479,$82.6 m,1852875496060,$17.6 bn
10/25/2021,$0.0000358,$0.0000426,$0.0000353,$0.0000421,$77.6 m,1952950920193,$15.7 bn
10/24/2021,$0.0000339,$0.0000441,$0.0000336,$0.0000359,$137.7 m,3583247428149,$15.2 bn
10/23/2021,$0.0000278,$0.0000344,$0.0000277,$0.0000339,$53.5 m,1805646857012,$11.7 bn
10/22/2021,$0.0000275,$0.0000284,$0.0000271,$0.0000278,$38.4 m,1392895534667,$10.9 bn
10/21/2021,$0.0000292,$0.0000292,$0.0000272,$0.0000276,$43.9 m,1561192717821,$11.1 bn
10/20/2021,$0.0000280,$0.0000294,$0.0000274,$0.0000293,$41.8 m,1495715199749,$11 bn
10/19/2021,$0.0000287,$0.0000291,$0.0000275,$0.0000280,$39.1 m,1386517722323,$11.1 bn
10/18/2021,$0.0000277,$0.0000294,$0.0000264,$0.0000286,$70.3 m,2511454392752,$11.1 bn
10/17/2021,$0.0000256,$0.0000287,$0.0000239,$0.0000276,$63.2 m,2463668610940,$10.1 bn
10/16/2021,$0.0000252,$0.0000264,$0.0000248,$0.0000256,$37.1 m,1450810045076,$10.1 bn
10/15/2021,$0.0000274,$0.0000274,$0.0000235,$0.0000252,$87.4 m,3418871346906,$10.1 bn
10/14/2021,$0.0000291,$0.0000297,$0.0000265,$0.0000274,$49.5 m,1744160046487,$11.2 bn
10/13/2021,$0.0000290,$0.0000306,$0.0000278,$0.0000291,$72.2 m,2500187269780,$11.4 bn
10/12/2021,$0.0000307,$0.0000315,$0.0000277,$0.0000291,$63.1 m,2140181732534,$11.6 bn
10/11/2021,$0.0000261,$0.0000318,$0.0000259,$0.0000305,$68.3 m,2371100967072,$11.4 bn
10/10/2021,$0.0000268,$0.0000276,$0.0000252,$0.0000260,$102.9 m,3914173115817,$10.4 bn
10/09/2021,$0.0000274,$0.0000298,$0.0000246,$0.0000268,$84.3 m,3102371051096,$10.7 bn
10/08/2021,$0.0000224,$0.0000293,$0.0000208,$0.0000274,$121.2 m,4916304188000,$9.7 bn
10/07/2021,$0.0000279,$0.0000348,$0.0000208,$0.0000221,$186.3 m,6498685559741,$11.3 bn
10/06/2021,$0.0000172,$0.0000283,$0.0000167,$0.0000280,$182.6 m,8177241759374,$8.8 bn
10/05/2021,$0.0000134,$0.0000196,$0.0000122,$0.0000172,$140 m,9221504182597,$6 bn
10/04/2021,$0.0000085,$0.0000145,$0.0000082,$0.0000134,$150.5 m,14963191234048,$4 bn
10/03/2021,$0.0000079,$0.0000089,$0.0000077,$0.0000085,$50.9 m,6239927199902,$3.2 bn
10/02/2021,$0.0000077,$0.0000082,$0.0000074,$0.0000079,$29.9 m,3905690162704,$3 bn
10/01/2021,$0.0000072,$0.0000077,$0.0000071,$0.0000077,$78.5 m,10621142831153,$2.9 bn
09/30/2021,$0.0000070,$0.0000073,$0.0000070,$0.0000072,$118.3 m,16626180141398,$2.8 bn
09/29/2021,$0.0000070,$0.0000071,$0.0000069,$0.0000070,$41.5 m,5900994650688,$2.8 bn
09/28/2021,$0.0000069,$0.0000071,$0.0000068,$0.0000070,$52.4 m,7511373232698,$2.8 bn
09/27/2021,$0.0000071,$0.0000072,$0.0000069,$0.0000069,$43 m,6062650049430,$2.8 bn
09/26/2021,$0.0000073,$0.0000073,$0.0000070,$0.0000071,$48.8 m,6845234947084,$2.8 bn
09/25/2021,$0.0000073,$0.0000075,$0.0000071,$0.0000073,$22.1 m,3011676657411,$2.9 bn
09/24/2021,$0.0000076,$0.0000078,$0.0000068,$0.0000073,$78.5 m,10731749102430,$2.9 bn
09/23/2021,$0.0000073,$0.0000077,$0.0000071,$0.0000076,$38.2 m,5162733816309,$2.9 bn
09/22/2021,$0.0000069,$0.0000073,$0.0000068,$0.0000073,$42.4 m,5988309955982,$2.8 bn
09/21/2021,$0.0000070,$0.0000073,$0.0000066,$0.0000069,$58.3 m,8306434440758,$2.8 bn
09/20/2021,$0.0000081,$0.0000081,$0.0000068,$0.0000070,$109.6 m,14941791557947,$2.9 bn
09/19/2021,$0.0000078,$0.0000084,$0.0000074,$0.0000081,$48.6 m,6244826632124,$3.1 bn
09/18/2021,$0.0000083,$0.0000084,$0.0000075,$0.0000078,$48.2 m,6124630371287,$3.1 bn
09/17/2021,$0.0000083,$0.0000090,$0.0000080,$0.0000083,$56.4 m,6711280476926,$3.3 bn
09/16/2021,$0.0000065,$0.0000085,$0.0000063,$0.0000083,$72.3 m,10618702197713,$2.7 bn
09/15/2021,$0.0000065,$0.0000067,$0.0000065,$0.0000065,$47.4 m,7230437138905,$0
09/14/2021,$0.0000065,$0.0000066,$0.0000064,$0.0000065,$36.8 m,5650315797624,$0
09/13/2021,$0.0000068,$0.0000068,$0.0000064,$0.0000065,$101.6 m,15438848835480,$0
09/12/2021,$0.0000068,$0.0000068,$0.0000066,$0.0000068,$44.6 m,6615772989055,$0
09/11/2021,$0.0000071,$0.0000072,$0.0000067,$0.0000068,$31.2 m,4551564348257,$0
09/10/2021,$0.0000074,$0.0000075,$0.0000067,$0.0000071,$49.5 m,6938674565589,$0
09/09/2021,$0.0000067,$0.0000077,$0.0000066,$0.0000074,$45.5 m,6391247343973,$0
09/08/2021,$0.0000061,$0.0000080,$0.0000056,$0.0000067,$43.2 m,6850859802201,$0
09/07/2021,$0.0000072,$0.0000072,$0.0000056,$0.0000060,$69.9 m,10632724032634,$0
09/06/2021,$0.0000075,$0.0000076,$0.0000071,$0.0000072,$64.9 m,8861880739985,$0
09/05/2021,$0.0000074,$0.0000075,$0.0000072,$0.0000075,$54.7 m,7458990921296,$0
09/04/2021,$0.0000070,$0.0000076,$0.0000070,$0.0000074,$34.5 m,4800269618501,$0
09/03/2021,$0.0000071,$0.0000071,$0.0000069,$0.0000070,$43.8 m,6228865808465,$0
09/02/2021,$0.0000072,$0.0000072,$0.0000070,$0.0000071,$66.9 m,9399468308208,$0
09/01/2021,$0.0000069,$0.0000071,$0.0000067,$0.0000070,$53.6 m,7823750841056,$0
08/31/2021,$0.0000067,$0.0000070,$0.0000066,$0.0000069,$67.3 m,9893043791445,$0
08/30/2021,$0.0000071,$0.0000071,$0.0000067,$0.0000067,$56.2 m,8028396194608,$0
08/29/2021,$0.0000072,$0.0000073,$0.0000071,$0.0000071,$48.8 m,6813294024809,$0
08/28/2021,$0.0000073,$0.0000073,$0.0000071,$0.0000072,$34.2 m,4735314516535,$0
08/27/2021,$0.0000070,$0.0000074,$0.0000069,$0.0000073,$37.8 m,5325998506320,$0
08/26/2021,$0.0000074,$0.0000075,$0.0000069,$0.0000070,$46.7 m,6518692366443,$0
08/25/2021,$0.0000075,$0.0000076,$0.0000072,$0.0000074,$44 m,5898704465177,$0
08/24/2021,$0.0000081,$0.0000081,$0.0000074,$0.0000075,$46.5 m,5936725048670,$0
08/23/2021,$0.0000082,$0.0000083,$0.0000081,$0.0000081,$60.8 m,7405591410713,$0
08/22/2021,$0.0000082,$0.0000084,$0.0000080,$0.0000081,$37.5 m,4593522794738,$0
08/21/2021,$0.0000085,$0.0000085,$0.0000082,$0.0000082,$41.3 m,4965446012468,$0
08/20/2021,$0.0000082,$0.0000085,$0.0000081,$0.0000085,$55.9 m,6688280642557,$0
08/19/2021,$0.0000080,$0.0000082,$0.0000079,$0.0000082,$48 m,5994516831400,$0
08/18/2021,$0.0000082,$0.0000083,$0.0000080,$0.0000080,$53.5 m,6545699493778,$0
08/17/2021,$0.0000091,$0.0000093,$0.0000081,$0.0000082,$56.9 m,6448451961205,$0
08/16/2021,$0.0000084,$0.0000095,$0.0000083,$0.0000091,$77 m,8727407622454,$0
08/15/2021,$0.0000081,$0.0000085,$0.0000079,$0.0000084,$44.4 m,5485289506296,$0
08/14/2021,$0.0000080,$0.0000085,$0.0000079,$0.0000081,$203.1 m,25176808402283,$0
08/13/2021,$0.0000076,$0.0000081,$0.0000076,$0.0000080,$94.9 m,12052622250004,$0
08/12/2021,$0.0000078,$0.0000082,$0.0000075,$0.0000076,$52.9 m,6744251184408,$0
08/11/2021,$0.0000075,$0.0000082,$0.0000075,$0.0000078,$48.1 m,6129912759488,$0
08/10/2021,$0.0000076,$0.0000078,$0.0000074,$0.0000075,$38.1 m,5031173723224,$0
08/09/2021,$0.0000073,$0.0000078,$0.0000072,$0.0000076,$39.5 m,5248621555238,$0
08/08/2021,$0.0000078,$0.0000088,$0.0000073,$0.0000073,$53.8 m,6831513744696,$0
08/07/2021,$0.0000063,$0.0000078,$0.0000063,$0.0000078,$66.2 m,9676102396091,$0
08/06/2021,$0.0000062,$0.0000064,$0.0000061,$0.0000063,$49.8 m,8030526916394,$0
08/05/2021,$0.0000062,$0.0000062,$0.0000060,$0.0000062,$66.5 m,10802816255865,$0
08/04/2021,$0.0000062,$0.0000063,$0.0000060,$0.0000062,$39.8 m,6437244360640,$0
08/03/2021,$0.0000063,$0.0000064,$0.0000061,$0.0000062,$40.6 m,6531189613219,$0
08/02/2021,$0.0000063,$0.0000064,$0.0000062,$0.0000064,$54.4 m,8682111484945,$0
08/01/2021,$0.0000063,$0.0000067,$0.0000062,$0.0000063,$48.2 m,7516085758287,$0
07/31/2021,$0.0000063,$0.0000063,$0.0000062,$0.0000062,$37.4 m,6006334984303,$0
07/30/2021,$0.0000063,$0.0000064,$0.0000061,$0.0000062,$49.6 m,7976660563932,$0
07/29/2021,$0.0000061,$0.0000064,$0.0000061,$0.0000063,$30 m,4846046271421,$0
07/28/2021,$0.0000063,$0.0000063,$0.0000061,$0.0000061,$34 m,5469818943115,$0
07/27/2021,$0.0000063,$0.0000064,$0.0000060,$0.0000063,$39.6 m,6370502785402,$0
07/26/2021,$0.0000063,$0.0000068,$0.0000063,$0.0000063,$137.2 m,20742699728851,$0
07/25/2021,$0.0000064,$0.0000065,$0.0000062,$0.0000063,$43.7 m,6915660547859,$0
07/24/2021,$0.0000065,$0.0000066,$0.0000063,$0.0000064,$56.6 m,8762736378688,$0
07/23/2021,$0.0000064,$0.0000067,$0.0000062,$0.0000065,$44.8 m,6985870496259,$0
07/22/2021,$0.0000065,$0.0000066,$0.0000064,$0.0000064,$39.2 m,6056755150484,$0
07/21/2021,$0.0000059,$0.0000069,$0.0000058,$0.0000065,$76.3 m,12057908016386,$0
07/20/2021,$0.0000062,$0.0000062,$0.0000057,$0.0000059,$61.8 m,10519295456799,$0
07/19/2021,$0.0000066,$0.0000066,$0.0000061,$0.0000062,$61.8 m,9752058032277,$0
07/18/2021,$0.0000068,$0.0000070,$0.0000066,$0.0000066,$46.1 m,6850109402229,$0
07/17/2021,$0.0000066,$0.0000070,$0.0000066,$0.0000068,$33.6 m,4997829861224,$0
07/16/2021,$0.0000069,$0.0000070,$0.0000066,$0.0000066,$51.2 m,7543572075032,$0
07/15/2021,$0.0000072,$0.0000073,$0.0000068,$0.0000069,$53.7 m,7687352762993,$0
07/14/2021,$0.0000071,$0.0000075,$0.0000067,$0.0000072,$52.3 m,7361082739796,$0
07/13/2021,$0.0000076,$0.0000076,$0.0000070,$0.0000071,$45.2 m,6185050270987,$0
07/12/2021,$0.0000079,$0.0000080,$0.0000073,$0.0000076,$68.6 m,8892819281053,$0
07/11/2021,$0.0000077,$0.0000079,$0.0000076,$0.0000079,$49.2 m,6367948402233,$0
07/10/2021,$0.0000079,$0.0000081,$0.0000076,$0.0000077,$39.4 m,5039505139119,$0
07/09/2021,$0.0000080,$0.0000081,$0.0000077,$0.0000079,$39.2 m,4932296124286,$0
07/08/2021,$0.0000085,$0.0000085,$0.0000079,$0.0000080,$63.8 m,7876742283542,$0
07/07/2021,$0.0000087,$0.0000089,$0.0000085,$0.0000085,$47.6 m,5482821906794,$0
07/06/2021,$0.0000084,$0.0000090,$0.0000084,$0.0000086,$51.7 m,5982512600169,$0
07/05/2021,$0.0000087,$0.0000087,$0.0000082,$0.0000084,$71.6 m,8474361775477,$0
07/04/2021,$0.0000087,$0.0000088,$0.0000085,$0.0000087,$54.4 m,6243237147755,$0
07/03/2021,$0.0000083,$0.0000088,$0.0000083,$0.0000086,$41.5 m,4842446424385,$0
07/02/2021,$0.0000083,$0.0000084,$0.0000081,$0.0000083,$41.1 m,4994898476182,$0
07/01/2021,$0.0000088,$0.0000088,$0.0000082,$0.0000083,$48.4 m,5774118261394,$0
06/30/2021,$0.0000089,$0.0000092,$0.0000081,$0.0000088,$57 m,6540496265463,$0
06/29/2021,$0.0000080,$0.0000095,$0.0000080,$0.0000089,$66 m,7465671369602,$0
06/28/2021,$0.0000078,$0.0000082,$0.0000076,$0.0000080,$56.9 m,7182715574304,$0
06/27/2021,$0.0000075,$0.0000078,$0.0000073,$0.0000078,$48.3 m,6520289070968,$0
06/26/2021,$0.0000071,$0.0000075,$0.0000069,$0.0000074,$58 m,8052789868348,$0
06/25/2021,$0.0000072,$0.0000079,$0.0000067,$0.0000071,$69.7 m,9734022473296,$0
06/24/2021,$0.0000068,$0.0000074,$0.0000066,$0.0000072,$36.9 m,5379548950828,$0
06/23/2021,$0.0000063,$0.0000070,$0.0000062,$0.0000068,$44.3 m,6566773822474,$0
06/22/2021,$0.0000062,$0.0000069,$0.0000057,$0.0000063,$96.5 m,15187371112346,$0
06/21/2021,$0.0000078,$0.0000078,$0.0000062,$0.0000062,$68.8 m,9654336970746,$0
06/20/2021,$0.0000076,$0.0000080,$0.0000072,$0.0000078,$44.6 m,5828983309066,$0
06/19/2021,$0.0000072,$0.0000084,$0.0000072,$0.0000076,$39.7 m,5224483723298,$0
06/18/2021,$0.0000079,$0.0000079,$0.0000070,$0.0000072,$40.6 m,5471834565825,$0
06/17/2021,$0.0000085,$0.0000085,$0.0000078,$0.0000079,$51 m,6321200683214,$0
06/16/2021,$0.0000091,$0.0000092,$0.0000082,$0.0000085,$76.5 m,8729604788381,$0
06/15/2021,$0.0000070,$0.0000093,$0.0000069,$0.0000091,$86.2 m,11235998576712,$0
06/14/2021,$0.0000069,$0.0000072,$0.0000067,$0.0000070,$104.3 m,15104242716082,$0
06/13/2021,$0.0000063,$0.0000071,$0.0000061,$0.0000068,$54.6 m,8583967220963,$0
06/12/2021,$0.0000062,$0.0000065,$0.0000056,$0.0000063,$73 m,12133139936031,$0
06/11/2021,$0.0000068,$0.0000069,$0.0000061,$0.0000062,$42.4 m,6368174972147,$0
06/10/2021,$0.0000074,$0.0000074,$0.0000068,$0.0000069,$52.6 m,7431309180418,$0
06/09/2021,$0.0000073,$0.0000075,$0.0000069,$0.0000074,$65.7 m,9102160685110,$0
06/08/2021,$0.0000077,$0.0000078,$0.0000064,$0.0000073,$129.7 m,17852518534885,$0
06/07/2021,$0.0000085,$0.0000087,$0.0000076,$0.0000077,$70.6 m,8422503250053,$0
06/06/2021,$0.0000084,$0.0000086,$0.0000084,$0.0000085,$45 m,5310029696119,$0
06/05/2021,$0.0000088,$0.0000091,$0.0000081,$0.0000084,$51.3 m,5896865631794,$0
06/04/2021,$0.0000099,$0.0000099,$0.0000084,$0.0000088,$88 m,9916202257469,$0
06/03/2021,$0.0000094,$0.0000103,$0.0000093,$0.0000098,$73.9 m,7586375828738,$0
06/02/2021,$0.0000088,$0.0000101,$0.0000086,$0.0000095,$42.4 m,4608554874425,$0
06/01/2021,$0.0000092,$0.0000095,$0.0000084,$0.0000088,$65.4 m,7425812221090,$0
05/31/2021,$0.0000078,$0.0000099,$0.0000077,$0.0000092,$82.9 m,10080341516979,$0
05/30/2021,$0.0000079,$0.0000081,$0.0000076,$0.0000078,$45.9 m,5858523539957,$0
05/29/2021,$0.0000081,$0.0000082,$0.0000073,$0.0000079,$66.2 m,8508131305098,$0
05/28/2021,$0.0000088,$0.0000088,$0.0000076,$0.0000081,$63.1 m,7766432237051,$0
05/27/2021,$0.0000095,$0.0000095,$0.0000085,$0.0000088,$23.3 m,2616048394954,$0
05/26/2021,$0.0000094,$0.0000104,$0.0000092,$0.0000095,$24.8 m,2575968343292,$0
05/25/2021,$0.0000106,$0.0000110,$0.0000089,$0.0000094,$35.9 m,3712653295221,$0
05/24/2021,$0.0000081,$0.0000118,$0.0000078,$0.0000106,$60.7 m,6755854843343,$0
05/23/2021,$0.0000083,$0.0000094,$0.0000070,$0.0000081,$52.3 m,6447652068414,$0
05/22/2021,$0.0000082,$0.0000094,$0.0000068,$0.0000085,$46.6 m,6127422334941,$0
05/21/2021,$0.0000097,$0.0000103,$0.0000067,$0.0000081,$63.8 m,7184377299890,$0
05/20/2021,$0.0000094,$0.0000118,$0.0000081,$0.0000096,$62.5 m,6217475644234,$0
05/19/2021,$0.0000155,$0.0000158,$0.0000070,$0.0000094,$103.1 m,8640710496998,$0
05/18/2021,$0.0000165,$0.0000178,$0.0000154,$0.0000156,$59.9 m,3647642694969,$0
05/17/2021,$0.0000180,$0.0000180,$0.0000147,$0.0000166,$115.3 m,7156314100162,$0
05/16/2021,$0.0000158,$0.0000203,$0.0000123,$0.0000180,$128.9 m,8260992696549,$0
05/15/2021,$0.0000184,$0.0000187,$0.0000148,$0.0000157,$89.3 m,5198307551195,$0
05/14/2021,$0.0000211,$0.0000220,$0.0000183,$0.0000183,$59.6 m,2979028572295,$0
05/13/2021,$0.0000176,$0.0000235,$0.0000151,$0.0000206,$138.2 m,7145845069641,$0
05/12/2021,$0.0000298,$0.0000315,$0.0000157,$0.0000187,$348.1 m,13323462478276,$0
05/11/2021,$0.0000348,$0.0000377,$0.0000281,$0.0000305,$420.6 m,12823764203439,$0
05/10/2021,$0.0000153,$0.0000380,$0.0000135,$0.0000342,$1.3 bn,55475913416941,$0
05/09/2021,$0.0000155,$0.0000197,$0.0000118,$0.0000156,$734.8 m,48865230178023,$0
05/08/2021,$0.0000028,$0.0000175,$0.0000028,$0.0000155,$0,0.0000262,$0
05/07/2021,$0.0000015,$0.0000031,$0.0000014,$0.0000028,$231.8 m,117205550109337,$0
05/06/2021,$0.0000016,$0.0000016,$0.0000014,$0.0000015,$57 m,37638828342561,$0
05/05/2021,$0.0000015,$0.0000016,$0.0000014,$0.0000016,$68.9 m,45993575943675,$0
05/04/2021,$0.0000015,$0.0000016,$0.0000014,$0.0000015,$74.3 m,48975706390180,$0
05/03/2021,$0.0000015,$0.0000016,$0.0000014,$0.0000015,$63.9 m,41697048877766,$0
05/02/2021,$0.0000014,$0.0000016,$0.0000014,$0.0000015,$75.9 m,50604921864978,$0
05/01/2021,$0.0000014,$0.0000021,$0.0000014,$0.0000014,$78.2 m,47354465015231,$0
04/30/2021,$0.0000014,$0.0000016,$0.0000014,$0.0000014,$92.2 m,63384883896304,$0
04/29/2021,$0.0000015,$0.0000015,$0.0000013,$0.0000014,$69.8 m,49733549382453,$0
04/28/2021,$0.0000010,$0.0000016,$0.0000009,$0.0000015,$115.1 m,99830295591693,$0
04/27/2021,$0.0000012,$0.0000012,$0.0000008,$0.0000010,$71 m,63758852403189,$0
04/26/2021,$0.0000013,$0.0000014,$0.0000012,$0.0000012,$77.8 m,60994086239112,$0
04/25/2021,$0.0000014,$0.0000014,$0.0000011,$0.0000013,$70.9 m,52296724313846,$0
04/24/2021,$0.0000012,$0.0000016,$0.0000012,$0.0000014,$52.8 m,38647174006002,$0
04/23/2021,$0.0000017,$0.0000017,$0.0000011,$0.0000012,$102.7 m,79544976694858,$0
04/22/2021,$0.0000013,$0.0000019,$0.0000012,$0.0000016,$140.1 m,94670474600815,$0
04/21/2021,$0.0000024,$0.0000028,$0.0000008,$0.0000013,$168.7 m,85293429585610,$0
04/20/2021,$0.0000038,$0.0000041,$0.0000016,$0.0000025,$277.6 m,86981090484872,$0
04/19/2021,$0.0000019,$0.0000037,$0.0000018,$0.0000037,$340 m,131682178365789,$0
04/18/2021,$0.0000019,$0.0000021,$0.0000013,$0.0000019,$115.4 m,66746248805197,$0
04/17/2021,$0.0000007,$0.0000029,$0.0000007,$0.0000020,$412.2 m,245432217124939,$0
04/16/2021,$0.0000003,$0.0000010,$0.0000003,$0.0000007,$162.8 m,276107495781557,$0
04/15/2021,$0.0000002,$0.0000003,$0.0000002,$0.0000003,$16.1 m,77281589541922,$0
04/14/2021,$0.0000002,$0.0000002,$0.0000001,$0.0000002,$6.4 m,39327776341333,$0
04/13/2021,$0.0000002,$0.0000002,$0.0000001,$0.0000002,$11.6 m,63047348711285,$0
04/12/2021,$0.0000001,$0.0000002,$0.0000001,$0.0000002,$19.7 m,136654147233115,$0
04/11/2021,$8.22E-8,$0.0000001,$8.13E-8,$0.0000001,$7 m,70791783648949,$0
04/10/2021,$6.34E-8,$8.23E-8,$6.10E-8,$8.20E-8,$1.4 m,20118412026987,$0
04/09/2021,$5.94E-8,$6.34E-8,$5.93E-8,$6.33E-8,$868.2 K,14419913622689,$0
04/08/2021,$5.78E-8,$6.04E-8,$5.70E-8,$5.94E-8,$580.2 K,9884594614492,$0
04/07/2021,$6.14E-8,$6.47E-8,$5.57E-8,$5.80E-8,$793.3 K,13051967529471,$0
04/06/2021,$4.96E-8,$6.46E-8,$4.96E-8,$6.27E-8,$1.3 m,23412839325779,$0
04/05/2021,$4.59E-8,$4.96E-8,$4.03E-8,$4.94E-8,$1.2 m,27284872461318,$0
04/04/2021,$5.02E-8,$5.07E-8,$3.92E-8,$4.60E-8,$1.2 m,26189992554149,$0
04/03/2021,$5.06E-8,$5.13E-8,$4.33E-8,$5.03E-8,$830.1 K,17363673759309,$0
04/02/2021,$5.16E-8,$5.50E-8,$4.22E-8,$5.07E-8,$1.3 m,26658920466238,$0
04/01/2021,$6.14E-8,$6.20E-8,$4.92E-8,$5.17E-8,$1.1 m,20865122323745,$0
03/31/2021,$5.69E-8,$6.32E-8,$5.59E-8,$6.22E-8,$1.1 m,17971032776304,$0
03/30/2021,$6.64E-8,$6.79E-8,$5.62E-8,$5.83E-8,$860.6 K,13602674364277,$0
03/29/2021,$6.54E-8,$6.86E-8,$5.51E-8,$6.62E-8,$2.4 m,38015532289527,$0
03/28/2021,$3.89E-8,$6.74E-8,$3.89E-8,$6.74E-8,$1.5 m,33557404718986,$0
03/27/2021,$4.15E-8,$4.26E-8,$3.74E-8,$3.91E-8,$501.7 K,12525474784352,$0
03/26/2021,$4.18E-8,$4.54E-8,$4.01E-8,$4.15E-8,$622.6 K,14671372722815,$0
03/25/2021,$4.62E-8,$4.64E-8,$4.01E-8,$4.15E-8,$576.9 K,13321687873895,$0
03/24/2021,$4.52E-8,$5.19E-8,$4.43E-8,$4.67E-8,$553.4 K,11726384580435,$0
03/23/2021,$4.83E-8,$5.03E-8,$4.20E-8,$4.50E-8,$874.7 K,18836161339839,$0
03/22/2021,$5.72E-8,$5.87E-8,$4.26E-8,$4.87E-8,$1.4 m,27103123014457,$0
03/21/2021,$6.30E-8,$6.56E-8,$5.53E-8,$5.77E-8,$1.7 m,27808530345255,$0