Date,Open,High,Low,Close,Volume,Volume(STX),Market Cap
03/19/2024,$2.66,$2.96,$2.50,$2.70,$364.4 m,133752931,$3.9 bn
03/18/2024,$2.77,$2.78,$2.58,$2.65,$83.7 m,31189654,$3.8 bn
03/17/2024,$2.63,$2.80,$2.59,$2.77,$165.1 m,60372708,$3.9 bn
03/16/2024,$2.80,$2.84,$2.52,$2.61,$105.9 m,39166424,$3.9 bn
03/15/2024,$2.94,$2.98,$2.61,$2.80,$184.9 m,66522440,$4 bn
03/14/2024,$3.10,$3.11,$2.80,$2.93,$167.2 m,56400944,$4.2 bn
03/13/2024,$3.03,$3.17,$2.95,$3.09,$157.8 m,51457876,$4.4 bn
03/12/2024,$3.07,$3.14,$2.87,$3.04,$172.1 m,57027560,$4.3 bn
03/11/2024,$2.96,$3.38,$2.85,$3.07,$378 m,122570500,$4.4 bn
03/10/2024,$2.81,$3.30,$2.80,$2.96,$431.1 m,142896989,$4.3 bn
03/09/2024,$2.83,$2.86,$2.79,$2.81,$81.4 m,28845989,$4 bn
03/08/2024,$2.92,$3.02,$2.79,$2.83,$165.3 m,57549047,$4.1 bn
03/07/2024,$2.84,$2.93,$2.74,$2.91,$143 m,50279436,$4.1 bn
03/06/2024,$2.73,$2.90,$2.60,$2.84,$190.6 m,68909938,$3.9 bn
03/05/2024,$3.01,$3.04,$2.46,$2.74,$333.7 m,116855619,$4.1 bn
03/04/2024,$3.04,$3.18,$2.93,$3.03,$282.8 m,92252544,$4.4 bn
03/03/2024,$2.96,$3.12,$2.84,$3.04,$212.6 m,70607880,$4.3 bn
03/02/2024,$2.97,$2.97,$2.89,$2.97,$110.2 m,37634653,$4.2 bn
03/01/2024,$2.91,$3.03,$2.89,$2.98,$187 m,63264145,$4.2 bn
02/29/2024,$3.10,$3.12,$2.83,$2.90,$333.2 m,110933003,$4.3 bn
02/28/2024,$2.95,$3.38,$2.92,$3.10,$706.1 m,228949778,$4.4 bn
02/27/2024,$2.90,$3.26,$2.87,$2.95,$596.4 m,195279421,$4.4 bn
02/26/2024,$2.59,$2.91,$2.44,$2.91,$281.4 m,107229420,$3.7 bn
02/25/2024,$2.58,$2.63,$2.52,$2.59,$93.8 m,36542776,$3.7 bn
02/24/2024,$2.45,$2.60,$2.39,$2.59,$138.5 m,55241988,$3.6 bn
02/23/2024,$2.55,$2.62,$2.41,$2.45,$169.3 m,66958673,$3.6 bn
02/22/2024,$2.67,$2.71,$2.52,$2.55,$186.3 m,71490599,$3.7 bn
02/21/2024,$2.70,$2.89,$2.56,$2.66,$389.3 m,143092842,$3.9 bn
02/20/2024,$2.64,$2.84,$2.58,$2.71,$323.1 m,119163755,$3.9 bn
02/19/2024,$2.65,$2.91,$2.59,$2.64,$339.9 m,125016821,$3.9 bn
02/18/2024,$2.53,$2.66,$2.46,$2.64,$155.9 m,61924015,$3.6 bn
02/17/2024,$2.58,$2.66,$2.43,$2.54,$207.1 m,81392991,$3.6 bn
02/16/2024,$2.53,$2.62,$2.46,$2.59,$304.2 m,119587520,$3.6 bn
02/15/2024,$2.57,$2.79,$2.49,$2.54,$615.3 m,233510886,$3.8 bn
02/14/2024,$2.13,$2.57,$2.10,$2.56,$480.6 m,209953985,$3.3 bn
02/13/2024,$2.01,$2.17,$1.97,$2.13,$299.3 m,145539374,$2.9 bn
02/12/2024,$1.85,$2.05,$1.85,$2.00,$213.7 m,110380515,$2.8 bn
02/11/2024,$1.81,$1.93,$1.80,$1.85,$133.2 m,71475594,$2.7 bn
02/10/2024,$1.81,$1.88,$1.74,$1.81,$102.9 m,57537069,$2.6 bn
02/09/2024,$1.79,$1.87,$1.77,$1.81,$203.4 m,111914325,$2.6 bn
02/08/2024,$1.67,$1.83,$1.65,$1.78,$247.1 m,142449181,$2.5 bn
02/07/2024,$1.50,$1.67,$1.50,$1.66,$82.9 m,53860557,$2.2 bn
02/06/2024,$1.48,$1.52,$1.45,$1.50,$40.5 m,27239268,$2.1 bn
02/05/2024,$1.47,$1.52,$1.45,$1.48,$35.9 m,24248437,$2.1 bn
02/04/2024,$1.53,$1.53,$1.47,$1.47,$33.4 m,22361822,$2.1 bn
02/03/2024,$1.56,$1.58,$1.52,$1.52,$27.4 m,17751127,$2.2 bn
02/02/2024,$1.50,$1.57,$1.49,$1.56,$55.5 m,36115826,$2.2 bn
02/01/2024,$1.51,$1.51,$1.45,$1.50,$49.7 m,33567785,$2.1 bn
01/31/2024,$1.54,$1.57,$1.47,$1.51,$77 m,50862442,$2.2 bn
01/30/2024,$1.54,$1.62,$1.53,$1.54,$102.4 m,64984404,$2.2 bn
01/29/2024,$1.47,$1.56,$1.45,$1.54,$73.9 m,49602001,$2.1 bn
01/28/2024,$1.51,$1.56,$1.46,$1.47,$65.4 m,42927649,$2.2 bn
01/27/2024,$1.51,$1.54,$1.50,$1.51,$55.9 m,36805265,$2.2 bn
01/26/2024,$1.45,$1.54,$1.44,$1.51,$85.1 m,56982017,$2.1 bn
01/25/2024,$1.47,$1.50,$1.43,$1.46,$75.7 m,51840922,$2.1 bn
01/24/2024,$1.40,$1.48,$1.37,$1.48,$118.1 m,82110629,$2.1 bn
01/23/2024,$1.34,$1.40,$1.25,$1.40,$140.7 m,106034806,$1.9 bn
01/22/2024,$1.46,$1.46,$1.33,$1.33,$97.8 m,69392637,$2 bn
01/21/2024,$1.49,$1.51,$1.45,$1.45,$35.2 m,23795890,$2.1 bn
01/20/2024,$1.49,$1.51,$1.43,$1.49,$53.1 m,36234249,$2.1 bn
01/19/2024,$1.49,$1.52,$1.40,$1.49,$124.3 m,84543708,$2.1 bn
01/18/2024,$1.57,$1.61,$1.49,$1.49,$100 m,64434615,$2.2 bn
01/17/2024,$1.63,$1.65,$1.55,$1.57,$76.8 m,48130598,$2.3 bn
01/16/2024,$1.59,$1.66,$1.58,$1.63,$105.5 m,64673758,$2.3 bn
01/15/2024,$1.58,$1.64,$1.56,$1.59,$84.8 m,52978942,$2.3 bn
01/14/2024,$1.67,$1.69,$1.58,$1.59,$87.2 m,52664786,$2.4 bn
01/13/2024,$1.64,$1.72,$1.64,$1.67,$118.2 m,70242773,$2.4 bn
01/12/2024,$1.78,$1.79,$1.60,$1.63,$188.3 m,109962716,$2.4 bn
01/11/2024,$1.84,$1.95,$1.74,$1.78,$385.6 m,213862551,$2.6 bn
01/10/2024,$1.83,$1.94,$1.68,$1.84,$407.4 m,229089475,$2.5 bn
01/09/2024,$2.02,$2.06,$1.74,$1.83,$497.7 m,256369372,$2.8 bn
01/08/2024,$1.67,$2.02,$1.57,$2.02,$793.2 m,434294070,$2.6 bn
01/07/2024,$1.57,$1.78,$1.54,$1.66,$299.6 m,181158052,$2.4 bn
01/06/2024,$1.61,$1.61,$1.45,$1.57,$146.4 m,95963428,$2.2 bn
01/05/2024,$1.72,$1.76,$1.57,$1.60,$246.1 m,149822830,$2.3 bn
01/04/2024,$1.55,$1.73,$1.52,$1.72,$301.5 m,187478342,$2.3 bn
01/03/2024,$1.55,$1.61,$1.32,$1.54,$499.8 m,325150093,$2.2 bn
01/02/2024,$1.59,$1.73,$1.55,$1.55,$351.7 m,214451206,$2.3 bn
01/01/2024,$1.50,$1.59,$1.45,$1.59,$161.9 m,107824752,$2.1 bn
12/31/2023,$1.43,$1.53,$1.40,$1.50,$145.3 m,99282419,$2.1 bn
12/30/2023,$1.42,$1.47,$1.36,$1.43,$136.5 m,96377172,$2 bn
12/29/2023,$1.47,$1.54,$1.40,$1.42,$190.9 m,130202040,$2.1 bn
12/28/2023,$1.56,$1.59,$1.40,$1.47,$189 m,128235728,$2.1 bn
12/27/2023,$1.62,$1.74,$1.53,$1.56,$248 m,154895100,$2.3 bn
12/26/2023,$1.54,$1.64,$1.45,$1.63,$315.7 m,204725232,$2.2 bn
12/25/2023,$1.39,$1.59,$1.38,$1.54,$292.4 m,196057665,$2.1 bn
12/24/2023,$1.48,$1.51,$1.38,$1.39,$160.4 m,111733061,$2 bn
12/23/2023,$1.39,$1.52,$1.38,$1.48,$350.2 m,239695572,$2.1 bn
12/22/2023,$1.42,$1.43,$1.30,$1.40,$174.4 m,128764837,$1.9 bn
12/21/2023,$1.45,$1.53,$1.40,$1.41,$319.5 m,220220171,$2.1 bn
12/20/2023,$1.18,$1.56,$1.18,$1.45,$589.4 m,414616354,$2 bn
12/19/2023,$1.26,$1.28,$1.16,$1.18,$217.5 m,180778890,$1.7 bn
12/18/2023,$1.06,$1.27,$1.05,$1.26,$511.6 m,448877268,$1.6 bn
12/17/2023,$1.01,$1.07,$1.01,$1.05,$128.2 m,123992813,$1.5 bn
12/16/2023,$0.9857,$1.06,$0.9704,$1.01,$122 m,118545927,$1.5 bn
12/15/2023,$1.07,$1.07,$0.9804,$0.9809,$112.6 m,110360462,$1.5 bn
12/14/2023,$1.00,$1.13,$1.00,$1.08,$267.1 m,248850407,$1.5 bn
12/13/2023,$0.9276,$1.02,$0.8797,$1.00,$151.5 m,162752853,$1.3 bn
12/12/2023,$0.9135,$0.99,$0.9048,$0.9291,$166.3 m,175667622,$1.3 bn
12/11/2023,$0.99,$1.00,$0.8776,$0.9130,$124.7 m,136035139,$1.3 bn
12/10/2023,$1.00,$1.02,$0.9707,$0.99,$71.6 m,72038238,$1.4 bn
12/09/2023,$1.04,$1.05,$0.9844,$1.00,$117.6 m,116517922,$1.4 bn
12/08/2023,$1.00,$1.07,$0.9750,$1.04,$167.5 m,165319036,$1.4 bn
12/07/2023,$1.04,$1.07,$0.9770,$1.00,$167.1 m,165481293,$1.4 bn
12/06/2023,$1.17,$1.17,$1.02,$1.03,$334.7 m,310698194,$1.5 bn
12/05/2023,$1.18,$1.25,$1.10,$1.17,$777.1 m,667825235,$1.6 bn
12/04/2023,$0.8356,$1.18,$0.7945,$1.18,$907.2 m,951456830,$1.3 bn
12/03/2023,$0.7795,$0.8565,$0.7768,$0.8319,$137.2 m,166813780,$1.1 bn
12/02/2023,$0.7671,$0.8153,$0.7594,$0.7825,$113.9 m,145989942,$1.1 bn
12/01/2023,$0.6907,$0.7834,$0.6825,$0.7645,$126.2 m,174403625,$1 bn
11/30/2023,$0.7170,$0.7254,$0.6782,$0.6914,$71.9 m,102794708,$973.2 m
11/29/2023,$0.7252,$0.7950,$0.7157,$0.7215,$207.4 m,275598483,$1 bn
11/28/2023,$0.6530,$0.7247,$0.6277,$0.7234,$92.8 m,140353851,$919.9 m
11/27/2023,$0.6915,$0.7019,$0.6423,$0.6534,$67.6 m,101750112,$924.3 m
11/26/2023,$0.6592,$0.7108,$0.6592,$0.6929,$98.8 m,145753675,$943.4 m
11/25/2023,$0.6453,$0.6612,$0.6419,$0.6590,$28.1 m,43173107,$906.8 m
11/24/2023,$0.6310,$0.6799,$0.6290,$0.6453,$52.3 m,81505333,$893 m
11/23/2023,$0.6293,$0.6376,$0.6205,$0.6305,$23.3 m,36965241,$876.8 m
11/22/2023,$0.5884,$0.6388,$0.5884,$0.6284,$34.7 m,56504341,$853.9 m
11/21/2023,$0.6387,$0.6433,$0.5862,$0.5887,$52.9 m,84658332,$868.8 m
11/20/2023,$0.6478,$0.6685,$0.6344,$0.6394,$36.4 m,56096557,$903.7 m
11/19/2023,$0.6332,$0.6501,$0.6196,$0.6488,$21.6 m,34101952,$882.8 m
11/18/2023,$0.6331,$0.6351,$0.6026,$0.6337,$30.9 m,49402873,$869.7 m
11/17/2023,$0.6478,$0.6799,$0.6102,$0.6334,$67.7 m,104414108,$902.8 m
11/16/2023,$0.6564,$0.6764,$0.6399,$0.6478,$87.2 m,131256809,$924 m
11/15/2023,$0.6198,$0.6580,$0.6149,$0.6540,$51 m,80249836,$883.8 m
11/14/2023,$0.6388,$0.6496,$0.6055,$0.6197,$54.3 m,85728555,$882.2 m
11/13/2023,$0.6742,$0.6831,$0.6351,$0.6400,$53.3 m,80752760,$918.8 m
11/12/2023,$0.6711,$0.6783,$0.6476,$0.6751,$42.7 m,64073296,$926.8 m
11/11/2023,$0.6891,$0.6927,$0.6609,$0.6700,$52.2 m,77013649,$943 m
11/10/2023,$0.6785,$0.6990,$0.6586,$0.6894,$66.1 m,96730468,$951 m
11/09/2023,$0.7044,$0.7398,$0.6281,$0.6803,$136.8 m,195698686,$972.5 m
11/08/2023,$0.6710,$0.7230,$0.6608,$0.7034,$68.7 m,100671964,$950.2 m
11/07/2023,$0.6734,$0.6883,$0.6402,$0.6720,$87.2 m,131506008,$922.8 m
11/06/2023,$0.6442,$0.6816,$0.6434,$0.6749,$58.4 m,87251124,$931.2 m
11/05/2023,$0.6490,$0.6674,$0.6367,$0.6467,$47 m,72513339,$902.1 m
11/04/2023,$0.6396,$0.6564,$0.6316,$0.6499,$40 m,62114009,$895.5 m
11/03/2023,$0.6248,$0.6538,$0.6000,$0.6405,$48.7 m,78469729,$863.5 m
11/02/2023,$0.6487,$0.6554,$0.6116,$0.6251,$53.3 m,83918004,$883.2 m
11/01/2023,$0.6253,$0.6551,$0.6013,$0.6468,$70.4 m,113474140,$863.3 m
10/31/2023,$0.6313,$0.6393,$0.6004,$0.6259,$51.9 m,83088055,$869.5 m
10/30/2023,$0.6374,$0.6427,$0.6189,$0.6318,$42.4 m,67054935,$880.4 m
10/29/2023,$0.6544,$0.6755,$0.6216,$0.6364,$94.1 m,146407646,$894.5 m
10/28/2023,$0.6362,$0.6615,$0.6362,$0.6552,$28.5 m,43651431,$908.9 m
10/27/2023,$0.6449,$0.6481,$0.6274,$0.6366,$31.8 m,49812849,$887.9 m
10/26/2023,$0.6777,$0.6902,$0.6266,$0.6446,$68.3 m,103288198,$920.1 m
10/25/2023,$0.6786,$0.7069,$0.6630,$0.6770,$89.3 m,130694177,$951 m
10/24/2023,$0.7360,$0.7436,$0.6588,$0.6796,$170.4 m,243459378,$974.2 m
10/23/2023,$0.6282,$0.7435,$0.6226,$0.7333,$154.3 m,233996216,$917.8 m
10/22/2023,$0.6193,$0.6456,$0.6089,$0.6299,$49.8 m,80325758,$862.5 m
10/21/2023,$0.6276,$0.6515,$0.6150,$0.6191,$76.5 m,121390372,$876.8 m
10/20/2023,$0.5701,$0.6727,$0.5610,$0.6274,$220.3 m,353779174,$866.6 m
10/19/2023,$0.5393,$0.5730,$0.5296,$0.5670,$57.2 m,103994127,$766 m
10/18/2023,$0.5488,$0.5694,$0.5346,$0.5391,$62.8 m,114066023,$765.6 m
10/17/2023,$0.5409,$0.5539,$0.5305,$0.5528,$49.2 m,91000972,$751.9 m
10/16/2023,$0.5115,$0.5779,$0.5083,$0.5424,$84.3 m,158177745,$741.7 m
10/15/2023,$0.5014,$0.5150,$0.4972,$0.5118,$14 m,27692957,$703.8 m
10/14/2023,$0.5001,$0.5132,$0.5001,$0.5015,$16.3 m,32232424,$703.6 m
10/13/2023,$0.4861,$0.5105,$0.4809,$0.5010,$12.9 m,26401036,$680.5 m
10/12/2023,$0.4930,$0.4961,$0.4810,$0.4860,$11.8 m,24278880,$677.1 m
10/11/2023,$0.4989,$0.5005,$0.4777,$0.4933,$16.6 m,33979454,$679.3 m
10/10/2023,$0.4886,$0.5087,$0.4846,$0.4986,$19.4 m,38995028,$690.6 m
10/09/2023,$0.5041,$0.5145,$0.4808,$0.4892,$19.9 m,40149195,$689.9 m
10/08/2023,$0.5167,$0.5232,$0.5031,$0.5043,$11.5 m,22401501,$712.2 m
10/07/2023,$0.5177,$0.5251,$0.5085,$0.5168,$16.1 m,31258205,$718.3 m
10/06/2023,$0.4948,$0.5224,$0.4871,$0.5177,$18.9 m,37683533,$697.5 m
10/05/2023,$0.4958,$0.5106,$0.4869,$0.4943,$18.6 m,37580933,$688.3 m
10/04/2023,$0.4888,$0.4977,$0.4748,$0.4957,$15.2 m,31273849,$677.7 m
10/03/2023,$0.5149,$0.5267,$0.4887,$0.4888,$30.6 m,60306223,$706.2 m
10/01/2023,$0.4798,$0.5183,$0.4779,$0.5125,$30.7 m,61754442,$691.4 m
09/30/2023,$0.4771,$0.4816,$0.4731,$0.4802,$6.9 m,14522550,$663.5 m
09/29/2023,$0.4844,$0.4845,$0.4710,$0.4769,$14.5 m,30306828,$664.4 m
09/28/2023,$0.4581,$0.4857,$0.4581,$0.4840,$42.1 m,88813091,$659.9 m
09/27/2023,$0.4565,$0.4783,$0.4533,$0.4583,$25.2 m,54829585,$638.5 m
09/26/2023,$0.4645,$0.4683,$0.4538,$0.4565,$8.1 m,17441174,$643.3 m
09/25/2023,$0.4641,$0.4708,$0.4594,$0.4642,$9.2 m,19804965,$646.2 m
09/24/2023,$0.4734,$0.4768,$0.4618,$0.4636,$8.6 m,18342614,$655.9 m
09/23/2023,$0.4719,$0.4753,$0.4680,$0.4733,$7.2 m,15119179,$658.3 m
09/22/2023,$0.4714,$0.4767,$0.4658,$0.4713,$10.3 m,21761258,$656.7 m
09/21/2023,$0.4874,$0.5016,$0.4662,$0.4714,$20.4 m,42801172,$664.1 m
09/20/2023,$0.4906,$0.4985,$0.4781,$0.4882,$18.1 m,37336469,$676 m
09/19/2023,$0.4819,$0.5019,$0.4725,$0.4918,$31.5 m,64396284,$681.1 m
09/18/2023,$0.4529,$0.5004,$0.4476,$0.4815,$48.6 m,102927374,$657.6 m
09/17/2023,$0.4709,$0.4709,$0.4489,$0.4529,$11.6 m,25220909,$638.5 m
09/16/2023,$0.4691,$0.4758,$0.4661,$0.4713,$15 m,31782286,$655.7 m
09/15/2023,$0.4686,$0.4730,$0.4549,$0.4684,$17.1 m,36945693,$643.3 m
09/14/2023,$0.4593,$0.4734,$0.4554,$0.4683,$16.5 m,35478908,$646.3 m
09/13/2023,$0.4411,$0.4631,$0.4403,$0.4593,$24.1 m,52952627,$634.1 m
09/12/2023,$0.4278,$0.4555,$0.4269,$0.4409,$25.5 m,57223993,$619 m
09/11/2023,$0.4512,$0.4528,$0.4225,$0.4276,$20.4 m,46703437,$608.7 m
09/10/2023,$0.4675,$0.4675,$0.4470,$0.4508,$14 m,30760529,$631.1 m
09/09/2023,$0.4630,$0.4696,$0.4605,$0.4675,$7.6 m,16289617,$648.3 m
09/08/2023,$0.4733,$0.4758,$0.4569,$0.4628,$11.8 m,25356521,$646.5 m
09/07/2023,$0.4647,$0.4732,$0.4573,$0.4732,$11.9 m,25681860,$644.2 m
09/06/2023,$0.4754,$0.4785,$0.4552,$0.4649,$21.4 m,46058001,$647 m
09/05/2023,$0.4572,$0.4848,$0.4551,$0.4753,$56.5 m,120945236,$650.3 m
09/04/2023,$0.4561,$0.4607,$0.4460,$0.4525,$12.6 m,27760775,$631.8 m
09/03/2023,$0.4584,$0.4614,$0.4505,$0.4562,$11.5 m,25089506,$635.3 m
09/02/2023,$0.4690,$0.4707,$0.4511,$0.4580,$14.8 m,32158101,$642 m
09/01/2023,$0.4918,$0.4986,$0.4666,$0.4684,$28.4 m,58711457,$672.9 m
08/31/2023,$0.5309,$0.5347,$0.4883,$0.4895,$42 m,81602854,$716.9 m
08/30/2023,$0.5392,$0.5554,$0.5171,$0.5287,$117.7 m,221632206,$739.1 m
08/29/2023,$0.4568,$0.5290,$0.4469,$0.5264,$99.7 m,208729722,$664.6 m
08/28/2023,$0.4704,$0.4704,$0.4532,$0.4567,$10.1 m,22152288,$637.2 m
08/27/2023,$0.4633,$0.4726,$0.4617,$0.4686,$4.4 m,9471933,$648.7 m
08/26/2023,$0.4719,$0.4745,$0.4637,$0.4642,$4.7 m,9966908,$652.3 m
08/25/2023,$0.4758,$0.4764,$0.4616,$0.4713,$10.7 m,22902580,$652.7 m
08/24/2023,$0.4848,$0.4868,$0.4709,$0.4757,$7.9 m,16357487,$667.9 m
08/23/2023,$0.4716,$0.4910,$0.4666,$0.4852,$11.2 m,23523762,$662.2 m
08/22/2023,$0.4735,$0.4754,$0.4530,$0.4721,$12 m,25612634,$651.4 m
08/21/2023,$0.4895,$0.4903,$0.4675,$0.4732,$10.5 m,21854480,$666.9 m
08/20/2023,$0.4950,$0.4989,$0.4864,$0.4897,$7.2 m,14649193,$683.5 m
08/19/2023,$0.4781,$0.4971,$0.4780,$0.4947,$10.4 m,21397112,$674.8 m
08/18/2023,$0.4659,$0.4879,$0.4656,$0.4784,$22 m,46200271,$663.7 m
08/17/2023,$0.5139,$0.5235,$0.4408,$0.4667,$36 m,70550450,$710.3 m
08/16/2023,$0.5528,$0.5582,$0.5056,$0.5153,$31.3 m,58626790,$743.1 m
08/15/2023,$0.5848,$0.5859,$0.5424,$0.5529,$17.9 m,31138758,$797.9 m
08/14/2023,$0.5818,$0.5905,$0.5762,$0.5847,$11.6 m,19918077,$811.2 m
08/13/2023,$0.5847,$0.6003,$0.5817,$0.5825,$16.5 m,28111495,$818.5 m
08/12/2023,$0.5811,$0.5858,$0.5805,$0.5846,$8 m,13662671,$811.2 m
08/11/2023,$0.5805,$0.5843,$0.5793,$0.5813,$9.7 m,16756050,$808.6 m
08/10/2023,$0.5844,$0.5886,$0.5791,$0.5805,$15.2 m,26018030,$810.7 m
08/09/2023,$0.5935,$0.5994,$0.5793,$0.5844,$31 m,52679007,$817.7 m
08/08/2023,$0.5767,$0.6305,$0.5642,$0.5960,$35.4 m,61172732,$806.3 m
08/07/2023,$0.5771,$0.5832,$0.5619,$0.5768,$16.6 m,28748922,$803.1 m
08/06/2023,$0.5780,$0.5827,$0.5724,$0.5769,$9.5 m,16508718,$804.8 m
08/05/2023,$0.5832,$0.5832,$0.5741,$0.5780,$10.7 m,18562278,$802.7 m
08/04/2023,$0.6076,$0.6076,$0.5791,$0.5835,$23.4 m,39599897,$821.3 m
08/03/2023,$0.6121,$0.6291,$0.6068,$0.6084,$54.6 m,88727398,$856.6 m
08/02/2023,$0.6114,$0.6201,$0.6032,$0.6094,$42.1 m,68783673,$851.5 m
08/01/2023,$0.5878,$0.6224,$0.5870,$0.6114,$76.9 m,127672020,$838.4 m
07/31/2023,$0.5972,$0.6017,$0.5835,$0.5879,$13.8 m,23259190,$825.7 m
07/30/2023,$0.6009,$0.6065,$0.5874,$0.5978,$21.9 m,36417602,$835.5 m
07/29/2023,$0.5977,$0.6021,$0.5961,$0.6009,$9.1 m,15166035,$833.4 m
07/28/2023,$0.5949,$0.6011,$0.5904,$0.5983,$10.9 m,18188753,$830.6 m
07/27/2023,$0.6050,$0.6094,$0.5902,$0.5950,$15.5 m,25726132,$836.3 m
07/26/2023,$0.5947,$0.6101,$0.5864,$0.6043,$24.4 m,40782545,$833.1 m
07/25/2023,$0.5914,$0.5975,$0.5858,$0.5950,$17.7 m,29994518,$804.2 m
07/24/2023,$0.6257,$0.6271,$0.5830,$0.5918,$25.4 m,42104756,$818.9 m
07/23/2023,$0.6222,$0.6322,$0.6183,$0.6258,$12.7 m,20285328,$848.9 m
07/22/2023,$0.6227,$0.6333,$0.6190,$0.6219,$15 m,23871180,$855.2 m
07/21/2023,$0.6228,$0.6269,$0.6193,$0.6228,$14.7 m,23519837,$847.4 m
07/20/2023,$0.6285,$0.6413,$0.6171,$0.6216,$24.4 m,38767881,$855 m
07/19/2023,$0.6325,$0.6437,$0.6271,$0.6288,$22.4 m,35312356,$862.4 m
07/18/2023,$0.6378,$0.6594,$0.6250,$0.6325,$49.2 m,77249556,$866.6 m
07/17/2023,$0.6298,$0.6439,$0.6154,$0.6376,$26.7 m,42200746,$860.1 m
07/16/2023,$0.6465,$0.6484,$0.6265,$0.6295,$18.7 m,29113433,$872.1 m
07/15/2023,$0.6502,$0.6560,$0.6408,$0.6461,$22.1 m,34184213,$879.4 m
07/14/2023,$0.6830,$0.7034,$0.6412,$0.6520,$67.1 m,99407194,$917.5 m
07/13/2023,$0.6695,$0.6895,$0.6515,$0.6828,$70 m,104337150,$911.9 m
07/12/2023,$0.6567,$0.6915,$0.6562,$0.6694,$51.7 m,77233448,$910.8 m
07/11/2023,$0.6389,$0.6643,$0.6323,$0.6566,$39.2 m,60358908,$883.2 m
07/10/2023,$0.6396,$0.6509,$0.6143,$0.6394,$31.6 m,50261759,$856.1 m
07/09/2023,$0.6439,$0.6498,$0.6386,$0.6396,$14.9 m,23084789,$877.2 m
07/08/2023,$0.6512,$0.6568,$0.6365,$0.6435,$16.9 m,26137085,$881.1 m
07/07/2023,$0.6449,$0.6569,$0.6414,$0.6511,$31.9 m,49130677,$883.1 m
07/06/2023,$0.6697,$0.6961,$0.6461,$0.6461,$56.4 m,84199278,$910.8 m
07/05/2023,$0.6946,$0.7010,$0.6640,$0.6708,$48 m,70277060,$928.2 m
07/04/2023,$0.7408,$0.7408,$0.6909,$0.6943,$61.4 m,86174110,$969.1 m
07/03/2023,$0.6975,$0.7500,$0.6975,$0.7420,$132.3 m,181805734,$989.7 m
07/02/2023,$0.6976,$0.7073,$0.6775,$0.6988,$39.4 m,57383952,$934.8 m
07/01/2023,$0.6915,$0.7016,$0.6727,$0.6986,$51.3 m,75035974,$930.4 m
06/30/2023,$0.6848,$0.7188,$0.6475,$0.6932,$129.1 m,186980401,$939.2 m
06/29/2023,$0.6841,$0.7243,$0.6809,$0.6856,$100.7 m,144220666,$949.8 m
06/28/2023,$0.7096,$0.7099,$0.6680,$0.6839,$72.2 m,105310012,$932.6 m
06/27/2023,$0.7346,$0.7401,$0.7038,$0.7120,$79.4 m,110407396,$978.4 m
06/26/2023,$0.7288,$0.7779,$0.7201,$0.7351,$139.9 m,188031539,$1 bn
06/25/2023,$0.7354,$0.7566,$0.7179,$0.7289,$70.5 m,95665903,$1 bn
06/24/2023,$0.7658,$0.7676,$0.7206,$0.7364,$91.9 m,123031440,$1 bn
06/23/2023,$0.7788,$0.8288,$0.7514,$0.7665,$170.8 m,218731551,$1.1 bn
06/22/2023,$0.8191,$0.8750,$0.7738,$0.7754,$209.1 m,253221908,$1.1 bn
06/21/2023,$0.7536,$0.8683,$0.7306,$0.8214,$326 m,420288294,$1.1 bn
06/20/2023,$0.5934,$0.7626,$0.5920,$0.7489,$244.1 m,373315972,$889.3 m
06/19/2023,$0.5550,$0.6035,$0.5550,$0.5938,$39 m,67841909,$781 m
06/18/2023,$0.5636,$0.5766,$0.5487,$0.5537,$22.3 m,39696294,$764.4 m
06/17/2023,$0.5501,$0.5877,$0.5488,$0.5635,$41.8 m,73540231,$773.7 m
06/16/2023,$0.5391,$0.5662,$0.5261,$0.5506,$57.1 m,105350656,$737.2 m
06/15/2023,$0.4876,$0.5442,$0.4714,$0.5403,$45.7 m,92951552,$668.9 m
06/14/2023,$0.5146,$0.5274,$0.4803,$0.4892,$27.7 m,53820150,$700.2 m
06/13/2023,$0.5189,$0.5420,$0.5084,$0.5149,$36.9 m,70776315,$709.9 m
06/12/2023,$0.5354,$0.5354,$0.5060,$0.5190,$31.1 m,59686346,$707.6 m
06/11/2023,$0.5549,$0.5554,$0.5213,$0.5366,$33.6 m,62586870,$731 m
06/10/2023,$0.6237,$0.6246,$0.4801,$0.5516,$108.3 m,200755605,$733.8 m
06/09/2023,$0.6309,$0.6520,$0.6150,$0.6223,$60.1 m,95350743,$856.7 m
06/08/2023,$0.6442,$0.6774,$0.6216,$0.6296,$147.2 m,227697188,$879 m
06/07/2023,$0.5881,$0.6624,$0.5881,$0.6434,$240.9 m,382839143,$855.7 m
06/06/2023,$0.5425,$0.5957,$0.5293,$0.5891,$88.9 m,158542296,$763 m
06/05/2023,$0.6140,$0.6140,$0.5340,$0.5435,$34.2 m,58833605,$790.3 m
06/04/2023,$0.6164,$0.6230,$0.6118,$0.6152,$7.8 m,12642260,$839.8 m
06/03/2023,$0.6136,$0.6213,$0.6087,$0.6160,$8.5 m,13770651,$835.7 m
06/02/2023,$0.5972,$0.6148,$0.5939,$0.6141,$11.7 m,19186980,$827.3 m
06/01/2023,$0.6002,$0.6058,$0.5937,$0.5975,$10.4 m,17298579,$817.2 m
05/31/2023,$0.6253,$0.6286,$0.5906,$0.6002,$17.6 m,29110994,$821.2 m
05/30/2023,$0.6335,$0.6396,$0.6210,$0.6267,$17.1 m,27091291,$856.6 m
05/29/2023,$0.6302,$0.6502,$0.6271,$0.6332,$34.6 m,54489056,$864.2 m
05/28/2023,$0.6081,$0.6338,$0.6044,$0.6305,$14.8 m,24056516,$836.8 m
05/27/2023,$0.6031,$0.6090,$0.5992,$0.6082,$12.3 m,20280044,$822.1 m
05/26/2023,$0.5833,$0.6094,$0.5832,$0.6032,$33.8 m,56396076,$815.3 m
05/25/2023,$0.5928,$0.5944,$0.5772,$0.5838,$18.7 m,32067262,$793.7 m
05/24/2023,$0.6370,$0.6370,$0.5870,$0.5934,$27.1 m,44758709,$824.9 m
05/23/2023,$0.6318,$0.6572,$0.6318,$0.6374,$46.3 m,71966109,$875.1 m
05/22/2023,$0.6408,$0.6408,$0.6231,$0.6307,$18.4 m,29144014,$858.4 m
05/21/2023,$0.6710,$0.6725,$0.6401,$0.6412,$17.1 m,26082596,$893.1 m
05/20/2023,$0.6655,$0.6768,$0.6580,$0.6715,$23.6 m,35424344,$907.2 m
05/19/2023,$0.6652,$0.6671,$0.6501,$0.6649,$27.9 m,42392014,$895.6 m
05/18/2023,$0.6615,$0.6782,$0.6392,$0.6667,$44.3 m,67001589,$898.9 m
05/17/2023,$0.6378,$0.6681,$0.6299,$0.6621,$38.7 m,59851508,$878.9 m
05/16/2023,$0.6354,$0.6465,$0.6250,$0.6382,$27.5 m,43276005,$863 m
05/15/2023,$0.6296,$0.6469,$0.6163,$0.6350,$32.8 m,51435515,$866 m
05/14/2023,$0.6229,$0.6420,$0.6145,$0.6298,$24.8 m,39552829,$851.4 m
05/13/2023,$0.6375,$0.6375,$0.6203,$0.6231,$25.2 m,40107030,$854 m
05/12/2023,$0.6279,$0.6413,$0.6036,$0.6372,$66.8 m,107397031,$845.3 m
05/11/2023,$0.6622,$0.6757,$0.6107,$0.6286,$64.8 m,101185831,$871.2 m
05/10/2023,$0.6930,$0.6940,$0.6210,$0.6634,$119 m,180998847,$894.4 m
05/09/2023,$0.7381,$0.7381,$0.6856,$0.6934,$112.1 m,159484330,$955.8 m
05/08/2023,$0.7297,$0.8139,$0.7032,$0.7411,$257.2 m,341203303,$1 bn
05/07/2023,$0.7027,$0.7539,$0.6908,$0.7344,$81.5 m,114749086,$965.5 m
05/06/2023,$0.7247,$0.7358,$0.6881,$0.7016,$50.9 m,71999325,$960.8 m
05/05/2023,$0.7448,$0.7627,$0.7187,$0.7257,$59.5 m,80770168,$1 bn
05/04/2023,$0.8024,$0.8228,$0.7439,$0.7455,$60.4 m,77832478,$1.1 bn
05/03/2023,$0.7518,$0.8199,$0.7518,$0.8019,$163.1 m,207169428,$1.1 bn
05/02/2023,$0.6813,$0.7700,$0.6798,$0.7542,$89.1 m,125364268,$966.2 m
05/01/2023,$0.7184,$0.7232,$0.6717,$0.6821,$37.1 m,53991452,$934.3 m
04/30/2023,$0.7221,$0.7370,$0.7141,$0.7199,$36.5 m,50392866,$983.7 m
04/29/2023,$0.7137,$0.7305,$0.7095,$0.7225,$29 m,40181349,$982.7 m
04/28/2023,$0.7426,$0.7479,$0.7022,$0.7142,$41.6 m,57460470,$983.4 m
04/27/2023,$0.7315,$0.7766,$0.7234,$0.7426,$71.2 m,95797005,$1 bn
04/26/2023,$0.7456,$0.7969,$0.7111,$0.7330,$78.7 m,104868622,$1 bn
04/25/2023,$0.7331,$0.7529,$0.7067,$0.7474,$75.3 m,104213707,$982.7 m
04/24/2023,$0.7092,$0.7567,$0.6997,$0.7354,$133.9 m,182590916,$997.6 m
04/23/2023,$0.7315,$0.7315,$0.6924,$0.7091,$48.3 m,67915832,$968.1 m
04/22/2023,$0.6869,$0.7429,$0.6765,$0.7339,$47.2 m,67444786,$951.8 m
04/21/2023,$0.7372,$0.7487,$0.6764,$0.6878,$56.9 m,79228085,$976.1 m
04/20/2023,$0.7625,$0.7723,$0.7207,$0.7361,$54.5 m,72686998,$1 bn
04/19/2023,$0.8625,$0.8625,$0.7599,$0.7633,$63 m,78288685,$1.1 bn
04/18/2023,$0.8403,$0.8692,$0.8254,$0.8627,$46.7 m,54941004,$1.2 bn
04/17/2023,$0.8606,$0.8606,$0.8347,$0.8392,$39.1 m,46192185,$1.1 bn
04/16/2023,$0.8659,$0.8825,$0.8439,$0.8610,$39.4 m,45860985,$1.2 bn
04/15/2023,$0.8809,$0.8809,$0.8515,$0.8665,$37.8 m,43720216,$1.2 bn
04/14/2023,$0.8851,$0.9089,$0.8537,$0.8822,$89.7 m,101367835,$1.2 bn
04/13/2023,$0.8854,$0.9137,$0.8657,$0.8849,$81.5 m,92381936,$1.2 bn
04/12/2023,$0.9638,$0.9708,$0.8846,$0.8853,$140.3 m,152371601,$1.3 bn
04/11/2023,$0.9181,$1.01,$0.9118,$0.9647,$170.6 m,179000268,$1.3 bn
04/10/2023,$0.8694,$0.9333,$0.8310,$0.9195,$124 m,143095945,$1.2 bn
04/09/2023,$0.8057,$0.8840,$0.7859,$0.8749,$85.8 m,104548214,$1.1 bn
04/08/2023,$0.7970,$0.8176,$0.7916,$0.8037,$29.8 m,36851988,$1.1 bn
04/07/2023,$0.8243,$0.8330,$0.7777,$0.7970,$36 m,44971819,$1.1 bn
04/06/2023,$0.8639,$0.8639,$0.8104,$0.8238,$45.2 m,54652081,$1.1 bn
04/05/2023,$0.8792,$0.9117,$0.8564,$0.8648,$62.5 m,71156079,$1.2 bn
04/04/2023,$0.8818,$0.8870,$0.8553,$0.8772,$56.3 m,64467959,$1.2 bn
04/03/2023,$0.8760,$0.9281,$0.8575,$0.8780,$125.4 m,140342935,$1.2 bn
04/02/2023,$0.8997,$0.9347,$0.8659,$0.8766,$71.5 m,81084241,$1.2 bn
04/01/2023,$0.9307,$0.9321,$0.8879,$0.8994,$46.4 m,51332139,$1.2 bn
03/31/2023,$0.9308,$0.9431,$0.8928,$0.9321,$86.8 m,94378676,$1.3 bn
03/30/2023,$0.9888,$1.03,$0.9167,$0.9321,$145.5 m,152892674,$1.3 bn
03/29/2023,$0.9418,$1.05,$0.9341,$0.9898,$226.5 m,228022335,$1.4 bn
03/28/2023,$0.9131,$0.9628,$0.8614,$0.9480,$156.9 m,175398336,$1.2 bn
03/27/2023,$1.01,$1.02,$0.8901,$0.9135,$142 m,150484101,$1.3 bn
03/26/2023,$0.9413,$1.03,$0.9233,$1.01,$191 m,194282074,$1.3 bn
03/25/2023,$1.04,$1.05,$0.9184,$0.9432,$147.3 m,150342375,$1.3 bn
03/24/2023,$1.17,$1.18,$1.00,$1.04,$185.2 m,168917025,$1.5 bn
03/23/2023,$1.17,$1.21,$1.13,$1.17,$234.6 m,201848339,$1.6 bn
03/22/2023,$1.13,$1.23,$1.07,$1.16,$443.5 m,390195441,$1.5 bn
03/21/2023,$1.17,$1.23,$1.11,$1.13,$312.6 m,266594595,$1.6 bn
03/20/2023,$1.15,$1.29,$1.09,$1.17,$427.1 m,360413797,$1.6 bn
03/19/2023,$1.15,$1.25,$1.10,$1.15,$320.3 m,273087722,$1.6 bn
03/18/2023,$1.17,$1.27,$1.12,$1.14,$430.5 m,355438852,$1.6 bn
03/17/2023,$0.9135,$1.18,$0.9067,$1.17,$536.9 m,507424522,$1.4 bn
03/16/2023,$0.8777,$0.9361,$0.8618,$0.9151,$254.4 m,281487061,$1.2 bn
03/15/2023,$0.9646,$1.08,$0.8183,$0.8801,$548.6 m,563173310,$1.3 bn
03/14/2023,$0.7993,$1.02,$0.7819,$0.9670,$525.5 m,602608296,$1.2 bn
03/13/2023,$0.7448,$0.8343,$0.7130,$0.7986,$410.8 m,535718608,$1 bn
03/12/2023,$0.6127,$0.7406,$0.5773,$0.7406,$163.5 m,271828638,$817.8 m
03/11/2023,$0.6037,$0.6276,$0.5699,$0.6114,$145.8 m,245179211,$809 m
03/10/2023,$0.5617,$0.6097,$0.5245,$0.6031,$182.4 m,319992039,$775.2 m
03/09/2023,$0.6283,$0.6592,$0.5625,$0.5784,$191.2 m,308314846,$843.3 m
03/08/2023,$0.6850,$0.6892,$0.6117,$0.6267,$110.4 m,170441138,$880.7 m
03/07/2023,$0.7588,$0.7644,$0.6655,$0.6863,$114.5 m,160168739,$972.2 m
03/06/2023,$0.7600,$0.7782,$0.7310,$0.7586,$136.3 m,180622969,$1 bn
03/05/2023,$0.7421,$0.7741,$0.7188,$0.7581,$193.7 m,259225791,$1 bn
03/04/2023,$0.8548,$0.8689,$0.7286,$0.7427,$145.5 m,183920227,$1.1 bn
03/03/2023,$0.9299,$0.9299,$0.8201,$0.8519,$177 m,208737976,$1.2 bn
03/02/2023,$0.9898,$1.03,$0.9041,$0.9292,$216.1 m,230953419,$1.3 bn
03/01/2023,$0.8893,$1.03,$0.8793,$0.9855,$357 m,365690024,$1.3 bn
02/28/2023,$0.9140,$0.9478,$0.8522,$0.8872,$262.4 m,295520823,$1.2 bn
02/27/2023,$0.7828,$0.9682,$0.7571,$0.9164,$547.1 m,612675557,$1.2 bn
02/26/2023,$0.7684,$0.7993,$0.7342,$0.7834,$155 m,203446536,$1 bn
02/25/2023,$0.7327,$0.7763,$0.6541,$0.7708,$193.8 m,277503969,$949.6 m
02/24/2023,$0.8214,$0.8583,$0.6962,$0.7324,$213.4 m,279382011,$1 bn
02/23/2023,$0.7384,$0.8850,$0.7377,$0.8163,$428.5 m,512763884,$1.1 bn
02/22/2023,$0.6483,$0.8478,$0.6369,$0.7329,$578.7 m,812598857,$968.5 m
02/21/2023,$0.6140,$0.7625,$0.5878,$0.6497,$511.8 m,774170271,$899.1 m
02/20/2023,$0.6431,$0.7836,$0.5537,$0.6141,$770.5 m,1238677950,$846 m
02/19/2023,$0.3792,$0.6575,$0.3748,$0.6509,$496.7 m,1177567390,$573.6 m
02/18/2023,$0.3316,$0.3860,$0.3314,$0.3782,$41.5 m,119136045,$473.8 m
02/17/2023,$0.3201,$0.3334,$0.3198,$0.3306,$14.3 m,43727673,$443.3 m
02/16/2023,$0.3410,$0.3546,$0.3173,$0.3195,$33.3 m,98364399,$460.8 m
02/15/2023,$0.3053,$0.3531,$0.3007,$0.3407,$68.9 m,212414540,$441.2 m
02/14/2023,$0.2972,$0.3096,$0.2855,$0.3063,$23.9 m,80856483,$402.6 m
02/13/2023,$0.2969,$0.3268,$0.2868,$0.2974,$71.1 m,238535180,$405.4 m
02/12/2023,$0.2918,$0.3315,$0.2849,$0.2953,$37 m,125496460,$401.4 m
02/11/2023,$0.2848,$0.2922,$0.2816,$0.2922,$4 m,14024123,$388.9 m
02/10/2023,$0.2858,$0.2873,$0.2791,$0.2833,$8.5 m,29855478,$376.5 m
02/09/2023,$0.3147,$0.3147,$0.2828,$0.2856,$18.2 m,60668779,$398.7 m
02/08/2023,$0.3119,$0.3269,$0.3015,$0.3155,$22 m,69892510,$417.7 m
02/07/2023,$0.2960,$0.3127,$0.2960,$0.3123,$18.5 m,61009658,$401.7 m
02/06/2023,$0.2999,$0.3093,$0.2927,$0.2959,$14 m,46971712,$396.7 m
02/05/2023,$0.3056,$0.3107,$0.2922,$0.2993,$20 m,66660307,$398.7 m
02/04/2023,$0.3027,$0.3082,$0.2974,$0.3048,$11.3 m,37284068,$402.6 m
02/03/2023,$0.2853,$0.3064,$0.2853,$0.3032,$32.1 m,107344025,$397 m
02/02/2023,$0.2860,$0.2983,$0.2849,$0.2849,$12.3 m,42245350,$387.1 m
02/01/2023,$0.2766,$0.2876,$0.2674,$0.2858,$11.5 m,41854412,$366.4 m
01/31/2023,$0.2700,$0.2911,$0.2645,$0.2768,$13.2 m,48264793,$362 m
01/30/2023,$0.2935,$0.2953,$0.2678,$0.2693,$12.7 m,45261955,$372.9 m
01/29/2023,$0.2880,$0.2936,$0.2855,$0.2933,$6 m,20583214,$384.9 m
01/28/2023,$0.2932,$0.2948,$0.2839,$0.2881,$9.4 m,32359277,$384.6 m
01/27/2023,$0.2813,$0.2986,$0.2759,$0.2936,$18.1 m,63177221,$379.4 m
01/26/2023,$0.2825,$0.2874,$0.2770,$0.2814,$9.5 m,33804625,$374.4 m
01/25/2023,$0.2766,$0.2855,$0.2681,$0.2828,$12.6 m,45833394,$365.5 m
01/24/2023,$0.2881,$0.3035,$0.2734,$0.2747,$29.8 m,101563697,$389.3 m
01/23/2023,$0.2774,$0.2934,$0.2774,$0.2879,$19.7 m,69416276,$377.7 m
01/22/2023,$0.2728,$0.2825,$0.2711,$0.2771,$10.9 m,39703143,$365.7 m
01/21/2023,$0.2753,$0.2794,$0.2716,$0.2731,$10.9 m,39629226,$366 m
01/20/2023,$0.2596,$0.2756,$0.2530,$0.2756,$9.2 m,35503270,$345.8 m
01/19/2023,$0.2505,$0.2608,$0.2505,$0.2595,$7.8 m,30643424,$340 m
01/18/2023,$0.2702,$0.2736,$0.2479,$0.2502,$14.4 m,54494225,$350.3 m
01/17/2023,$0.2756,$0.2756,$0.2682,$0.2703,$12.1 m,44587053,$360.8 m
01/16/2023,$0.2718,$0.2806,$0.2641,$0.2763,$26.4 m,96734078,$362.8 m
01/15/2023,$0.2669,$0.2763,$0.2612,$0.2717,$20.7 m,77377698,$355.4 m
01/14/2023,$0.2548,$0.2739,$0.2515,$0.2668,$23.8 m,90738923,$349 m
01/13/2023,$0.2463,$0.2561,$0.2426,$0.2545,$10.4 m,41867285,$328.5 m
01/12/2023,$0.2383,$0.2475,$0.2364,$0.2462,$13 m,54181920,$319.2 m
01/11/2023,$0.2363,$0.2392,$0.2307,$0.2392,$7.4 m,31791388,$310.9 m
01/10/2023,$0.2308,$0.2398,$0.2283,$0.2367,$9.2 m,39615680,$309.8 m
01/09/2023,$0.2263,$0.2387,$0.2255,$0.2300,$8.9 m,38569206,$307 m
01/08/2023,$0.2198,$0.2256,$0.2173,$0.2256,$3.4 m,15292751,$291.3 m
01/07/2023,$0.2182,$0.2207,$0.2174,$0.2198,$3.1 m,14355725,$290.9 m
01/06/2023,$0.2172,$0.2184,$0.2119,$0.2181,$4.5 m,20980590,$286 m
01/05/2023,$0.2208,$0.2231,$0.2168,$0.2174,$4.5 m,20365729,$290.6 m
01/04/2023,$0.2154,$0.2222,$0.2150,$0.2203,$5.1 m,23407134,$290.8 m
01/03/2023,$0.2165,$0.2186,$0.2135,$0.2152,$2.8 m,12940071,$286.8 m
01/02/2023,$0.2133,$0.2170,$0.2115,$0.2163,$2.3 m,10643902,$285.3 m
01/01/2023,$0.2105,$0.2132,$0.2092,$0.2132,$2.1 m,9882355,$280 m
12/31/2022,$0.2159,$0.2202,$0.2085,$0.2108,$5.2 m,24365788,$283.7 m
12/30/2022,$0.2070,$0.2191,$0.2055,$0.2155,$6.6 m,31627517,$278.1 m
12/29/2022,$0.2106,$0.2121,$0.2047,$0.2070,$2.9 m,13942802,$276.9 m
12/28/2022,$0.2224,$0.2226,$0.2101,$0.2110,$3.7 m,17410417,$284.5 m
12/27/2022,$0.2271,$0.2278,$0.2210,$0.2222,$2.1 m,9311506,$297 m
12/26/2022,$0.2301,$0.2301,$0.2243,$0.2269,$2.6 m,11504375,$300.2 m
12/25/2022,$0.2378,$0.2378,$0.2265,$0.2300,$4.2 m,17934551,$307.5 m
12/24/2022,$0.2282,$0.2548,$0.2282,$0.2378,$20.2 m,85483226,$313.5 m
12/23/2022,$0.2280,$0.2300,$0.2270,$0.2278,$1.9 m,8256417,$303.2 m
12/22/2022,$0.2282,$0.2314,$0.2237,$0.2278,$3 m,12985295,$302.1 m
12/21/2022,$0.2311,$0.2311,$0.2254,$0.2275,$2.7 m,11658863,$302.5 m
12/20/2022,$0.2204,$0.2343,$0.2204,$0.2307,$4.6 m,20182353,$303.1 m
12/19/2022,$0.2361,$0.2366,$0.2189,$0.2207,$4.9 m,21552138,$304.5 m
12/18/2022,$0.2395,$0.2395,$0.2325,$0.2356,$2.8 m,12017236,$312.4 m
12/17/2022,$0.2414,$0.2443,$0.2256,$0.2392,$7.9 m,33495353,$312.3 m
12/16/2022,$0.2695,$0.2763,$0.2357,$0.2402,$16.5 m,62762834,$349.3 m
12/15/2022,$0.2767,$0.2767,$0.2635,$0.2665,$9.3 m,34721573,$354.1 m
12/14/2022,$0.2984,$0.2990,$0.2735,$0.2763,$20.4 m,71776187,$376.9 m
12/13/2022,$0.3075,$0.3216,$0.2923,$0.2990,$62.6 m,205188226,$405.1 m
12/12/2022,$0.2809,$0.3121,$0.2795,$0.3090,$83.9 m,279790061,$398 m
12/11/2022,$0.2716,$0.3099,$0.2699,$0.2805,$84.7 m,294580471,$382 m
12/10/2022,$0.2648,$0.3609,$0.2638,$0.2719,$89.1 m,316096548,$374.5 m
12/09/2022,$0.2625,$0.2724,$0.2595,$0.2654,$9.5 m,35447664,$354.7 m
12/08/2022,$0.2515,$0.2676,$0.2471,$0.2629,$13.5 m,53051487,$338.9 m
12/07/2022,$0.2591,$0.2591,$0.2423,$0.2513,$7.6 m,30514575,$332.6 m
12/06/2022,$0.2594,$0.2660,$0.2526,$0.2594,$9.7 m,37594802,$342.8 m
12/05/2022,$0.2474,$0.2586,$0.2474,$0.2576,$8 m,31589642,$334.9 m
12/04/2022,$0.2467,$0.2490,$0.2449,$0.2476,$3 m,12021972,$327.7 m
12/03/2022,$0.2472,$0.2550,$0.2454,$0.2463,$5.3 m,21388378,$332 m
12/02/2022,$0.2482,$0.2500,$0.2408,$0.2474,$4.8 m,19391629,$326.5 m
12/01/2022,$0.2542,$0.2542,$0.2476,$0.2482,$3.4 m,13648220,$332.5 m
11/30/2022,$0.2499,$0.2567,$0.2481,$0.2547,$9.2 m,36315630,$336.2 m
11/29/2022,$0.2515,$0.2648,$0.2438,$0.2502,$17.9 m,71219725,$334.2 m
11/28/2022,$0.2381,$0.3496,$0.2339,$0.2520,$67 m,268833734,$331.1 m
11/27/2022,$0.2346,$0.2500,$0.2346,$0.2376,$10.2 m,42418428,$318.3 m
11/26/2022,$0.2373,$0.2395,$0.2333,$0.2346,$4.2 m,17871998,$314.5 m
11/25/2022,$0.2312,$0.2512,$0.2308,$0.2376,$17.3 m,73104474,$313.9 m
11/24/2022,$0.2329,$0.2366,$0.2260,$0.2310,$3.9 m,16786272,$307.3 m
11/23/2022,$0.2247,$0.2326,$0.2240,$0.2326,$4.1 m,17981006,$303.1 m
11/22/2022,$0.2168,$0.2249,$0.2117,$0.2248,$4.7 m,21740779,$290 m
11/21/2022,$0.2232,$0.2317,$0.2103,$0.2164,$8.1 m,37189050,$290.7 m
11/20/2022,$0.2364,$0.2402,$0.2199,$0.2218,$11 m,47286049,$309.9 m
11/19/2022,$0.2412,$0.2412,$0.2330,$0.2363,$5.1 m,21512743,$312.3 m
11/18/2022,$0.2307,$0.2604,$0.2307,$0.2405,$27.3 m,113834835,$319 m
11/17/2022,$0.2365,$0.2367,$0.2252,$0.2303,$4.2 m,18303911,$305.7 m
11/16/2022,$0.2418,$0.2743,$0.2315,$0.2369,$26 m,107870366,$320 m
11/15/2022,$0.2204,$0.3257,$0.2164,$0.2432,$67.3 m,286538017,$311.9 m
11/14/2022,$0.2185,$0.2209,$0.2012,$0.2204,$6 m,28317275,$281.9 m
11/13/2022,$0.2336,$0.2336,$0.2138,$0.2183,$5.6 m,25192573,$296.7 m
11/12/2022,$0.2311,$0.2454,$0.2262,$0.2329,$11.3 m,48273176,$309.8 m
11/11/2022,$0.2472,$0.2490,$0.2218,$0.2307,$7.1 m,30335576,$312.1 m
11/10/2022,$0.2147,$0.2514,$0.2134,$0.2475,$9.2 m,39405058,$310.6 m
11/09/2022,$0.2750,$0.2751,$0.2121,$0.2136,$11.1 m,44696651,$330.6 m
11/08/2022,$0.3167,$0.3195,$0.2645,$0.2752,$12.1 m,40574220,$395.6 m
11/07/2022,$0.3190,$0.3214,$0.3126,$0.3166,$7.1 m,22447829,$422.3 m
11/06/2022,$0.3355,$0.3363,$0.3185,$0.3189,$5.4 m,16456707,$438.4 m
11/05/2022,$0.3349,$0.3424,$0.3322,$0.3354,$8.8 m,26194526,$447.7 m
11/04/2022,$0.3161,$0.3373,$0.3150,$0.3346,$11.6 m,35559674,$433.6 m
11/03/2022,$0.3058,$0.3246,$0.3053,$0.3154,$14.6 m,46330867,$419.6 m
11/02/2022,$0.3154,$0.3158,$0.3026,$0.3052,$7.8 m,25269975,$411.2 m
11/01/2022,$0.3181,$0.3210,$0.3132,$0.3153,$6.1 m,19068309,$421.7 m
10/31/2022,$0.3165,$0.3198,$0.3131,$0.3181,$5.6 m,17814088,$419.4 m
10/30/2022,$0.3182,$0.3246,$0.3150,$0.3161,$4.7 m,14762114,$421.6 m
10/29/2022,$0.3138,$0.3219,$0.3130,$0.3182,$5.5 m,17443716,$420.4 m
10/28/2022,$0.3078,$0.3153,$0.2979,$0.3138,$8.7 m,28275216,$407.4 m
10/27/2022,$0.3172,$0.3211,$0.3072,$0.3080,$6.4 m,20435713,$417.7 m
10/26/2022,$0.3098,$0.3182,$0.3086,$0.3171,$5.5 m,17583224,$417.3 m
10/25/2022,$0.3013,$0.3157,$0.3002,$0.3102,$9.2 m,29796381,$409.3 m
10/24/2022,$0.3051,$0.3063,$0.2966,$0.3014,$4 m,13187686,$400.8 m
10/23/2022,$0.3012,$0.3061,$0.2964,$0.3051,$4 m,13226390,$400.1 m
10/22/2022,$0.2976,$0.3086,$0.2956,$0.3009,$7.4 m,24651953,$397.3 m
10/21/2022,$0.2991,$0.2991,$0.2875,$0.2978,$5 m,16965734,$391.9 m
10/20/2022,$0.2944,$0.3134,$0.2909,$0.2999,$9.8 m,33028424,$394.2 m
10/19/2022,$0.3052,$0.3052,$0.2938,$0.2942,$3.8 m,12842356,$396.6 m
10/18/2022,$0.3094,$0.3118,$0.3002,$0.3048,$5.8 m,18830323,$407.1 m
10/17/2022,$0.3008,$0.3147,$0.2990,$0.3089,$8.7 m,28304171,$406.9 m
10/16/2022,$0.2979,$0.3029,$0.2979,$0.3011,$1.6 m,5352058,$398.8 m
10/15/2022,$0.2994,$0.3005,$0.2963,$0.2979,$1.8 m,6149076,$396.6 m
10/14/2022,$0.3012,$0.3100,$0.2981,$0.2995,$4.4 m,14566307,$404.6 m
10/13/2022,$0.3111,$0.3111,$0.2871,$0.3012,$8 m,26554702,$397.9 m
10/12/2022,$0.3131,$0.3138,$0.3096,$0.3110,$2.5 m,8063286,$413.8 m
10/11/2022,$0.3197,$0.3197,$0.3097,$0.3127,$5.5 m,17725112,$415.6 m
10/10/2022,$0.3381,$0.3381,$0.3209,$0.3209,$5.6 m,16969757,$436.4 m
10/09/2022,$0.3274,$0.3387,$0.3273,$0.3378,$14.4 m,43148966,$443.9 m
10/08/2022,$0.3264,$0.3411,$0.3257,$0.3275,$12.1 m,36739173,$437.8 m
10/07/2022,$0.3235,$0.3311,$0.3182,$0.3265,$6.8 m,21141075,$429.9 m
10/06/2022,$0.3269,$0.3304,$0.3217,$0.3233,$3.4 m,10348177,$432.6 m
10/05/2022,$0.3295,$0.3319,$0.3209,$0.3272,$4.6 m,14121566,$432.7 m
10/04/2022,$0.3213,$0.3301,$0.3203,$0.3299,$4.2 m,13020699,$430.7 m
10/03/2022,$0.3159,$0.3225,$0.3141,$0.3213,$5.5 m,17285277,$422.3 m
10/02/2022,$0.3236,$0.3245,$0.3154,$0.3162,$2.8 m,8845807,$426 m
10/01/2022,$0.3244,$0.3256,$0.3210,$0.3234,$2.6 m,7935268,$430 m
09/30/2022,$0.3283,$0.3310,$0.3218,$0.3246,$6.1 m,18847893,$433.2 m
09/29/2022,$0.3260,$0.3340,$0.3192,$0.3285,$9 m,27708641,$432 m
09/28/2022,$0.3284,$0.3315,$0.3167,$0.3254,$7.4 m,22883335,$429.3 m
09/27/2022,$0.3279,$0.3380,$0.3213,$0.3284,$6.7 m,20319920,$440.4 m
09/26/2022,$0.3274,$0.3292,$0.3181,$0.3278,$6 m,18366367,$431.7 m
09/25/2022,$0.3312,$0.3353,$0.3244,$0.3275,$4.5 m,13506633,$439.2 m
09/24/2022,$0.3376,$0.3396,$0.3285,$0.3318,$3.1 m,9229735,$445.9 m
09/23/2022,$0.3376,$0.3432,$0.3237,$0.3379,$7.6 m,22896470,$443.6 m
09/22/2022,$0.3220,$0.3388,$0.3186,$0.3380,$5.8 m,17646224,$438.4 m
09/21/2022,$0.3355,$0.3402,$0.3182,$0.3223,$6.7 m,20417286,$439 m
09/20/2022,$0.3317,$0.3514,$0.3269,$0.3354,$14.2 m,42528552,$444.1 m
09/19/2022,$0.3273,$0.3367,$0.3163,$0.3325,$6.8 m,20731087,$432.8 m
09/18/2022,$0.3566,$0.3566,$0.3259,$0.3269,$5.3 m,15288068,$460.9 m
09/17/2022,$0.3492,$0.3581,$0.3485,$0.3568,$3.2 m,9045214,$468 m
09/16/2022,$0.3436,$0.3521,$0.3412,$0.3478,$4.9 m,14123359,$460 m
09/15/2022,$0.3533,$0.3539,$0.3421,$0.3433,$4.1 m,11747598,$462.1 m
09/14/2022,$0.3504,$0.3555,$0.3455,$0.3532,$4.6 m,13012278,$467.7 m
09/13/2022,$0.3876,$0.3876,$0.3488,$0.3501,$8.8 m,23851960,$490.6 m
09/12/2022,$0.3897,$0.3978,$0.3798,$0.3876,$8.5 m,22000352,$514.6 m
09/11/2022,$0.3841,$0.3927,$0.3829,$0.3908,$13.5 m,34838908,$515.6 m
09/10/2022,$0.3815,$0.3934,$0.3741,$0.3838,$9.2 m,24055939,$506 m
09/09/2022,$0.3610,$0.3868,$0.3608,$0.3816,$9.9 m,26441018,$498.1 m
09/08/2022,$0.3509,$0.3842,$0.3477,$0.3611,$18.1 m,51204313,$470 m
09/07/2022,$0.3411,$0.3524,$0.3328,$0.3501,$4.8 m,14150965,$452.9 m
09/06/2022,$0.3682,$0.3721,$0.3402,$0.3413,$8 m,22112221,$479.3 m
09/05/2022,$0.3670,$0.3717,$0.3575,$0.3688,$5.6 m,15263922,$483 m
09/04/2022,$0.3617,$0.3669,$0.3583,$0.3664,$3.2 m,8709133,$481.1 m
09/03/2022,$0.3632,$0.3639,$0.3573,$0.3617,$3.4 m,9341658,$478.6 m
09/02/2022,$0.3632,$0.3678,$0.3562,$0.3632,$5.6 m,15514958,$480.7 m
09/01/2022,$0.3650,$0.3677,$0.3529,$0.3633,$8.3 m,23156907,$477.8 m
08/31/2022,$0.3614,$0.3714,$0.3614,$0.3648,$6.4 m,17429474,$487.3 m
08/30/2022,$0.3709,$0.3769,$0.3546,$0.3609,$8.8 m,24025188,$486.6 m
08/29/2022,$0.3564,$0.3706,$0.3555,$0.3706,$20.2 m,55800584,$480.4 m
08/28/2022,$0.3634,$0.3693,$0.3564,$0.3564,$3.3 m,8919865,$484.5 m
08/27/2022,$0.3626,$0.3736,$0.3588,$0.3637,$5.6 m,15448215,$482.5 m
08/26/2022,$0.3998,$0.4039,$0.3603,$0.3618,$12 m,30785948,$518.6 m
08/25/2022,$0.3880,$0.4178,$0.3879,$0.4005,$9.9 m,25149328,$522.9 m
08/24/2022,$0.3900,$0.3998,$0.3790,$0.3878,$6.5 m,16692433,$513.2 m
08/23/2022,$0.3851,$0.3908,$0.3742,$0.3896,$6.6 m,17102551,$509 m
08/22/2022,$0.3955,$0.3955,$0.3708,$0.3857,$9 m,23531561,$506 m
08/21/2022,$0.3899,$0.4043,$0.3857,$0.3961,$7.3 m,18499227,$524.6 m
08/20/2022,$0.3964,$0.4033,$0.3832,$0.3893,$5.8 m,14594062,$525.3 m
08/19/2022,$0.4452,$0.4452,$0.3952,$0.3961,$13.5 m,32777065,$545.5 m
08/18/2022,$0.4578,$0.4672,$0.4462,$0.4462,$8.6 m,18685949,$611.7 m
08/17/2022,$0.4760,$0.4908,$0.4524,$0.4572,$10.4 m,22156459,$623.2 m
08/16/2022,$0.4865,$0.4884,$0.4708,$0.4767,$7.6 m,15851942,$634 m
08/15/2022,$0.4927,$0.5054,$0.4807,$0.4868,$14.6 m,29793993,$648.6 m
08/14/2022,$0.5087,$0.5136,$0.4908,$0.4931,$10.9 m,21568104,$668.2 m
08/13/2022,$0.5100,$0.5197,$0.5049,$0.5090,$15.6 m,30502498,$678.5 m
08/12/2022,$0.5021,$0.5117,$0.4921,$0.5110,$13.2 m,26376808,$664.4 m
08/11/2022,$0.4935,$0.5094,$0.4934,$0.5017,$17.1 m,34134785,$664 m
08/10/2022,$0.4777,$0.4923,$0.4602,$0.4914,$17.7 m,37219821,$630.7 m
08/09/2022,$0.5061,$0.5105,$0.4709,$0.4785,$18.1 m,37344312,$644.4 m
08/08/2022,$0.5099,$0.5212,$0.4973,$0.5082,$50.4 m,98763668,$677.5 m
08/07/2022,$0.4851,$0.4969,$0.4788,$0.4894,$13.2 m,27158646,$645 m
08/06/2022,$0.4895,$0.4909,$0.4823,$0.4851,$6.7 m,13783541,$644.7 m
08/05/2022,$0.4721,$0.4907,$0.4676,$0.4907,$14 m,29010877,$619.7 m
08/04/2022,$0.4656,$0.4789,$0.4588,$0.4728,$21.9 m,46861751,$600.5 m
08/03/2022,$0.4406,$0.4901,$0.4317,$0.4678,$70.9 m,152996319,$596.5 m
08/02/2022,$0.4618,$0.4643,$0.4284,$0.4403,$15.7 m,35775452,$566.3 m
08/01/2022,$0.4399,$0.4637,$0.4392,$0.4634,$27.4 m,60289053,$585.6 m
07/31/2022,$0.4363,$0.4677,$0.4294,$0.4412,$26.4 m,59554458,$570.4 m
07/30/2022,$0.4340,$0.4556,$0.4323,$0.4355,$15.1 m,34091248,$569.2 m
07/29/2022,$0.4351,$0.4444,$0.4229,$0.4335,$16.5 m,37910426,$559 m
07/28/2022,$0.4175,$0.4373,$0.4141,$0.4353,$13.1 m,31016425,$543.7 m
07/27/2022,$0.3960,$0.4184,$0.3907,$0.4183,$6.9 m,17249530,$515 m
07/26/2022,$0.4023,$0.4099,$0.3852,$0.3983,$8.4 m,21227641,$510.2 m
07/25/2022,$0.4429,$0.4429,$0.4013,$0.4013,$10.6 m,25491289,$535.9 m
07/24/2022,$0.4262,$0.4591,$0.4262,$0.4434,$40.3 m,90219005,$575.3 m
07/23/2022,$0.4285,$0.4430,$0.4145,$0.4250,$12.1 m,28394325,$547.8 m
07/22/2022,$0.4315,$0.4477,$0.4227,$0.4296,$16.8 m,39022537,$555.4 m
07/21/2022,$0.4145,$0.4328,$0.4088,$0.4302,$27 m,63954588,$543.7 m
07/20/2022,$0.4467,$0.4686,$0.4136,$0.4136,$31.9 m,71042445,$577.1 m
07/19/2022,$0.4249,$0.4551,$0.4095,$0.4478,$18.9 m,44154745,$549.8 m
07/18/2022,$0.3858,$0.4286,$0.3845,$0.4286,$12 m,29447814,$522.7 m
07/17/2022,$0.3952,$0.3975,$0.3854,$0.3860,$5.4 m,13839368,$502.8 m
07/16/2022,$0.3833,$0.3948,$0.3755,$0.3946,$5.8 m,15237585,$493.2 m
07/15/2022,$0.3817,$0.3852,$0.3752,$0.3829,$7 m,18416004,$490.7 m
07/14/2022,$0.3778,$0.3806,$0.3588,$0.3803,$7.8 m,21156276,$476.4 m
07/13/2022,$0.3617,$0.3777,$0.3471,$0.3777,$10.3 m,28306489,$469.4 m
07/12/2022,$0.3758,$0.3796,$0.3611,$0.3611,$6.1 m,16541366,$477.1 m
07/11/2022,$0.4051,$0.4092,$0.3744,$0.3756,$8.5 m,21981663,$498.6 m
07/10/2022,$0.4136,$0.4313,$0.4012,$0.4062,$19.2 m,46549019,$530.5 m
07/09/2022,$0.4067,$0.4161,$0.4031,$0.4140,$6.4 m,15612035,$528.5 m
07/08/2022,$0.4110,$0.4156,$0.3994,$0.4071,$9.6 m,23659934,$523.3 m
07/07/2022,$0.3983,$0.4121,$0.3912,$0.4115,$6.7 m,16779573,$515.1 m
07/06/2022,$0.3993,$0.4003,$0.3891,$0.3983,$7.8 m,19889792,$507 m
07/05/2022,$0.3969,$0.4148,$0.3866,$0.4012,$19.4 m,48724843,$513.3 m
07/04/2022,$0.3857,$0.3958,$0.3791,$0.3956,$5.7 m,14705421,$495.5 m
07/03/2022,$0.3867,$0.3887,$0.3768,$0.3854,$4.1 m,10802939,$492.2 m
07/02/2022,$0.3896,$0.4004,$0.3770,$0.3869,$9.6 m,24933285,$497.6 m
07/01/2022,$0.4086,$0.4148,$0.3863,$0.3887,$10.5 m,26412858,$509.5 m
06/30/2022,$0.4422,$0.4461,$0.3860,$0.4065,$23.9 m,58918435,$521.1 m
06/29/2022,$0.4184,$0.4679,$0.4184,$0.4439,$78.2 m,175631215,$572.6 m
06/28/2022,$0.4452,$0.4838,$0.4166,$0.4187,$77.7 m,172691207,$578.9 m
06/27/2022,$0.4043,$0.5296,$0.4036,$0.4451,$211.6 m,457413405,$595.2 m
06/26/2022,$0.4098,$0.4405,$0.4038,$0.4052,$19.8 m,47518718,$536.8 m
06/25/2022,$0.4138,$0.4152,$0.3947,$0.4093,$6.8 m,16674916,$522.9 m
06/24/2022,$0.4051,$0.4164,$0.3978,$0.4143,$12 m,29499339,$523.5 m
06/23/2022,$0.3821,$0.4060,$0.3792,$0.4039,$12.4 m,31588522,$504 m
06/22/2022,$0.4051,$0.4051,$0.3796,$0.3824,$8.6 m,22036001,$499.3 m
06/21/2022,$0.3753,$0.4367,$0.3751,$0.4049,$72.4 m,175167336,$531.7 m
06/20/2022,$0.3560,$0.3765,$0.3397,$0.3761,$15.3 m,42388480,$464.2 m
06/19/2022,$0.3395,$0.3593,$0.3177,$0.3560,$7.9 m,23335950,$434.1 m
06/18/2022,$0.3822,$0.3822,$0.3204,$0.3385,$15.9 m,46123550,$444.1 m
06/17/2022,$0.3296,$0.4311,$0.3285,$0.3810,$33.8 m,96064520,$453.2 m
06/16/2022,$0.3656,$0.3725,$0.3270,$0.3281,$7.1 m,20400281,$448.5 m
06/15/2022,$0.3433,$0.3636,$0.3056,$0.3636,$12.4 m,37294533,$426.4 m
06/14/2022,$0.3453,$0.3502,$0.3087,$0.3429,$15.3 m,45373660,$434.8 m
06/13/2022,$0.4206,$0.4206,$0.3376,$0.3470,$14.2 m,39064308,$468.9 m
06/12/2022,$0.4696,$0.4707,$0.4167,$0.4206,$8.9 m,20374828,$560.6 m
06/11/2022,$0.4973,$0.5078,$0.4652,$0.4685,$8 m,16343316,$628 m
06/10/2022,$0.5376,$0.5376,$0.4953,$0.4974,$7.2 m,14046809,$663.5 m
06/09/2022,$0.5483,$0.5620,$0.5358,$0.5380,$6.7 m,12184005,$705 m
06/08/2022,$0.5414,$0.5638,$0.5396,$0.5478,$13.4 m,24314591,$707.3 m
06/07/2022,$0.5590,$0.5590,$0.5262,$0.5410,$12.5 m,23219664,$690.1 m
06/06/2022,$0.5343,$0.5743,$0.5340,$0.5601,$21.2 m,38086114,$716.5 m
06/05/2022,$0.5293,$0.5437,$0.5234,$0.5345,$8.2 m,15287376,$688.8 m
06/04/2022,$0.5364,$0.5375,$0.5226,$0.5290,$3.5 m,6644338,$681.2 m
06/03/2022,$0.5635,$0.5635,$0.5293,$0.5367,$9 m,16531272,$698.8 m
06/02/2022,$0.5303,$0.5740,$0.5283,$0.5656,$26.9 m,48725756,$711 m
06/01/2022,$0.5659,$0.5832,$0.5198,$0.5282,$15.6 m,27825482,$720.5 m
05/31/2022,$0.5704,$0.5812,$0.5493,$0.5646,$13.2 m,23245682,$729.3 m
05/30/2022,$0.5236,$0.5720,$0.5170,$0.5714,$11.2 m,20494686,$701.6 m
05/29/2022,$0.5178,$0.5246,$0.4981,$0.5242,$5.8 m,11302395,$658.3 m
05/28/2022,$0.5145,$0.5258,$0.5067,$0.5182,$5 m,9605171,$665.9 m
05/27/2022,$0.5398,$0.5561,$0.5010,$0.5138,$14.4 m,27686429,$669.6 m
05/26/2022,$0.5856,$0.5880,$0.5183,$0.5412,$15.7 m,28418328,$711.2 m
05/25/2022,$0.5924,$0.6221,$0.5673,$0.5875,$32.2 m,55260122,$750 m
05/24/2022,$0.6165,$0.6165,$0.5594,$0.5916,$40.2 m,69334709,$745.7 m
05/23/2022,$0.5549,$0.6163,$0.5451,$0.6163,$28 m,49745602,$724.2 m
05/22/2022,$0.5259,$0.5606,$0.5219,$0.5564,$14.6 m,27027845,$696.1 m
05/21/2022,$0.5105,$0.5267,$0.5008,$0.5267,$7.2 m,14021095,$661.9 m
05/20/2022,$0.5338,$0.5422,$0.4958,$0.5101,$9.6 m,18486078,$669.6 m
05/19/2022,$0.5060,$0.5376,$0.4863,$0.5348,$12.5 m,24259389,$664.2 m
05/18/2022,$0.5736,$0.5792,$0.5041,$0.5041,$10.1 m,18694133,$695.2 m
05/17/2022,$0.5540,$0.5783,$0.5440,$0.5741,$10 m,17765128,$724.5 m
05/16/2022,$0.6085,$0.6085,$0.5475,$0.5523,$9.4 m,16501265,$731 m
05/15/2022,$0.5608,$0.6109,$0.5363,$0.6109,$21.2 m,37151501,$734.2 m
05/14/2022,$0.5334,$0.5678,$0.5078,$0.5614,$12.5 m,23093095,$694.6 m
05/13/2022,$0.5044,$0.5937,$0.4969,$0.5343,$19.3 m,34648479,$715.4 m
05/12/2022,$0.5834,$0.6038,$0.4672,$0.5068,$22.7 m,44432123,$658.4 m
05/11/2022,$0.6709,$0.7091,$0.5324,$0.5772,$38.7 m,62240577,$799.7 m
05/10/2022,$0.6430,$0.7301,$0.6163,$0.6707,$25.5 m,37701919,$870.6 m
05/09/2022,$0.7784,$0.7893,$0.6443,$0.6443,$24.9 m,34118455,$938.6 m
05/08/2022,$0.8178,$0.8178,$0.7637,$0.7775,$16.1 m,20430231,$1 bn
05/07/2022,$0.8606,$0.8663,$0.7948,$0.8165,$9 m,10613223,$1.1 bn
05/06/2022,$0.8826,$0.8905,$0.8393,$0.8598,$15.7 m,18196263,$1.1 bn
05/05/2022,$0.9866,$1.00,$0.8693,$0.8829,$22.7 m,23946127,$1.2 bn
05/04/2022,$0.9321,$0.9887,$0.9099,$0.9855,$17.2 m,18210883,$1.2 bn
05/03/2022,$0.9411,$0.9488,$0.9094,$0.9165,$8.1 m,8670644,$1.2 bn
05/02/2022,$0.9463,$0.9816,$0.9126,$0.9407,$22.2 m,23598710,$1.2 bn
05/01/2022,$0.9612,$0.9612,$0.8984,$0.9470,$15.5 m,16640085,$1.2 bn
04/30/2022,$1.00,$1.01,$0.9595,$0.9612,$10.4 m,10518920,$1.3 bn
04/29/2022,$1.05,$1.10,$1.00,$1.00,$53.7 m,52169809,$1.3 bn
04/28/2022,$1.05,$1.08,$1.03,$1.05,$15.9 m,15061113,$1.4 bn
04/27/2022,$1.03,$1.06,$1.02,$1.05,$13.8 m,13272279,$1.3 bn
04/26/2022,$1.11,$1.12,$1.03,$1.03,$15.4 m,14201290,$1.4 bn
04/25/2022,$1.12,$1.12,$1.05,$1.11,$25.2 m,23340925,$1.4 bn
04/24/2022,$1.13,$1.20,$1.12,$1.12,$43.6 m,38434418,$1.5 bn
04/23/2022,$1.14,$1.14,$1.12,$1.13,$8.8 m,7725659,$1.5 bn
04/22/2022,$1.15,$1.19,$1.13,$1.14,$16.8 m,14514223,$1.5 bn
04/21/2022,$1.18,$1.21,$1.15,$1.15,$19.3 m,16285966,$1.5 bn
04/20/2022,$1.22,$1.22,$1.17,$1.18,$20.4 m,17045174,$1.5 bn
04/19/2022,$1.21,$1.24,$1.20,$1.22,$42.5 m,34987744,$1.6 bn
04/18/2022,$1.13,$1.28,$1.08,$1.21,$170.4 m,143880112,$1.5 bn
04/17/2022,$1.18,$1.18,$1.13,$1.13,$8.2 m,7015165,$1.5 bn
04/16/2022,$1.18,$1.18,$1.16,$1.18,$6.9 m,5868168,$1.5 bn
04/15/2022,$1.19,$1.20,$1.17,$1.19,$12.5 m,10588601,$1.5 bn
04/14/2022,$1.21,$1.27,$1.17,$1.19,$27.5 m,22728848,$1.6 bn
04/13/2022,$1.16,$1.23,$1.14,$1.21,$17.2 m,14535843,$1.5 bn
04/12/2022,$1.12,$1.18,$1.12,$1.15,$17.5 m,15261210,$1.5 bn
04/11/2022,$1.23,$1.24,$1.11,$1.12,$17.7 m,15016524,$1.5 bn
04/10/2022,$1.28,$1.28,$1.23,$1.23,$11.5 m,9151999,$1.6 bn
04/09/2022,$1.24,$1.33,$1.24,$1.28,$26.7 m,21105366,$1.6 bn
04/08/2022,$1.30,$1.31,$1.22,$1.24,$18.5 m,14509432,$1.6 bn
04/07/2022,$1.26,$1.31,$1.24,$1.30,$18.6 m,14508263,$1.6 bn
04/06/2022,$1.41,$1.41,$1.26,$1.26,$36.4 m,27554703,$1.7 bn
04/05/2022,$1.46,$1.47,$1.41,$1.41,$20.7 m,14352354,$1.9 bn
04/04/2022,$1.53,$1.53,$1.41,$1.46,$33.2 m,22626533,$1.9 bn
04/03/2022,$1.49,$1.55,$1.48,$1.53,$58.6 m,38623373,$2 bn
04/02/2022,$1.46,$1.53,$1.46,$1.49,$62.8 m,42020525,$1.9 bn
04/01/2022,$1.44,$1.46,$1.39,$1.46,$32.7 m,22880788,$1.8 bn
03/31/2022,$1.52,$1.57,$1.43,$1.44,$66.4 m,44346737,$1.9 bn
03/30/2022,$1.45,$1.54,$1.42,$1.52,$76.8 m,51711422,$1.9 bn
03/29/2022,$1.42,$1.51,$1.42,$1.45,$56.8 m,38854290,$1.9 bn
03/28/2022,$1.44,$1.49,$1.42,$1.42,$55.5 m,38055245,$1.9 bn
03/27/2022,$1.36,$1.44,$1.36,$1.44,$60.9 m,43600349,$1.8 bn
03/26/2022,$1.35,$1.37,$1.33,$1.36,$26.6 m,19690016,$1.7 bn
03/25/2022,$1.37,$1.39,$1.33,$1.35,$43.4 m,32010141,$1.7 bn
03/24/2022,$1.33,$1.38,$1.33,$1.37,$33.1 m,24433044,$1.7 bn
03/23/2022,$1.31,$1.45,$1.29,$1.34,$55.3 m,42063180,$1.7 bn
03/22/2022,$1.30,$1.32,$1.28,$1.31,$25.6 m,19571339,$1.7 bn
03/21/2022,$1.26,$1.32,$1.26,$1.30,$45 m,34804852,$1.7 bn
03/20/2022,$1.32,$1.32,$1.25,$1.26,$19.7 m,15191310,$1.7 bn
03/19/2022,$1.29,$1.33,$1.29,$1.32,$31.5 m,24142054,$1.7 bn
03/18/2022,$1.27,$1.31,$1.23,$1.29,$40 m,31801277,$1.6 bn
03/17/2022,$1.27,$1.27,$1.24,$1.27,$23 m,18382393,$1.6 bn
03/16/2022,$1.22,$1.27,$1.21,$1.27,$42.2 m,34082850,$1.6 bn
03/15/2022,$1.27,$1.27,$1.21,$1.22,$33.3 m,27233738,$1.6 bn
03/14/2022,$1.22,$1.28,$1.21,$1.27,$63.3 m,50927808,$1.6 bn
03/13/2022,$1.33,$1.33,$1.22,$1.23,$54.6 m,42853154,$1.6 bn
03/12/2022,$1.37,$1.39,$1.30,$1.33,$97.3 m,72133802,$1.7 bn
03/11/2022,$1.51,$1.57,$1.34,$1.36,$463.1 m,327463275,$1.8 bn
03/10/2022,$1.12,$1.85,$1.06,$1.48,$449.1 m,373604282,$1.5 bn
03/09/2022,$1.06,$1.15,$1.06,$1.12,$13.8 m,12353446,$1.4 bn
03/08/2022,$1.05,$1.07,$1.04,$1.06,$10.3 m,9770428,$1.4 bn
03/07/2022,$1.08,$1.09,$1.04,$1.05,$13.8 m,13039301,$1.4 bn
03/06/2022,$1.13,$1.14,$1.07,$1.07,$11.9 m,10723688,$1.4 bn
03/05/2022,$1.11,$1.14,$1.09,$1.13,$9.1 m,8104715,$1.4 bn
03/04/2022,$1.15,$1.17,$1.10,$1.11,$16.3 m,14299796,$1.5 bn
03/03/2022,$1.24,$1.26,$1.18,$1.19,$22.8 m,18801664,$1.6 bn
03/02/2022,$1.28,$1.28,$1.21,$1.24,$24.4 m,19639597,$1.6 bn
03/01/2022,$1.24,$1.28,$1.22,$1.28,$30 m,24129026,$1.6 bn
02/28/2022,$1.13,$1.25,$1.11,$1.24,$29.2 m,25121301,$1.5 bn
02/27/2022,$1.18,$1.20,$1.12,$1.13,$22.2 m,19220333,$1.5 bn
02/26/2022,$1.16,$1.19,$1.16,$1.18,$22 m,18650747,$1.5 bn
02/25/2022,$1.11,$1.17,$1.11,$1.16,$25.4 m,22300496,$1.5 bn
02/24/2022,$1.14,$1.15,$0.9809,$1.11,$38.1 m,35535402,$1.4 bn
02/23/2022,$1.16,$1.26,$1.14,$1.14,$21.7 m,18406117,$1.5 bn
02/22/2022,$1.12,$1.16,$1.05,$1.16,$24.8 m,22541152,$1.4 bn
02/21/2022,$1.23,$1.28,$1.11,$1.11,$24.5 m,19924276,$1.6 bn
02/20/2022,$1.32,$1.32,$1.21,$1.23,$16.2 m,12998663,$1.6 bn
02/19/2022,$1.34,$1.35,$1.28,$1.31,$14.3 m,10861017,$1.7 bn
02/18/2022,$1.40,$1.42,$1.33,$1.34,$23.7 m,17164963,$1.8 bn
02/17/2022,$1.55,$1.55,$1.39,$1.40,$29 m,19640695,$1.9 bn
02/16/2022,$1.59,$1.59,$1.50,$1.55,$26.3 m,17023932,$2 bn
02/15/2022,$1.48,$1.62,$1.46,$1.59,$30.5 m,19855547,$2 bn
02/14/2022,$1.46,$1.48,$1.41,$1.47,$25.5 m,17728195,$1.9 bn
02/13/2022,$1.53,$1.54,$1.44,$1.46,$26.7 m,17740956,$1.9 bn
02/12/2022,$1.52,$1.52,$1.44,$1.52,$32.4 m,21894486,$1.9 bn
02/11/2022,$1.62,$1.64,$1.49,$1.51,$29.4 m,18467443,$2 bn
02/10/2022,$1.72,$1.77,$1.62,$1.62,$61.9 m,36414902,$2.2 bn
02/09/2022,$1.69,$1.74,$1.63,$1.72,$40.1 m,23907502,$2.2 bn
02/08/2022,$1.73,$1.76,$1.60,$1.69,$65.7 m,39447981,$2.1 bn
02/07/2022,$1.65,$1.76,$1.65,$1.73,$51.3 m,30114809,$2.2 bn
02/06/2022,$1.58,$1.68,$1.58,$1.65,$49.4 m,30099078,$2.1 bn
02/05/2022,$1.54,$1.63,$1.53,$1.58,$44.2 m,27821014,$2 bn
02/04/2022,$1.41,$1.54,$1.41,$1.54,$30.5 m,20705005,$1.9 bn
02/03/2022,$1.42,$1.43,$1.36,$1.42,$27.5 m,19618087,$1.8 bn
02/02/2022,$1.50,$1.52,$1.41,$1.41,$30.5 m,20603262,$1.9 bn
02/01/2022,$1.50,$1.53,$1.47,$1.50,$25.3 m,16853696,$1.9 bn
01/31/2022,$1.50,$1.51,$1.42,$1.50,$38.6 m,26296863,$1.9 bn
01/30/2022,$1.51,$1.56,$1.46,$1.51,$34.1 m,22580353,$1.9 bn
01/29/2022,$1.47,$1.56,$1.47,$1.51,$55.5 m,36694692,$1.9 bn
01/28/2022,$1.39,$1.49,$1.38,$1.46,$43.3 m,30344922,$1.8 bn
01/27/2022,$1.38,$1.45,$1.33,$1.39,$43.7 m,31707750,$1.8 bn
01/26/2022,$1.36,$1.51,$1.33,$1.38,$83.5 m,58819908,$1.8 bn
01/25/2022,$1.36,$1.38,$1.26,$1.36,$57.6 m,43478394,$1.7 bn
01/24/2022,$1.47,$1.47,$1.20,$1.37,$90.8 m,69098377,$1.7 bn
01/23/2022,$1.41,$1.50,$1.38,$1.47,$61.3 m,42795537,$1.8 bn
01/22/2022,$1.68,$1.68,$1.29,$1.42,$109.9 m,75486982,$1.9 bn
01/21/2022,$1.95,$1.98,$1.65,$1.67,$100.8 m,55491189,$2.3 bn
01/20/2022,$2.07,$2.19,$1.95,$1.95,$117.6 m,57103886,$2.6 bn
01/19/2022,$2.34,$2.46,$2.05,$2.07,$309.4 m,138958090,$2.9 bn
01/18/2022,$2.08,$2.63,$1.96,$2.35,$397.3 m,187428860,$2.7 bn
01/17/2022,$2.14,$2.17,$2.03,$2.08,$57.2 m,27324397,$2.7 bn
01/16/2022,$2.15,$2.16,$2.11,$2.14,$25.9 m,12120290,$2.7 bn
01/15/2022,$2.10,$2.18,$2.10,$2.15,$44 m,20472699,$2.8 bn
01/14/2022,$2.07,$2.12,$2.00,$2.10,$53.7 m,25807406,$2.7 bn
01/13/2022,$2.18,$2.20,$2.06,$2.06,$52.6 m,24787999,$2.7 bn
01/12/2022,$2.10,$2.19,$2.06,$2.18,$60.4 m,28484666,$2.7 bn
01/11/2022,$1.98,$2.11,$1.90,$2.10,$66.7 m,33715135,$2.5 bn
01/10/2022,$2.07,$2.08,$1.87,$1.99,$86.5 m,43161615,$2.6 bn
01/09/2022,$2.06,$2.11,$2.02,$2.07,$40.2 m,19495917,$2.7 bn
01/08/2022,$2.11,$2.15,$1.99,$2.06,$55.1 m,26401530,$2.7 bn
01/07/2022,$2.20,$2.20,$2.02,$2.10,$97.7 m,46328247,$2.7 bn
01/06/2022,$2.26,$2.27,$2.09,$2.20,$119.7 m,55226673,$2.8 bn
01/05/2022,$2.36,$2.47,$2.13,$2.26,$159.2 m,66359988,$3.1 bn
01/04/2022,$2.31,$2.41,$2.27,$2.36,$93.5 m,40051514,$3 bn
01/03/2022,$2.39,$2.39,$2.24,$2.30,$75.4 m,32551652,$3 bn
01/02/2022,$2.29,$2.41,$2.29,$2.41,$110.3 m,46774327,$3 bn
01/01/2022,$2.19,$2.29,$2.19,$2.29,$46.4 m,20588547,$2.9 bn
12/31/2021,$2.21,$2.28,$2.12,$2.17,$63.9 m,28912320,$2.8 bn
12/30/2021,$2.14,$2.27,$2.09,$2.21,$81.9 m,36939926,$2.9 bn
12/29/2021,$2.30,$2.32,$2.12,$2.14,$125.8 m,56757001,$2.9 bn
12/28/2021,$2.61,$2.66,$2.27,$2.28,$202.6 m,84388424,$3.1 bn
12/27/2021,$2.37,$2.63,$2.37,$2.61,$177.5 m,70313205,$3.2 bn
12/26/2021,$2.30,$2.36,$2.24,$2.35,$45.5 m,19929395,$2.9 bn
12/25/2021,$2.25,$2.34,$2.23,$2.31,$43.4 m,19025132,$2.9 bn
12/24/2021,$2.35,$2.40,$2.23,$2.25,$70.8 m,30412705,$3 bn
12/23/2021,$2.19,$2.37,$2.15,$2.35,$86.4 m,38161909,$2.9 bn
12/22/2021,$2.13,$2.24,$2.13,$2.18,$60.9 m,28042809,$2.8 bn
12/21/2021,$2.02,$2.14,$1.98,$2.13,$46.3 m,22252715,$2.7 bn
12/20/2021,$2.07,$2.08,$1.95,$2.02,$51.2 m,25538012,$2.6 bn
12/19/2021,$2.09,$2.15,$2.06,$2.07,$49.8 m,23750514,$2.7 bn
12/18/2021,$2.06,$2.11,$2.00,$2.09,$46.9 m,22717959,$2.7 bn
12/17/2021,$2.13,$2.15,$1.98,$2.06,$82.7 m,39653858,$2.7 bn
12/16/2021,$2.23,$2.28,$2.12,$2.13,$103 m,46569241,$2.8 bn
12/15/2021,$1.95,$2.25,$1.82,$2.21,$122 m,62180537,$2.5 bn
12/14/2021,$1.89,$1.96,$1.78,$1.96,$24.8 m,13169937,$2.4 bn
12/13/2021,$2.13,$2.13,$1.86,$1.89,$18.1 m,9146269,$2.6 bn
12/12/2021,$2.13,$2.14,$2.01,$2.13,$16.5 m,7944166,$2.7 bn
12/11/2021,$1.98,$2.13,$1.96,$2.13,$15.8 m,7676793,$2.6 bn
12/10/2021,$2.12,$2.20,$1.96,$1.96,$26.2 m,12524179,$2.7 bn
12/09/2021,$2.31,$2.35,$2.09,$2.12,$30.9 m,13859087,$2.9 bn
12/08/2021,$2.28,$2.34,$2.17,$2.31,$30.4 m,13394988,$2.9 bn
12/07/2021,$2.27,$2.42,$2.26,$2.28,$43.2 m,18366353,$3 bn
12/06/2021,$2.07,$2.28,$2.00,$2.26,$63.9 m,29750232,$2.8 bn
12/05/2021,$2.22,$2.28,$1.93,$2.07,$28.4 m,13471522,$2.7 bn
12/04/2021,$2.53,$2.53,$1.86,$2.22,$64 m,29453819,$2.8 bn
12/03/2021,$2.54,$2.68,$2.35,$2.55,$60.1 m,24180963,$3.2 bn
12/02/2021,$2.87,$2.99,$2.54,$2.55,$59.4 m,22413168,$3.4 bn
12/01/2021,$2.74,$3.24,$2.73,$2.88,$218.7 m,74704185,$3.8 bn
11/30/2021,$2.15,$2.78,$2.14,$2.72,$162.4 m,65604061,$3.1 bn
11/29/2021,$1.93,$2.19,$1.91,$2.16,$51.8 m,25085665,$2.6 bn
11/28/2021,$1.87,$1.93,$1.80,$1.92,$23.3 m,12677258,$2.3 bn
11/27/2021,$1.84,$1.92,$1.82,$1.87,$20.5 m,10861319,$2.4 bn
11/26/2021,$2.06,$2.06,$1.78,$1.83,$32.2 m,16952331,$2.4 bn
11/25/2021,$1.97,$2.09,$1.94,$2.06,$30.9 m,15279861,$2.5 bn
11/24/2021,$2.08,$2.08,$1.91,$1.97,$20.9 m,10649562,$2.4 bn
11/23/2021,$2.12,$2.12,$2.00,$2.07,$24.7 m,12042984,$2.6 bn
11/22/2021,$2.16,$2.26,$2.12,$2.12,$33.3 m,15188660,$2.7 bn
11/21/2021,$2.12,$2.21,$2.02,$2.16,$25.6 m,12170256,$2.6 bn
11/20/2021,$2.06,$2.13,$2.00,$2.12,$15.6 m,7522398,$2.6 bn
11/19/2021,$1.92,$2.08,$1.89,$2.06,$22.7 m,11342992,$2.5 bn
11/18/2021,$2.14,$2.15,$1.86,$1.92,$28.3 m,14254133,$2.5 bn
11/17/2021,$2.17,$2.19,$2.02,$2.14,$26.7 m,12650927,$2.6 bn
11/16/2021,$2.42,$2.42,$2.07,$2.17,$39.2 m,17769808,$2.8 bn
11/15/2021,$2.33,$2.48,$2.27,$2.42,$46.4 m,19656950,$2.9 bn
11/14/2021,$2.31,$2.33,$2.20,$2.33,$33.1 m,14605696,$2.8 bn
11/13/2021,$2.26,$2.42,$2.26,$2.30,$39 m,16638950,$2.9 bn
11/12/2021,$2.21,$2.43,$2.18,$2.26,$58.4 m,25577306,$2.8 bn
11/11/2021,$2.11,$2.27,$2.11,$2.20,$43.9 m,19818049,$2.8 bn
11/10/2021,$2.22,$2.31,$2.03,$2.10,$42.3 m,19001099,$2.8 bn
11/09/2021,$2.35,$2.35,$2.19,$2.22,$40.5 m,18059844,$2.8 bn
11/08/2021,$2.20,$2.42,$2.15,$2.31,$95.3 m,42323951,$2.8 bn
11/07/2021,$1.99,$2.21,$1.97,$2.19,$52.8 m,25374625,$2.6 bn
11/06/2021,$1.98,$2.02,$1.92,$2.00,$23.2 m,11781112,$2.5 bn
11/05/2021,$1.93,$2.01,$1.90,$2.00,$30.5 m,15589855,$2.4 bn
11/04/2021,$1.96,$1.96,$1.88,$1.93,$21.5 m,11235265,$2.4 bn
11/03/2021,$1.97,$2.10,$1.88,$1.96,$42.9 m,21738650,$2.5 bn
11/02/2021,$1.95,$1.98,$1.91,$1.97,$37.2 m,19012145,$2.4 bn
11/01/2021,$1.84,$2.05,$1.80,$1.95,$74.8 m,39390107,$2.4 bn
10/31/2021,$1.90,$1.90,$1.78,$1.84,$29 m,15916155,$2.3 bn
10/30/2021,$1.98,$1.98,$1.88,$1.91,$17.7 m,9203485,$2.4 bn
10/29/2021,$1.92,$1.99,$1.90,$1.99,$24.1 m,12349209,$2.4 bn
10/28/2021,$1.86,$1.94,$1.81,$1.94,$37.3 m,19822430,$2.3 bn
10/27/2021,$2.15,$2.17,$1.86,$1.86,$46 m,23026108,$2.5 bn
10/26/2021,$2.21,$2.21,$2.14,$2.15,$25.5 m,11699694,$2.7 bn
10/25/2021,$2.18,$2.23,$2.16,$2.22,$23.3 m,10656282,$2.7 bn
10/24/2021,$2.22,$2.37,$2.13,$2.20,$44.5 m,19995402,$2.8 bn
10/23/2021,$2.18,$2.24,$2.13,$2.22,$23.6 m,10868043,$2.7 bn
10/22/2021,$2.29,$2.31,$2.17,$2.19,$24.8 m,11092987,$2.8 bn
10/21/2021,$2.40,$2.44,$2.24,$2.29,$40.8 m,17691065,$2.9 bn
10/20/2021,$2.31,$2.42,$2.21,$2.40,$51.9 m,22649672,$2.9 bn
10/19/2021,$2.63,$2.63,$2.31,$2.33,$51.9 m,21964771,$2.9 bn
10/18/2021,$2.21,$2.79,$2.21,$2.57,$222.7 m,88964133,$3.1 bn
10/17/2021,$1.96,$2.23,$1.95,$2.18,$83.3 m,39704490,$2.6 bn
10/16/2021,$2.00,$2.02,$1.92,$1.96,$41.2 m,20946718,$2.5 bn
10/15/2021,$2.21,$2.21,$1.98,$1.99,$53.5 m,26130045,$2.6 bn
10/14/2021,$2.25,$2.32,$2.11,$2.20,$61.3 m,28039266,$2.7 bn
10/13/2021,$2.08,$2.42,$2.07,$2.23,$92.3 m,41720741,$2.8 bn
10/12/2021,$2.05,$2.18,$1.86,$2.06,$72.5 m,36369938,$2.5 bn
10/11/2021,$2.03,$2.43,$1.94,$2.10,$105.8 m,49016209,$2.7 bn
10/10/2021,$1.86,$2.55,$1.74,$2.04,$272.2 m,126694264,$2.7 bn
10/09/2021,$1.43,$2.08,$1.42,$1.86,$109.9 m,71374706,$1.9 bn
10/08/2021,$1.39,$1.48,$1.39,$1.43,$17.1 m,11964852,$1.8 bn
10/07/2021,$1.37,$1.44,$1.35,$1.39,$17.8 m,12826576,$1.7 bn
10/06/2021,$1.40,$1.44,$1.34,$1.37,$21.8 m,15556711,$1.7 bn
10/05/2021,$1.41,$1.42,$1.35,$1.41,$16.2 m,11677581,$1.7 bn
10/04/2021,$1.33,$1.43,$1.28,$1.42,$21.7 m,16168391,$1.7 bn
10/03/2021,$1.32,$1.36,$1.30,$1.33,$9.1 m,6869152,$1.7 bn
10/02/2021,$1.32,$1.36,$1.31,$1.32,$11 m,8207118,$1.7 bn
10/01/2021,$1.20,$1.31,$1.18,$1.31,$13 m,10426459,$1.6 bn
09/30/2021,$1.14,$1.21,$1.14,$1.20,$9.5 m,8049567,$1.5 bn
09/29/2021,$1.14,$1.18,$1.11,$1.14,$15.2 m,13173056,$1.4 bn
09/28/2021,$1.20,$1.22,$1.13,$1.14,$17 m,14571218,$1.5 bn
09/27/2021,$1.24,$1.30,$1.20,$1.20,$8.7 m,7013266,$1.6 bn
09/26/2021,$1.25,$1.29,$1.16,$1.24,$11.6 m,9369553,$1.5 bn
09/25/2021,$1.27,$1.29,$1.21,$1.25,$8.4 m,6711731,$1.6 bn
09/24/2021,$1.40,$1.41,$1.21,$1.27,$17.6 m,13594719,$1.6 bn
09/23/2021,$1.36,$1.43,$1.31,$1.41,$22.6 m,16559224,$1.7 bn
09/22/2021,$1.21,$1.38,$1.16,$1.36,$20.3 m,15796751,$1.6 bn
09/21/2021,$1.19,$1.34,$1.12,$1.21,$34.1 m,26966724,$1.6 bn
09/20/2021,$1.40,$1.40,$1.16,$1.19,$19 m,15048901,$1.6 bn
09/19/2021,$1.46,$1.46,$1.39,$1.40,$8.4 m,5873660,$1.8 bn
09/18/2021,$1.45,$1.48,$1.43,$1.46,$8.1 m,5562639,$1.8 bn
09/17/2021,$1.51,$1.51,$1.42,$1.45,$12.5 m,8555803,$1.8 bn
09/16/2021,$1.57,$1.57,$1.48,$1.51,$14.5 m,9526032,$1.9 bn
09/15/2021,$1.56,$1.57,$1.52,$1.57,$10.6 m,6895524,$1.7 bn
09/14/2021,$1.53,$1.56,$1.46,$1.56,$23.1 m,15324068,$1.6 bn
09/13/2021,$1.43,$1.56,$1.39,$1.54,$38 m,25984396,$1.6 bn
09/12/2021,$1.41,$1.45,$1.37,$1.44,$12.5 m,8832667,$1.5 bn
09/11/2021,$1.37,$1.42,$1.35,$1.41,$15.1 m,10838508,$1.5 bn
09/10/2021,$1.42,$1.53,$1.33,$1.36,$24.4 m,17138006,$1.5 bn
09/09/2021,$1.37,$1.44,$1.33,$1.41,$26.8 m,19449662,$1.5 bn
09/08/2021,$1.33,$1.44,$1.19,$1.37,$21.1 m,15897601,$1.4 bn
09/07/2021,$1.67,$1.67,$1.28,$1.34,$19 m,12648293,$1.6 bn
09/06/2021,$1.68,$1.71,$1.63,$1.67,$14.1 m,8478613,$1.8 bn
09/05/2021,$1.67,$1.71,$1.63,$1.67,$17.2 m,10324414,$1.8 bn
09/04/2021,$1.63,$1.72,$1.60,$1.67,$21.7 m,13117637,$1.8 bn
09/03/2021,$1.56,$1.66,$1.53,$1.64,$29.6 m,18476969,$1.7 bn
09/02/2021,$1.52,$1.73,$1.49,$1.57,$77.3 m,48972313,$1.7 bn
09/01/2021,$1.43,$1.55,$1.41,$1.51,$25.9 m,17840468,$1.6 bn
08/31/2021,$1.41,$1.48,$1.39,$1.44,$18.9 m,13078737,$1.6 bn
08/30/2021,$1.48,$1.49,$1.41,$1.41,$15.7 m,10879743,$1.6 bn
08/29/2021,$1.41,$1.49,$1.37,$1.48,$23.3 m,16411209,$1.5 bn
08/28/2021,$1.42,$1.43,$1.39,$1.41,$10.1 m,7152033,$1.5 bn
08/27/2021,$1.36,$1.43,$1.32,$1.43,$17.5 m,12681393,$1.5 bn
08/26/2021,$1.48,$1.48,$1.35,$1.37,$18.5 m,13292774,$1.5 bn
08/25/2021,$1.41,$1.52,$1.36,$1.48,$40.3 m,27937753,$1.6 bn
08/24/2021,$1.50,$1.58,$1.40,$1.41,$23.1 m,15526158,$1.6 bn
08/23/2021,$1.45,$1.51,$1.44,$1.50,$14 m,9449563,$1.6 bn
08/22/2021,$1.45,$1.48,$1.40,$1.45,$9.9 m,6870544,$1.6 bn
08/21/2021,$1.44,$1.52,$1.44,$1.45,$13.6 m,9220144,$1.6 bn
08/20/2021,$1.39,$1.46,$1.38,$1.44,$20 m,14034591,$1.5 bn
08/19/2021,$1.36,$1.39,$1.29,$1.39,$10.7 m,7957483,$1.5 bn
08/18/2021,$1.38,$1.41,$1.32,$1.36,$12.9 m,9307623,$1.5 bn
08/17/2021,$1.49,$1.55,$1.37,$1.37,$18.2 m,12460523,$1.6 bn
08/16/2021,$1.42,$1.55,$1.42,$1.49,$26.7 m,17930909,$1.6 bn
08/15/2021,$1.43,$1.43,$1.35,$1.42,$11.1 m,7958730,$1.5 bn
08/14/2021,$1.41,$1.44,$1.36,$1.43,$14.7 m,10409764,$1.5 bn
08/13/2021,$1.34,$1.42,$1.33,$1.42,$9.7 m,6997214,$1.5 bn
08/12/2021,$1.43,$1.45,$1.31,$1.34,$14 m,10165527,$1.5 bn
08/11/2021,$1.41,$1.47,$1.41,$1.43,$15.8 m,10931660,$1.6 bn
08/10/2021,$1.34,$1.42,$1.32,$1.41,$13.4 m,9742800,$1.5 bn
08/09/2021,$1.30,$1.36,$1.28,$1.34,$8.4 m,6309862,$1.4 bn
08/08/2021,$1.38,$1.40,$1.29,$1.30,$10.9 m,8080443,$1.5 bn
08/07/2021,$1.35,$1.43,$1.33,$1.39,$22.6 m,16424668,$1.5 bn
08/06/2021,$1.34,$1.41,$1.31,$1.35,$18.5 m,13803513,$1.5 bn
08/05/2021,$1.36,$1.36,$1.28,$1.34,$17.2 m,13031240,$1.4 bn
08/04/2021,$1.34,$1.37,$1.27,$1.36,$27 m,20499197,$1.4 bn
08/03/2021,$1.26,$1.54,$1.26,$1.34,$58.7 m,41638565,$1.5 bn
08/02/2021,$1.22,$1.34,$1.20,$1.26,$27.4 m,21851563,$1.4 bn
08/01/2021,$1.26,$1.26,$1.20,$1.20,$15.1 m,12259733,$1.3 bn
07/31/2021,$1.23,$1.34,$1.21,$1.27,$27.7 m,21578982,$1.4 bn
07/30/2021,$1.14,$1.29,$1.08,$1.24,$30.1 m,25494893,$1.3 bn
07/29/2021,$1.12,$1.14,$1.10,$1.14,$7.9 m,7072732,$1.2 bn
07/28/2021,$1.15,$1.17,$1.10,$1.12,$13.4 m,11936072,$1.2 bn
07/27/2021,$1.14,$1.17,$1.06,$1.16,$15.8 m,14162096,$1.2 bn
07/26/2021,$1.18,$1.19,$1.12,$1.15,$26.2 m,22749718,$1.2 bn
07/25/2021,$1.22,$1.23,$1.12,$1.19,$18 m,15456854,$1.3 bn
07/24/2021,$1.19,$1.28,$1.18,$1.21,$22.9 m,18705488,$1.3 bn
07/23/2021,$1.04,$1.18,$1.02,$1.16,$25.9 m,23731680,$1.2 bn
07/22/2021,$0.9596,$1.09,$0.9570,$1.04,$25 m,24009387,$1.1 bn
07/21/2021,$0.8122,$0.9693,$0.7947,$0.9410,$16.3 m,18461154,$957.8 m
07/20/2021,$0.9052,$0.9052,$0.7744,$0.8106,$13 m,15956640,$880.6 m
07/19/2021,$1.01,$1.02,$0.8667,$0.9061,$13.4 m,14540204,$1 bn
07/18/2021,$1.02,$1.11,$0.9855,$1.02,$14.7 m,14127491,$1.1 bn
07/17/2021,$1.09,$1.09,$1.00,$1.02,$17.8 m,17374219,$1.1 bn
07/16/2021,$1.25,$1.32,$1.08,$1.09,$26.7 m,22791641,$21.8 m
07/15/2021,$1.23,$1.36,$1.18,$1.25,$36.7 m,28927611,$23.7 m
07/14/2021,$1.17,$1.27,$1.15,$1.24,$40 m,33131253,$22.5 m
07/13/2021,$1.19,$1.24,$1.13,$1.17,$26.9 m,22785681,$22 m
07/12/2021,$1.35,$1.35,$1.19,$1.19,$22.8 m,18253034,$23.4 m
07/11/2021,$1.23,$1.46,$1.23,$1.37,$49.7 m,36436278,$25.4 m
07/10/2021,$1.15,$1.32,$1.11,$1.22,$42.5 m,34861180,$22.7 m
07/09/2021,$1.18,$1.19,$1.00,$1.18,$44.3 m,41311331,$20 m
07/08/2021,$1.02,$1.26,$1.00,$1.22,$75.7 m,67885437,$20.8 m
07/07/2021,$0.8803,$1.03,$0.8765,$0.9713,$18.4 m,19135852,$18 m
07/06/2021,$0.8122,$0.8718,$0.8122,$0.8718,$25.2 m,29877573,$15.8 m
07/05/2021,$0.8488,$0.8686,$0.7916,$0.8110,$28.3 m,34462310,$15.3 m
07/04/2021,$0.8353,$0.8791,$0.8038,$0.8544,$20.1 m,23691821,$15.8 m
07/03/2021,$0.8049,$0.8448,$0.7780,$0.8447,$15.2 m,18755899,$15.1 m
07/02/2021,$0.8387,$0.8387,$0.7788,$0.8064,$19 m,23709489,$14.9 m
07/01/2021,$0.7900,$0.8011,$0.7327,$0.7726,$8.5 m,11292504,$14.1 m
06/30/2021,$0.7490,$0.7989,$0.7248,$0.7916,$9.5 m,12615809,$14.1 m
06/29/2021,$0.7037,$0.7573,$0.7032,$0.7499,$7.8 m,10632569,$13.8 m
06/28/2021,$0.6897,$0.7107,$0.6626,$0.7062,$10.1 m,14672231,$12.9 m
06/27/2021,$0.6432,$0.6918,$0.6319,$0.6898,$12 m,18415160,$12.1 m
06/26/2021,$0.6417,$0.6609,$0.6015,$0.6428,$9.5 m,15122170,$11.7 m
06/25/2021,$0.7449,$0.7449,$0.6379,$0.6418,$14.3 m,21071423,$12.6 m
06/24/2021,$0.6476,$0.7293,$0.6092,$0.7226,$14.3 m,21584486,$12.4 m
06/23/2021,$0.6052,$0.6568,$0.5787,$0.6462,$9.6 m,15206990,$11.8 m
06/22/2021,$0.5862,$0.6434,$0.5049,$0.6029,$20.3 m,34509379,$11 m
06/21/2021,$0.7989,$0.7989,$0.5898,$0.5898,$15.6 m,22894707,$12.7 m
06/20/2021,$0.8157,$0.8292,$0.7443,$0.7981,$8.3 m,10455323,$14.8 m
06/19/2021,$0.8254,$0.8384,$0.8048,$0.8162,$5 m,6102771,$15.4 m
06/18/2021,$0.8947,$0.8947,$0.8044,$0.8240,$10.3 m,12118434,$15.8 m
06/17/2021,$0.9434,$0.9434,$0.8820,$0.8965,$7.1 m,7915090,$16.8 m
06/16/2021,$0.9265,$1.02,$0.8911,$0.9280,$20.5 m,22219099,$17.2 m
06/15/2021,$0.8968,$0.9073,$0.8667,$0.8883,$8.3 m,9346532,$16.5 m
06/14/2021,$0.8955,$0.9029,$0.8622,$0.8985,$10.5 m,11907620,$16.4 m
06/13/2021,$0.8386,$0.8999,$0.8232,$0.8957,$9.3 m,10962147,$15.8 m
06/12/2021,$0.8835,$0.8844,$0.8124,$0.8377,$9.2 m,10887191,$15.7 m
06/11/2021,$0.9121,$0.9826,$0.8835,$0.8836,$12.8 m,13911181,$17.1 m
06/10/2021,$0.9285,$0.9426,$0.8859,$0.9188,$11.6 m,12654950,$17.1 m
06/09/2021,$0.9099,$0.9321,$0.8603,$0.9295,$13.6 m,15126287,$16.8 m
06/08/2021,$0.9261,$0.9339,$0.8287,$0.9081,$14.9 m,16750269,$16.6 m
06/07/2021,$1.00,$1.03,$0.9178,$0.9178,$10.9 m,10886294,$18.7 m
06/06/2021,$0.9715,$1.03,$0.9619,$1.00,$12.2 m,12283632,$18.6 m
06/05/2021,$1.02,$1.05,$0.9468,$0.9678,$11.6 m,11503205,$18.8 m
06/04/2021,$1.05,$1.08,$0.9641,$1.02,$18.9 m,18591759,$19 m
06/03/2021,$1.01,$1.05,$0.99,$1.05,$11.8 m,11516517,$19.2 m
06/02/2021,$0.9768,$1.04,$0.9649,$1.01,$13.2 m,13197252,$18.6 m
06/01/2021,$0.99,$1.01,$0.9481,$0.9752,$11.3 m,11614275,$18.1 m
05/31/2021,$0.9709,$1.00,$0.9255,$1.00,$14.3 m,14798131,$18 m
05/30/2021,$0.9583,$0.99,$0.9191,$0.9553,$18.5 m,19264570,$18 m
05/29/2021,$0.9649,$1.04,$0.9185,$0.9681,$18 m,18500786,$18.2 m
05/28/2021,$1.10,$1.11,$0.9257,$0.9673,$16.9 m,16949620,$18.7 m
05/27/2021,$1.07,$1.20,$1.04,$1.11,$33.4 m,29357173,$21.2 m
05/26/2021,$1.01,$1.08,$0.9829,$1.08,$12.7 m,12338784,$19.2 m
05/25/2021,$1.07,$1.08,$0.9367,$1.01,$25.1 m,25313103,$18.5 m
05/24/2021,$1.26,$1.29,$0.99,$1.07,$51.1 m,48167213,$19.8 m
05/23/2021,$0.9704,$1.00,$0.7521,$0.9102,$17.2 m,19540359,$16.5 m
05/22/2021,$1.01,$1.04,$0.9086,$0.9819,$15.9 m,16278800,$18.2 m
05/21/2021,$1.06,$1.22,$0.8710,$1.01,$27.9 m,25899259,$20.1 m
05/20/2021,$0.9192,$1.08,$0.7939,$1.07,$22 m,22269002,$18.4 m
05/19/2021,$1.37,$1.40,$0.7760,$0.9236,$29.4 m,26693562,$20.5 m
05/18/2021,$1.36,$1.44,$1.34,$1.38,$18.6 m,13459744,$25.8 m
05/17/2021,$1.52,$1.54,$1.32,$1.36,$22.8 m,16365336,$26 m
05/16/2021,$1.57,$1.65,$1.44,$1.52,$19.6 m,12383609,$29.6 m
05/15/2021,$1.67,$1.68,$1.56,$1.57,$18.7 m,11528108,$30.3 m
05/14/2021,$1.58,$1.70,$1.58,$1.67,$17.4 m,10590296,$30.7 m
05/13/2021,$1.61,$1.69,$1.51,$1.59,$28.5 m,17705524,$30.1 m
05/12/2021,$1.89,$1.94,$1.65,$1.65,$26.9 m,14527585,$34.6 m
05/11/2021,$1.73,$1.95,$1.70,$1.89,$40.1 m,22090520,$33.9 m
05/10/2021,$1.93,$1.96,$1.70,$1.74,$32.1 m,17195227,$34.8 m
05/09/2021,$2.01,$2.01,$1.85,$1.93,$23.9 m,12449418,$35.8 m
05/08/2021,$2.01,$2.09,$1.98,$2.02,$30.2 m,14766481,$38.1 m
05/07/2021,$2.01,$2.10,$1.89,$2.00,$30.4 m,15254345,$37.2 m
05/06/2021,$2.12,$2.12,$1.99,$2.01,$20.5 m,9978592,$38.3 m
05/05/2021,$2.00,$2.14,$1.97,$2.13,$31.6 m,15349134,$38.4 m
05/04/2021,$2.07,$2.20,$1.96,$2.02,$58.5 m,27809814,$39.3 m
05/03/2021,$2.07,$2.14,$2.06,$2.07,$25.4 m,12101218,$39.1 m
05/02/2021,$2.14,$2.14,$2.07,$2.08,$16.8 m,8023400,$39 m
05/01/2021,$2.18,$2.18,$2.10,$2.14,$19.5 m,9133888,$39.8 m
04/30/2021,$2.13,$2.18,$2.08,$2.18,$19 m,8927169,$39.7 m
04/29/2021,$2.24,$2.24,$2.08,$2.13,$19.2 m,8992522,$39.9 m
04/28/2021,$2.24,$2.29,$2.04,$2.23,$27.4 m,12670949,$40.3 m
04/27/2021,$2.02,$2.27,$2.01,$2.24,$40.7 m,18847879,$40.3 m
04/26/2021,$1.76,$2.07,$1.76,$2.02,$33 m,16778940,$36.7 m
04/25/2021,$1.77,$1.90,$1.65,$1.77,$19.4 m,10698542,$33.8 m
04/24/2021,$1.94,$1.94,$1.75,$1.77,$23.8 m,13096922,$34 m
04/23/2021,$2.07,$2.15,$1.69,$1.96,$62.2 m,33493832,$34.6 m
04/22/2021,$2.25,$2.43,$2.02,$2.08,$55.2 m,24238557,$42.5 m
04/21/2021,$2.42,$2.42,$2.22,$2.24,$42.4 m,18221663,$43.4 m
04/20/2021,$2.42,$2.63,$2.27,$2.44,$148.2 m,61462435,$45 m
04/19/2021,$1.97,$2.46,$1.95,$2.29,$88.5 m,40508816,$40.8 m
04/18/2021,$2.26,$2.26,$1.79,$1.98,$38 m,19222705,$36.9 m
04/17/2021,$2.39,$2.41,$2.21,$2.27,$40.4 m,17718914,$42.6 m
04/16/2021,$2.63,$2.63,$2.25,$2.37,$47.8 m,19978266,$44.6 m
04/15/2021,$2.65,$2.67,$2.47,$2.66,$79.1 m,31208745,$47.3 m
04/14/2021,$2.31,$2.63,$2.17,$2.63,$134.2 m,56790894,$44.1 m
04/13/2021,$2.10,$2.37,$2.10,$2.31,$93.8 m,41740425,$41.9 m
04/12/2021,$1.88,$2.29,$1.88,$2.08,$67.7 m,32807461,$38.5 m
04/11/2021,$1.92,$1.95,$1.86,$1.88,$25.7 m,13519389,$35.4 m
04/10/2021,$1.97,$2.07,$1.87,$1.91,$48.1 m,24585917,$36.5 m
04/09/2021,$1.90,$2.12,$1.86,$1.96,$98.1 m,49247561,$37.2 m
04/08/2021,$1.72,$1.92,$1.67,$1.90,$63.1 m,34547024,$34.1 m
04/07/2021,$1.99,$1.99,$1.53,$1.72,$97.9 m,58323326,$31.3 m
04/06/2021,$2.56,$2.56,$1.85,$1.96,$235.9 m,112283413,$39.2 m
04/05/2021,$1.16,$2.75,$1.13,$2.54,$899.7 m,492023856,$34.1 m
04/04/2021,$1.12,$1.17,$1.11,$1.16,$9.7 m,8430782,$21.4 m
04/03/2021,$1.22,$1.23,$1.12,$1.12,$13.4 m,11206421,$22.3 m
04/02/2021,$1.25,$1.30,$1.21,$1.22,$15.5 m,12376042,$23.4 m
04/01/2021,$1.22,$1.27,$1.20,$1.26,$15.2 m,12528254,$22.7 m
03/31/2021,$1.24,$1.27,$1.18,$1.22,$13.5 m,11079289,$22.7 m
03/30/2021,$1.25,$1.28,$1.24,$1.24,$12.5 m,9936475,$23.5 m
03/29/2021,$1.25,$1.27,$1.23,$1.24,$12.7 m,10192097,$23.2 m
03/28/2021,$1.27,$1.29,$1.23,$1.25,$52.3 m,41419993,$23.6 m
03/27/2021,$1.23,$1.30,$1.17,$1.27,$20 m,16230905,$23.1 m
03/26/2021,$1.18,$1.22,$1.18,$1.22,$11.9 m,9891853,$22.4 m
03/25/2021,$1.19,$1.23,$1.07,$1.18,$27.1 m,23589703,$21.4 m
03/24/2021,$1.27,$1.32,$1.20,$1.20,$15.2 m,11789858,$24 m
03/23/2021,$1.28,$1.28,$1.27,$1.27,$27.1 m,21165227,$23.9 m