Date,Open,High,Low,Close,Volume,Volume(UNI),Market Cap
03/19/2024,$11.86,$12.01,$10.44,$10.62,$220.7 m,19977960,$6.5 bn
03/18/2024,$12.40,$12.58,$11.60,$11.87,$137.7 m,11387287,$7.1 bn
03/17/2024,$12.07,$12.64,$11.49,$12.44,$160.8 m,13134694,$7.2 bn
03/16/2024,$13.06,$13.14,$11.85,$12.03,$162 m,12809514,$7.4 bn
03/15/2024,$13.96,$14.09,$12.34,$13.05,$285.5 m,21974943,$7.6 bn
03/14/2024,$14.23,$14.43,$13.30,$13.95,$218.4 m,15572746,$8.2 bn
03/13/2024,$14.04,$14.69,$13.84,$14.21,$184 m,12959827,$8.4 bn
03/12/2024,$14.41,$14.54,$13.39,$14.06,$228.4 m,16237200,$8.3 bn
03/11/2024,$14.23,$14.62,$13.73,$14.44,$227.5 m,16026804,$8.4 bn
03/10/2024,$14.19,$14.37,$13.64,$14.19,$224 m,15896450,$8.3 bn
03/09/2024,$14.58,$14.98,$13.96,$14.19,$260.3 m,18028285,$8.5 bn
03/08/2024,$14.90,$15.40,$14.28,$14.61,$269.5 m,18084110,$8.8 bn
03/07/2024,$15.40,$15.51,$14.67,$14.89,$289 m,19343517,$8.8 bn
03/06/2024,$13.14,$16.79,$12.59,$15.39,$803.5 m,53501567,$8.8 bn
03/05/2024,$12.34,$13.94,$11.81,$13.02,$583.3 m,45159558,$7.6 bn
03/04/2024,$12.62,$13.01,$12.14,$12.36,$279.6 m,22374732,$7.4 bn
03/03/2024,$12.61,$13.03,$11.99,$12.61,$341.7 m,27167218,$7.4 bn
03/02/2024,$11.54,$13.32,$11.35,$12.62,$503.2 m,41120640,$7.2 bn
03/01/2024,$11.12,$11.92,$10.85,$11.61,$326.5 m,28891290,$6.6 bn
02/29/2024,$10.93,$11.77,$10.75,$11.14,$469 m,42302359,$6.5 bn
02/28/2024,$10.85,$11.23,$10.26,$10.93,$387.5 m,35751794,$6.4 bn
02/27/2024,$10.59,$11.15,$10.47,$10.85,$308.1 m,28559921,$6.3 bn
02/26/2024,$11.04,$11.42,$10.43,$10.59,$384.9 m,35880489,$6.3 bn
02/25/2024,$11.28,$11.48,$10.22,$11.13,$484.8 m,45327299,$6.3 bn
02/24/2024,$11.39,$12.74,$10.99,$11.26,$1.1 bn,91172633,$6.9 bn
02/23/2024,$7.36,$12.28,$7.06,$11.35,$1.6 bn,182810365,$5.1 bn
02/22/2024,$7.39,$7.51,$7.29,$7.35,$78.6 m,10618680,$4.4 bn
02/21/2024,$7.55,$7.55,$7.09,$7.40,$93 m,12741716,$4.3 bn
02/20/2024,$7.70,$7.71,$7.28,$7.55,$113.8 m,15114294,$4.4 bn
02/19/2024,$7.65,$7.76,$7.53,$7.70,$88.7 m,11580493,$4.5 bn
02/18/2024,$7.78,$7.94,$7.56,$7.64,$88 m,11451990,$4.5 bn
02/17/2024,$7.44,$7.79,$7.39,$7.76,$112.2 m,14850631,$4.4 bn
02/16/2024,$7.52,$7.66,$7.34,$7.44,$112.5 m,15022807,$4.4 bn
02/15/2024,$6.89,$7.51,$6.89,$7.49,$133.8 m,18649463,$4.2 bn
02/14/2024,$6.68,$6.89,$6.64,$6.87,$70.6 m,10411151,$4 bn
02/13/2024,$6.84,$6.87,$6.62,$6.68,$72.3 m,10725256,$4 bn
02/12/2024,$6.68,$6.85,$6.48,$6.83,$69.8 m,10488059,$3.9 bn
02/11/2024,$6.62,$6.81,$6.57,$6.68,$65.3 m,9813793,$3.9 bn
02/10/2024,$6.66,$6.74,$6.55,$6.63,$50.2 m,7565662,$3.9 bn
02/09/2024,$6.31,$6.69,$6.31,$6.65,$82.3 m,12669925,$3.8 bn
02/08/2024,$6.40,$6.43,$6.32,$6.32,$52.9 m,8303973,$3.7 bn
02/07/2024,$6.28,$6.46,$6.23,$6.39,$55 m,8711453,$3.7 bn
02/06/2024,$6.00,$6.42,$6.00,$6.28,$62.9 m,10153745,$3.6 bn
02/05/2024,$5.98,$6.09,$5.92,$6.01,$42.3 m,7031963,$3.5 bn
02/04/2024,$6.10,$6.13,$5.97,$5.98,$35.5 m,5870062,$3.6 bn
02/03/2024,$6.14,$6.28,$6.07,$6.11,$42.6 m,6925100,$3.6 bn
02/02/2024,$6.05,$6.26,$6.04,$6.13,$53.9 m,8783623,$3.6 bn
02/01/2024,$6.01,$6.08,$5.89,$6.05,$63.3 m,10558928,$3.5 bn
01/31/2024,$6.27,$6.31,$5.94,$6.00,$75.9 m,12400248,$3.6 bn
01/30/2024,$6.14,$6.33,$6.12,$6.25,$68 m,10951824,$3.7 bn
01/29/2024,$5.94,$6.14,$5.89,$6.14,$60.2 m,10010860,$3.5 bn
01/28/2024,$5.98,$6.07,$5.89,$5.94,$49.4 m,8250898,$3.5 bn
01/27/2024,$5.95,$6.00,$5.86,$5.99,$42.6 m,7176909,$3.5 bn
01/26/2024,$5.74,$5.96,$5.71,$5.95,$64.3 m,11007103,$3.4 bn
01/25/2024,$5.86,$5.86,$5.64,$5.75,$53.8 m,9312688,$3.4 bn
01/24/2024,$5.84,$5.90,$5.73,$5.87,$65.7 m,11315665,$3.4 bn
01/23/2024,$6.04,$6.13,$5.56,$5.84,$86.3 m,14765245,$3.4 bn
01/22/2024,$6.38,$6.39,$6.00,$6.04,$66.4 m,10737018,$3.6 bn
01/21/2024,$6.48,$6.52,$6.37,$6.37,$42.1 m,6520381,$3.8 bn
01/20/2024,$6.35,$6.60,$6.30,$6.48,$72.3 m,11179308,$3.8 bn
01/19/2024,$6.31,$6.37,$6.07,$6.35,$77.7 m,12344725,$3.7 bn
01/18/2024,$6.77,$6.84,$6.28,$6.31,$78.5 m,11944481,$3.9 bn
01/17/2024,$6.83,$6.89,$6.67,$6.77,$79.1 m,11660592,$4 bn
01/16/2024,$6.68,$6.93,$6.66,$6.83,$94.6 m,13865202,$4 bn
01/15/2024,$6.32,$6.71,$6.32,$6.67,$109.7 m,16684984,$3.9 bn
01/14/2024,$6.63,$6.66,$6.32,$6.32,$76.9 m,11745021,$3.9 bn
01/13/2024,$6.60,$6.69,$6.43,$6.64,$91.8 m,13923072,$3.9 bn
01/12/2024,$6.82,$6.95,$6.38,$6.60,$145.2 m,21600886,$4 bn
01/11/2024,$6.55,$6.96,$6.53,$6.82,$160.3 m,23819319,$4 bn
01/10/2024,$6.01,$6.73,$5.98,$6.55,$138.3 m,22373569,$3.6 bn
01/09/2024,$6.24,$6.26,$5.72,$6.02,$104.6 m,17464416,$3.5 bn
01/08/2024,$6.00,$6.23,$5.71,$6.23,$102.3 m,17019404,$3.5 bn
01/07/2024,$6.31,$6.44,$5.94,$5.99,$66 m,10503579,$3.7 bn
01/06/2024,$6.42,$6.43,$6.05,$6.30,$96.2 m,15266526,$3.7 bn
01/05/2024,$6.54,$6.60,$6.20,$6.43,$124.8 m,19431120,$3.8 bn
01/04/2024,$6.43,$6.70,$6.38,$6.53,$106.8 m,16279547,$3.9 bn
01/03/2024,$7.18,$7.36,$6.13,$6.43,$279.3 m,40626883,$4 bn
01/02/2024,$7.60,$7.70,$7.15,$7.18,$145.5 m,19487571,$4.4 bn
01/01/2024,$7.22,$7.64,$7.17,$7.59,$104.6 m,14180833,$4.3 bn
12/31/2023,$7.42,$7.68,$7.21,$7.21,$82.4 m,11056935,$4.4 bn
12/30/2023,$7.55,$7.80,$7.33,$7.42,$101.3 m,13444604,$4.4 bn
12/29/2023,$7.81,$7.85,$7.40,$7.57,$203 m,26535938,$4.5 bn
12/28/2023,$7.24,$8.23,$7.24,$7.81,$362.8 m,46988370,$4.5 bn
12/27/2023,$7.35,$7.43,$6.99,$7.24,$170.1 m,23541003,$4.2 bn
12/26/2023,$6.95,$7.76,$6.67,$7.35,$312.1 m,43764624,$4.2 bn
12/25/2023,$6.84,$7.01,$6.67,$6.95,$182.4 m,26661886,$4 bn
12/24/2023,$6.34,$7.16,$6.33,$6.84,$266.5 m,39481680,$4 bn
12/23/2023,$6.39,$6.42,$6.11,$6.34,$153.5 m,24675992,$3.7 bn
12/22/2023,$6.19,$6.48,$6.15,$6.40,$130.2 m,20629538,$3.7 bn
12/21/2023,$5.92,$6.19,$5.87,$6.18,$94 m,15686742,$3.5 bn
12/20/2023,$5.83,$6.10,$5.80,$5.92,$65.5 m,11001735,$3.5 bn
12/19/2023,$5.94,$6.03,$5.76,$5.83,$63.5 m,10703053,$3.5 bn
12/18/2023,$6.07,$6.11,$5.64,$5.94,$111.8 m,19124900,$3.4 bn
12/17/2023,$6.17,$6.26,$6.07,$6.07,$71.8 m,11621724,$3.6 bn
12/16/2023,$6.05,$6.24,$5.96,$6.16,$59.2 m,9619857,$3.6 bn
12/15/2023,$6.35,$6.35,$6.00,$6.03,$74.2 m,12024348,$3.6 bn
12/14/2023,$6.30,$6.47,$6.19,$6.36,$91.5 m,14480810,$3.7 bn
12/13/2023,$6.23,$6.32,$5.99,$6.29,$96.3 m,15667577,$3.6 bn
12/12/2023,$6.11,$6.32,$6.11,$6.23,$95.5 m,15379291,$3.6 bn
12/11/2023,$6.57,$6.58,$5.93,$6.10,$189.2 m,30517023,$3.6 bn
12/10/2023,$6.85,$6.85,$6.45,$6.57,$140.8 m,21195840,$3.8 bn
12/09/2023,$6.48,$7.02,$6.48,$6.83,$240.1 m,35849138,$3.9 bn
12/08/2023,$6.28,$6.50,$6.26,$6.49,$144.3 m,22678177,$3.7 bn
12/07/2023,$6.00,$6.31,$6.00,$6.27,$126.6 m,20608405,$3.5 bn
12/06/2023,$6.25,$6.26,$5.99,$5.99,$167.8 m,27505111,$3.5 bn
12/05/2023,$6.11,$6.31,$5.99,$6.25,$159.1 m,25878367,$3.6 bn
12/04/2023,$6.06,$6.24,$5.98,$6.10,$338.1 m,55395564,$3.5 bn
12/03/2023,$6.17,$6.24,$5.99,$6.07,$162.6 m,26630881,$3.5 bn
12/02/2023,$6.01,$6.18,$6.00,$6.17,$125.5 m,20586081,$3.5 bn
12/01/2023,$5.95,$6.08,$5.90,$6.01,$168.2 m,27934220,$3.5 bn
11/30/2023,$6.02,$6.04,$5.86,$5.95,$195.8 m,33055904,$3.4 bn
11/29/2023,$6.16,$6.37,$5.99,$6.02,$120.8 m,19515165,$3.6 bn
11/28/2023,$6.29,$6.54,$6.09,$6.16,$221.3 m,35499654,$3.6 bn
11/27/2023,$6.17,$6.34,$5.95,$6.29,$209.1 m,34184373,$3.5 bn
11/26/2023,$6.17,$6.19,$5.87,$6.17,$118.3 m,19415401,$3.5 bn
11/25/2023,$6.16,$6.31,$6.10,$6.17,$106 m,17156646,$3.6 bn
11/24/2023,$6.34,$6.59,$6.10,$6.16,$278.3 m,44686425,$3.6 bn
11/23/2023,$6.13,$6.42,$6.08,$6.34,$343.5 m,54983627,$3.6 bn
11/22/2023,$4.86,$6.28,$4.86,$6.11,$442.2 m,80188271,$3.2 bn
11/21/2023,$5.19,$5.26,$4.85,$4.87,$139.3 m,27379346,$2.9 bn
11/20/2023,$5.23,$5.34,$5.14,$5.19,$82.5 m,15785624,$3 bn
11/19/2023,$5.05,$5.24,$4.96,$5.24,$72.2 m,14200559,$2.9 bn
11/18/2023,$5.10,$5.13,$4.84,$5.06,$96.7 m,19291994,$2.9 bn
11/17/2023,$5.19,$5.38,$4.86,$5.09,$143.8 m,27938314,$3 bn
11/16/2023,$5.38,$5.57,$5.13,$5.21,$163.1 m,30269704,$3.1 bn
11/15/2023,$5.06,$5.38,$5.06,$5.38,$129.5 m,24692380,$3 bn
11/14/2023,$5.23,$5.30,$4.90,$5.05,$136 m,26347227,$3 bn
11/13/2023,$5.41,$5.60,$5.22,$5.24,$167.9 m,31014574,$3.1 bn
11/12/2023,$5.39,$5.50,$5.24,$5.40,$125.4 m,23318930,$3.1 bn
11/11/2023,$5.28,$5.51,$5.18,$5.39,$177.3 m,32986766,$3.1 bn
11/10/2023,$5.13,$5.35,$5.09,$5.28,$194 m,37176911,$3 bn
11/09/2023,$5.18,$5.35,$4.82,$5.15,$266.9 m,52219650,$3 bn
11/08/2023,$4.93,$5.26,$4.90,$5.19,$143.4 m,28139210,$2.9 bn
11/07/2023,$5.10,$5.10,$4.79,$4.93,$112.3 m,22636351,$2.9 bn
11/06/2023,$4.77,$5.14,$4.67,$5.11,$148 m,29920505,$2.9 bn
11/05/2023,$4.71,$4.89,$4.65,$4.77,$126.2 m,26413863,$2.8 bn
11/04/2023,$4.65,$4.77,$4.62,$4.71,$85.6 m,18228437,$2.7 bn
11/03/2023,$4.68,$4.76,$4.48,$4.66,$196.7 m,42538633,$2.7 bn
11/02/2023,$4.81,$4.90,$4.52,$4.70,$371.5 m,79665532,$2.7 bn
11/01/2023,$4.15,$4.84,$4.02,$4.76,$353.1 m,82807986,$2.5 bn
10/31/2023,$4.18,$4.24,$4.03,$4.15,$124 m,29891946,$2.4 bn
10/30/2023,$4.16,$4.23,$4.10,$4.18,$106 m,25464208,$2.4 bn
10/29/2023,$4.08,$4.21,$4.05,$4.15,$75.1 m,18126355,$2.4 bn
10/28/2023,$4.02,$4.13,$4.02,$4.08,$47.2 m,11537282,$2.4 bn
10/27/2023,$4.10,$4.14,$3.97,$4.03,$102.8 m,25285729,$2.3 bn
10/26/2023,$4.16,$4.37,$4.01,$4.11,$147.7 m,35287726,$2.4 bn
10/25/2023,$4.21,$4.33,$4.14,$4.17,$121.2 m,28708470,$2.4 bn
10/24/2023,$4.38,$4.48,$4.13,$4.22,$180.5 m,41898919,$2.5 bn
10/23/2023,$4.21,$4.42,$4.20,$4.37,$135.3 m,31599740,$2.5 bn
10/22/2023,$4.14,$4.24,$4.10,$4.20,$50.2 m,12103245,$2.4 bn
10/21/2023,$4.00,$4.16,$3.96,$4.14,$39.6 m,9756210,$2.3 bn
10/20/2023,$3.93,$4.11,$3.92,$4.00,$47.9 m,11954920,$2.3 bn
10/19/2023,$3.93,$3.94,$3.88,$3.93,$35.2 m,9004364,$2.3 bn
10/18/2023,$3.88,$3.96,$3.85,$3.93,$41.3 m,10572598,$2.3 bn
10/17/2023,$4.12,$4.12,$3.84,$3.89,$60.4 m,15151153,$2.3 bn
10/16/2023,$4.10,$4.24,$4.10,$4.12,$37.2 m,8970511,$2.4 bn
10/15/2023,$4.09,$4.14,$4.07,$4.10,$20.7 m,5038197,$2.4 bn
10/14/2023,$4.02,$4.10,$4.02,$4.09,$23.4 m,5755503,$2.3 bn
10/13/2023,$4.00,$4.08,$3.98,$4.03,$31.3 m,7788170,$2.3 bn
10/12/2023,$4.12,$4.14,$3.97,$4.00,$36.3 m,8926839,$2.3 bn
10/11/2023,$4.12,$4.15,$4.06,$4.12,$32.2 m,7850111,$2.4 bn
10/10/2023,$4.14,$4.17,$4.07,$4.12,$31.8 m,7719719,$2.4 bn
10/09/2023,$4.34,$4.36,$4.09,$4.14,$43.3 m,10236719,$2.4 bn
10/08/2023,$4.37,$4.38,$4.29,$4.34,$21.3 m,4898377,$2.5 bn
10/07/2023,$4.40,$4.42,$4.34,$4.37,$26.5 m,6055581,$2.5 bn
10/06/2023,$4.30,$4.42,$4.29,$4.39,$39.2 m,8990533,$2.5 bn
10/05/2023,$4.31,$4.33,$4.26,$4.30,$39 m,9076697,$2.5 bn
10/04/2023,$4.36,$4.36,$4.26,$4.30,$47.1 m,10918131,$2.5 bn
10/03/2023,$4.46,$4.52,$4.34,$4.36,$54.2 m,12216351,$2.6 bn
10/01/2023,$4.46,$4.67,$4.45,$4.65,$50.9 m,11226364,$2.6 bn
09/30/2023,$4.40,$4.47,$4.39,$4.46,$38.3 m,8631305,$2.6 bn
09/29/2023,$4.42,$4.50,$4.33,$4.40,$62.2 m,14045199,$2.6 bn
09/28/2023,$4.25,$4.47,$4.24,$4.42,$55.4 m,12755974,$2.5 bn
09/27/2023,$4.26,$4.41,$4.21,$4.25,$52.6 m,12253032,$2.5 bn
09/26/2023,$4.27,$4.31,$4.22,$4.26,$31.3 m,7346352,$2.5 bn
09/25/2023,$4.23,$4.29,$4.22,$4.27,$33.7 m,7923700,$2.5 bn
09/24/2023,$4.28,$4.30,$4.22,$4.23,$27.8 m,6515235,$2.5 bn
09/23/2023,$4.26,$4.28,$4.24,$4.28,$30 m,7045039,$2.5 bn
09/22/2023,$4.24,$4.27,$4.21,$4.26,$37.5 m,8822682,$2.5 bn
09/21/2023,$4.36,$4.39,$4.22,$4.24,$48.4 m,11300735,$2.5 bn
09/20/2023,$4.41,$4.42,$4.33,$4.37,$49.5 m,11279903,$2.5 bn
09/19/2023,$4.36,$4.47,$4.34,$4.41,$51.8 m,11744384,$2.5 bn
09/18/2023,$4.28,$4.45,$4.25,$4.36,$54.1 m,12386595,$2.5 bn
09/17/2023,$4.34,$4.39,$4.24,$4.29,$34.3 m,7939668,$2.5 bn
09/16/2023,$4.35,$4.41,$4.31,$4.34,$38.8 m,8924201,$2.5 bn
09/15/2023,$4.27,$4.37,$4.25,$4.35,$40 m,9322028,$2.5 bn
09/14/2023,$4.26,$4.34,$4.25,$4.27,$43.3 m,10104888,$2.5 bn
09/13/2023,$4.19,$4.31,$4.19,$4.25,$40.3 m,9478372,$2.5 bn
09/12/2023,$4.11,$4.29,$4.09,$4.19,$53 m,12617864,$2.4 bn
09/11/2023,$4.22,$4.25,$4.05,$4.11,$51 m,12274701,$2.4 bn
09/10/2023,$4.32,$4.32,$4.18,$4.22,$44.1 m,10431195,$2.4 bn
09/09/2023,$4.36,$4.37,$4.31,$4.32,$23.1 m,5319380,$2.5 bn
09/08/2023,$4.48,$4.48,$4.32,$4.37,$34.9 m,7917745,$2.5 bn
09/07/2023,$4.46,$4.52,$4.41,$4.47,$37.1 m,8330801,$2.6 bn
09/06/2023,$4.38,$4.48,$4.35,$4.46,$40.8 m,9258092,$2.5 bn
09/05/2023,$4.44,$4.45,$4.28,$4.38,$43 m,9904364,$2.5 bn
09/04/2023,$4.41,$4.50,$4.38,$4.44,$40.4 m,9134810,$2.6 bn
09/03/2023,$4.40,$4.47,$4.37,$4.41,$41.5 m,9402050,$2.5 bn
09/02/2023,$4.26,$4.39,$4.25,$4.39,$40.6 m,9351393,$2.5 bn
09/01/2023,$4.37,$4.42,$4.24,$4.26,$46.2 m,10627650,$2.5 bn
08/31/2023,$4.64,$4.67,$4.34,$4.37,$65.4 m,14398518,$2.6 bn
08/30/2023,$4.80,$4.80,$4.64,$4.64,$50.7 m,10803392,$2.7 bn
08/29/2023,$4.67,$4.85,$4.57,$4.79,$70.5 m,14996337,$2.7 bn
08/28/2023,$4.68,$4.72,$4.58,$4.67,$47.4 m,10198421,$2.7 bn
08/27/2023,$4.60,$4.70,$4.60,$4.68,$40.3 m,8655756,$2.7 bn
08/26/2023,$4.55,$4.64,$4.53,$4.60,$37.4 m,8165271,$2.6 bn
08/25/2023,$4.66,$4.66,$4.53,$4.55,$58 m,12646358,$2.6 bn
08/24/2023,$4.76,$4.81,$4.61,$4.65,$56.4 m,11979414,$2.7 bn
08/23/2023,$4.67,$4.85,$4.66,$4.76,$77.2 m,16310559,$2.7 bn
08/22/2023,$4.77,$4.78,$4.54,$4.67,$75.2 m,16054802,$2.7 bn
08/21/2023,$4.90,$4.92,$4.75,$4.77,$54.3 m,11242106,$2.8 bn
08/20/2023,$4.91,$4.93,$4.87,$4.90,$43.4 m,8872222,$2.8 bn
08/19/2023,$4.90,$4.99,$4.86,$4.91,$49 m,9965994,$2.8 bn
08/18/2023,$4.98,$5.04,$4.87,$4.90,$71.9 m,14498361,$2.9 bn
08/17/2023,$5.44,$5.50,$4.82,$4.99,$110.9 m,20715602,$3.1 bn
08/16/2023,$5.95,$5.95,$5.36,$5.45,$95.4 m,16705615,$3.3 bn
08/15/2023,$6.26,$6.29,$5.95,$5.96,$57.4 m,9281421,$3.6 bn
08/14/2023,$6.09,$6.35,$6.09,$6.26,$41.5 m,6675605,$3.6 bn
08/13/2023,$6.22,$6.22,$6.07,$6.09,$26.6 m,4325876,$3.6 bn
08/12/2023,$6.19,$6.24,$6.12,$6.22,$33.2 m,5386149,$3.6 bn
08/11/2023,$6.19,$6.21,$6.10,$6.19,$37.2 m,6041444,$3.6 bn
08/10/2023,$6.25,$6.32,$6.16,$6.19,$58.8 m,9434125,$3.6 bn
08/09/2023,$6.08,$6.28,$6.04,$6.26,$55.4 m,9062313,$3.5 bn
08/08/2023,$5.87,$6.14,$5.82,$6.09,$54.6 m,9198085,$3.4 bn
08/07/2023,$5.95,$6.01,$5.78,$5.87,$53 m,8997708,$3.4 bn
08/06/2023,$6.09,$6.14,$5.94,$5.95,$39.3 m,6496520,$3.5 bn
08/05/2023,$6.07,$6.09,$5.95,$6.09,$43.1 m,7164970,$3.5 bn
08/04/2023,$6.09,$6.21,$6.02,$6.06,$54 m,8836640,$3.5 bn
08/03/2023,$6.15,$6.23,$6.06,$6.10,$73.4 m,11921477,$3.6 bn
08/02/2023,$6.67,$6.68,$6.13,$6.16,$100.3 m,15748598,$3.7 bn
08/01/2023,$6.52,$6.67,$6.34,$6.67,$152 m,23407774,$3.8 bn
07/31/2023,$6.42,$6.60,$6.39,$6.52,$146 m,22448919,$3.8 bn
07/30/2023,$6.33,$6.42,$6.29,$6.42,$126.5 m,19873098,$3.7 bn
07/29/2023,$6.01,$6.34,$6.00,$6.33,$87.4 m,14279573,$3.5 bn
07/28/2023,$5.87,$6.01,$5.87,$6.00,$47.3 m,7948927,$3.4 bn
07/27/2023,$5.84,$5.96,$5.80,$5.87,$55.3 m,9391668,$3.4 bn
07/26/2023,$5.79,$5.89,$5.74,$5.83,$54.1 m,9312342,$3.4 bn
07/25/2023,$5.78,$5.80,$5.70,$5.79,$41.2 m,7152207,$4.4 bn
07/24/2023,$6.14,$6.17,$5.74,$5.78,$85.6 m,14523676,$4.5 bn
07/23/2023,$5.98,$6.21,$5.98,$6.14,$58.3 m,9556602,$4.6 bn
07/22/2023,$6.20,$6.24,$5.97,$5.98,$60.7 m,9857570,$4.7 bn
07/21/2023,$6.01,$6.23,$5.95,$6.20,$108.8 m,17728679,$4.7 bn
07/20/2023,$5.87,$6.14,$5.82,$6.00,$95.8 m,16118055,$4.5 bn
07/19/2023,$5.89,$6.03,$5.81,$5.87,$69.9 m,11844437,$4.5 bn
07/18/2023,$5.92,$6.22,$5.87,$5.90,$153.3 m,25519806,$4.6 bn
07/17/2023,$5.70,$6.11,$5.68,$5.91,$144.1 m,24587257,$4.5 bn
07/16/2023,$5.81,$5.85,$5.67,$5.69,$53.4 m,9282510,$4.4 bn
07/15/2023,$5.86,$5.93,$5.74,$5.78,$57.9 m,9939222,$4.4 bn
07/14/2023,$5.87,$6.12,$5.75,$5.87,$117.2 m,19829248,$4.5 bn
07/13/2023,$5.27,$5.86,$5.22,$5.86,$88.5 m,16303520,$4.1 bn
07/12/2023,$5.25,$5.35,$5.20,$5.27,$41.6 m,7860949,$4 bn
07/11/2023,$5.23,$5.29,$5.19,$5.25,$34.5 m,6581494,$4 bn
07/10/2023,$5.23,$5.34,$5.10,$5.23,$56.9 m,10974708,$4 bn
07/09/2023,$5.25,$5.32,$5.20,$5.23,$35.8 m,6815063,$4 bn
07/08/2023,$5.48,$5.48,$5.17,$5.24,$47.7 m,8952415,$4.1 bn
07/07/2023,$5.26,$5.56,$5.24,$5.47,$76.5 m,14020981,$4.2 bn
07/06/2023,$5.41,$5.63,$5.26,$5.28,$64.5 m,11904708,$4.1 bn
07/05/2023,$5.51,$5.71,$5.32,$5.42,$72.3 m,13203297,$4.2 bn
07/04/2023,$5.52,$5.58,$5.41,$5.51,$59.8 m,10890245,$4.2 bn
07/03/2023,$5.56,$5.76,$5.50,$5.52,$65.5 m,11653792,$4.3 bn
07/02/2023,$5.59,$5.67,$5.45,$5.56,$82.3 m,14904064,$4.2 bn
07/01/2023,$5.28,$5.60,$5.19,$5.58,$77.8 m,14462347,$4.1 bn
06/30/2023,$4.92,$5.34,$4.89,$5.27,$104 m,20250783,$3.9 bn
06/29/2023,$4.83,$5.02,$4.82,$4.91,$42.5 m,8648665,$3.7 bn
06/28/2023,$5.28,$5.28,$4.78,$4.83,$53.8 m,10680590,$3.8 bn
06/27/2023,$5.26,$5.35,$5.23,$5.27,$40.5 m,7649887,$4 bn
06/26/2023,$5.43,$5.53,$5.22,$5.27,$91.1 m,17017688,$4.1 bn
06/25/2023,$4.73,$5.48,$4.72,$5.44,$162.5 m,31124433,$4 bn
06/24/2023,$4.86,$4.87,$4.69,$4.73,$30.8 m,6437942,$3.7 bn
06/23/2023,$4.73,$4.90,$4.72,$4.86,$33.8 m,7034849,$3.7 bn
06/22/2023,$4.77,$4.89,$4.71,$4.73,$41.5 m,8639469,$3.7 bn
06/21/2023,$4.57,$4.81,$4.53,$4.77,$48.2 m,10372268,$3.5 bn
06/20/2023,$4.48,$4.59,$4.34,$4.57,$35.2 m,7888868,$3.4 bn
06/19/2023,$4.48,$4.51,$4.37,$4.48,$25.4 m,5708529,$3.4 bn
06/18/2023,$4.53,$4.61,$4.46,$4.48,$23.4 m,5168545,$3.5 bn
06/17/2023,$4.55,$4.67,$4.51,$4.52,$27.7 m,6067788,$3.5 bn
06/16/2023,$4.42,$4.62,$4.38,$4.55,$32.4 m,7249072,$3.4 bn
06/15/2023,$4.40,$4.59,$4.23,$4.43,$80.3 m,18211240,$3.4 bn
06/14/2023,$4.29,$4.63,$4.25,$4.40,$91.7 m,20798044,$3.4 bn
06/13/2023,$4.30,$4.49,$4.22,$4.29,$57.1 m,13256915,$3.3 bn
06/12/2023,$4.05,$4.31,$3.98,$4.30,$38.8 m,9394124,$3.1 bn
06/11/2023,$4.07,$4.11,$4.03,$4.06,$24.7 m,6089157,$3.1 bn
06/10/2023,$4.58,$4.59,$3.67,$4.07,$148.5 m,36407226,$3.1 bn
06/09/2023,$4.63,$4.67,$4.54,$4.59,$21.3 m,4621515,$3.5 bn
06/08/2023,$4.55,$4.67,$4.53,$4.63,$21.4 m,4646535,$3.5 bn
06/07/2023,$4.77,$4.78,$4.51,$4.55,$36 m,7722900,$3.6 bn
06/06/2023,$4.72,$4.84,$4.68,$4.77,$28.5 m,6008379,$3.6 bn
06/05/2023,$5.01,$5.02,$4.59,$4.73,$54.3 m,11111628,$3.7 bn
06/04/2023,$5.09,$5.13,$4.99,$5.01,$26.9 m,5307866,$3.9 bn
06/03/2023,$5.07,$5.10,$5.04,$5.08,$15.2 m,2988412,$3.9 bn
06/02/2023,$4.98,$5.09,$4.96,$5.06,$22.6 m,4474888,$3.9 bn
06/01/2023,$5.02,$5.05,$4.96,$4.98,$19.5 m,3883752,$3.8 bn
05/31/2023,$5.13,$5.15,$4.99,$5.02,$22.7 m,4483137,$3.9 bn
05/30/2023,$5.10,$5.20,$5.09,$5.13,$21.5 m,4174168,$3.9 bn
05/29/2023,$5.15,$5.17,$5.09,$5.10,$22.8 m,4449088,$3.9 bn
05/28/2023,$5.04,$5.16,$5.03,$5.15,$21 m,4138508,$3.9 bn
05/27/2023,$4.98,$5.04,$4.96,$5.04,$16.6 m,3326229,$3.8 bn
05/26/2023,$4.95,$5.01,$4.94,$4.98,$19.6 m,3931141,$3.8 bn
05/25/2023,$4.97,$4.98,$4.89,$4.95,$20.9 m,4218943,$3.8 bn
05/24/2023,$5.07,$5.07,$4.89,$4.98,$32 m,6444448,$3.8 bn
05/23/2023,$5.08,$5.20,$5.03,$5.07,$26.1 m,5103005,$3.9 bn
05/22/2023,$5.11,$5.14,$5.06,$5.08,$26.5 m,5198405,$3.9 bn
05/21/2023,$5.28,$5.29,$5.09,$5.11,$20.3 m,3909267,$4 bn
05/20/2023,$5.31,$5.31,$5.24,$5.28,$16.7 m,3165566,$4 bn
05/19/2023,$5.30,$5.37,$5.26,$5.31,$21.4 m,4029093,$4 bn
05/18/2023,$5.33,$5.42,$5.22,$5.30,$39 m,7317064,$4.1 bn
05/17/2023,$5.15,$5.33,$5.11,$5.33,$33.8 m,6509117,$4 bn
05/16/2023,$5.12,$5.16,$5.04,$5.15,$25.7 m,5021495,$3.9 bn
05/15/2023,$5.14,$5.22,$5.08,$5.12,$27.4 m,5298261,$3.9 bn
05/14/2023,$5.10,$5.18,$5.08,$5.14,$18.2 m,3542205,$3.9 bn
05/13/2023,$5.20,$5.20,$5.08,$5.10,$19.8 m,3852748,$3.9 bn
05/12/2023,$5.07,$5.20,$4.91,$5.20,$42.1 m,8314281,$3.9 bn
05/11/2023,$5.13,$5.19,$4.98,$5.07,$49.8 m,9765466,$3.9 bn
05/10/2023,$4.95,$5.13,$4.90,$5.13,$46.6 m,9291706,$3.8 bn
05/09/2023,$4.97,$5.00,$4.92,$4.95,$26 m,5238898,$3.8 bn
05/08/2023,$5.26,$5.27,$4.88,$4.97,$59.7 m,11773792,$3.9 bn
05/07/2023,$5.29,$5.35,$5.24,$5.27,$19.3 m,3636015,$4 bn
05/06/2023,$5.55,$5.60,$5.26,$5.29,$42.6 m,7866178,$4.1 bn
05/05/2023,$5.26,$5.60,$5.24,$5.55,$45.6 m,8450432,$4.1 bn
05/04/2023,$5.39,$5.39,$5.22,$5.26,$22.5 m,4232427,$4 bn
05/03/2023,$5.32,$5.39,$5.19,$5.39,$54.3 m,10315762,$4 bn
05/02/2023,$5.33,$5.35,$5.25,$5.33,$48.4 m,9109314,$4 bn
05/01/2023,$5.45,$5.49,$5.28,$5.33,$54.9 m,10236418,$4.1 bn
04/30/2023,$5.63,$5.66,$5.44,$5.46,$50.2 m,8996351,$4.3 bn
04/29/2023,$5.52,$5.63,$5.50,$5.63,$47.6 m,8525717,$4.3 bn
04/28/2023,$5.56,$5.56,$5.46,$5.52,$49.3 m,8945992,$4.2 bn
04/27/2023,$5.35,$5.59,$5.35,$5.56,$74.3 m,13584150,$4.2 bn
04/26/2023,$5.45,$5.67,$5.18,$5.35,$86 m,15680259,$4.2 bn
04/25/2023,$5.36,$5.47,$5.24,$5.46,$60.2 m,11296257,$4.1 bn
04/24/2023,$5.43,$5.50,$5.32,$5.36,$61.7 m,11415594,$4.1 bn
04/23/2023,$5.50,$5.53,$5.33,$5.43,$60.3 m,11045169,$4.2 bn
04/22/2023,$5.47,$5.55,$5.45,$5.50,$56.5 m,10279277,$4.2 bn
04/21/2023,$5.78,$5.83,$5.42,$5.47,$84.8 m,14917614,$4.3 bn
04/20/2023,$5.83,$5.96,$5.68,$5.78,$77.2 m,13192962,$4.5 bn
04/19/2023,$6.33,$6.47,$5.78,$5.85,$131.7 m,21773494,$4.6 bn
04/18/2023,$6.13,$6.36,$6.06,$6.33,$85.7 m,13703629,$4.8 bn
04/17/2023,$6.32,$6.32,$6.08,$6.13,$68.8 m,11157482,$4.7 bn
04/16/2023,$6.27,$6.47,$6.15,$6.32,$80.6 m,12853524,$4.8 bn
04/15/2023,$6.31,$6.36,$6.22,$6.27,$56.6 m,9009025,$4.8 bn
04/14/2023,$6.21,$6.46,$6.13,$6.31,$95.9 m,15163990,$4.8 bn
04/13/2023,$5.95,$6.24,$5.90,$6.20,$63.5 m,10454424,$4.6 bn
04/12/2023,$5.94,$5.99,$5.76,$5.94,$68 m,11576766,$4.5 bn
04/11/2023,$6.01,$6.08,$5.92,$5.94,$54.4 m,9056307,$4.6 bn
04/10/2023,$5.91,$6.03,$5.84,$6.01,$59.1 m,9997802,$4.5 bn
04/09/2023,$5.92,$5.95,$5.83,$5.92,$56.5 m,9605818,$4.5 bn
04/08/2023,$6.00,$6.05,$5.89,$5.92,$56 m,9361275,$4.6 bn
04/07/2023,$6.08,$6.09,$5.96,$6.00,$49.4 m,8212821,$4.6 bn
04/06/2023,$6.23,$6.23,$6.05,$6.07,$46.1 m,7511432,$4.7 bn
04/05/2023,$6.15,$6.33,$6.13,$6.23,$53.1 m,8480061,$4.8 bn
04/04/2023,$5.93,$6.20,$5.88,$6.15,$50.6 m,8371636,$4.6 bn
04/03/2023,$5.95,$6.07,$5.83,$5.93,$58 m,9739078,$4.5 bn
04/02/2023,$6.10,$6.11,$5.90,$5.94,$38.7 m,6440831,$4.6 bn
04/01/2023,$6.06,$6.19,$6.03,$6.10,$40.8 m,6680837,$4.6 bn
03/31/2023,$5.90,$6.11,$5.89,$6.06,$60.6 m,10112965,$4.6 bn
03/30/2023,$5.94,$6.05,$5.85,$5.89,$65.1 m,11013947,$4.5 bn
03/29/2023,$5.82,$6.02,$5.82,$5.95,$53.8 m,9031083,$4.5 bn
03/28/2023,$5.65,$5.87,$5.58,$5.82,$39.8 m,6966899,$4.4 bn
03/27/2023,$5.79,$5.81,$5.53,$5.65,$48 m,8425201,$4.3 bn
03/26/2023,$5.71,$5.86,$5.69,$5.79,$36.1 m,6262507,$4.4 bn
03/25/2023,$5.88,$5.90,$5.69,$5.71,$42.9 m,7389636,$4.4 bn
03/24/2023,$6.25,$6.28,$5.81,$5.88,$100.9 m,16702824,$4.6 bn
03/23/2023,$6.07,$6.42,$6.02,$6.25,$58.2 m,9411593,$4.7 bn
03/22/2023,$6.43,$6.44,$5.93,$6.07,$77.9 m,12409254,$4.8 bn
03/21/2023,$6.17,$6.50,$6.07,$6.43,$76.5 m,12177686,$4.8 bn
03/20/2023,$6.49,$6.57,$6.16,$6.17,$78.3 m,12287001,$4.9 bn
03/19/2023,$6.50,$6.69,$6.42,$6.49,$90.5 m,13807482,$5 bn
03/18/2023,$6.41,$6.61,$6.33,$6.48,$87.4 m,13436564,$5 bn
03/17/2023,$5.91,$6.42,$5.84,$6.41,$80.8 m,13195675,$4.7 bn
03/16/2023,$5.91,$5.97,$5.81,$5.91,$55.1 m,9327037,$4.5 bn
03/15/2023,$6.32,$6.42,$5.76,$5.90,$93.4 m,15193356,$4.7 bn
03/14/2023,$6.09,$6.56,$6.00,$6.32,$148.8 m,23883120,$4.7 bn
03/13/2023,$5.89,$6.19,$5.81,$6.08,$167.9 m,27896987,$4.6 bn
03/12/2023,$5.43,$5.88,$5.38,$5.88,$127.2 m,23087697,$4.2 bn
03/11/2023,$5.62,$5.76,$5.26,$5.43,$115.3 m,21106670,$4.2 bn
03/10/2023,$5.60,$5.65,$5.40,$5.62,$122.7 m,22013615,$4.2 bn
03/09/2023,$6.10,$6.20,$5.65,$5.74,$103.4 m,17094267,$4.6 bn
03/08/2023,$6.43,$6.48,$6.10,$6.10,$71.1 m,11177063,$4.8 bn
03/07/2023,$6.34,$6.46,$6.30,$6.42,$90.7 m,14222348,$4.9 bn
03/06/2023,$6.35,$6.43,$6.25,$6.33,$71.2 m,11207549,$4.8 bn
03/05/2023,$6.16,$6.38,$6.15,$6.35,$64.2 m,10213884,$4.8 bn
03/04/2023,$6.27,$6.29,$6.04,$6.15,$56.8 m,9183543,$4.7 bn
03/03/2023,$6.63,$6.64,$6.13,$6.27,$78.9 m,12616395,$4.8 bn
03/02/2023,$6.84,$6.89,$6.56,$6.63,$46 m,6876844,$5.1 bn
03/01/2023,$6.50,$6.85,$6.49,$6.84,$67.1 m,9942498,$5.1 bn
02/28/2023,$6.44,$6.62,$6.41,$6.49,$59.1 m,9080618,$5 bn
02/27/2023,$6.61,$6.64,$6.38,$6.44,$59.4 m,9116929,$5 bn
02/26/2023,$6.47,$6.65,$6.43,$6.61,$37.8 m,5773349,$5 bn
02/25/2023,$6.57,$6.62,$6.29,$6.47,$62.9 m,9660373,$5 bn
02/24/2023,$6.94,$7.04,$6.49,$6.57,$86.1 m,12632700,$5.2 bn
02/23/2023,$6.93,$7.04,$6.83,$6.94,$61.5 m,8836478,$5.3 bn
02/22/2023,$7.03,$7.04,$6.72,$6.94,$74.5 m,10823248,$5.2 bn
02/21/2023,$7.37,$7.43,$6.93,$7.03,$93.8 m,13093801,$5.5 bn
02/20/2023,$7.21,$7.36,$7.06,$7.35,$92.8 m,12768686,$5.5 bn
02/19/2023,$6.98,$7.56,$6.97,$7.19,$184.3 m,25695672,$5.5 bn
02/18/2023,$6.73,$7.12,$6.73,$6.98,$125.9 m,18142569,$5.3 bn
02/17/2023,$6.48,$6.81,$6.47,$6.73,$114.1 m,17149608,$5.1 bn
02/16/2023,$6.93,$7.01,$6.48,$6.48,$101.4 m,14827813,$5.2 bn
02/15/2023,$6.59,$6.94,$6.50,$6.93,$88.1 m,13288239,$5.1 bn
02/14/2023,$6.25,$6.58,$6.23,$6.58,$76.1 m,11967995,$4.8 bn
02/13/2023,$6.35,$6.37,$6.11,$6.25,$89.1 m,14254861,$4.8 bn
02/12/2023,$6.48,$6.55,$6.30,$6.33,$47.2 m,7277687,$4.9 bn
02/11/2023,$6.36,$6.49,$6.34,$6.48,$48.2 m,7509280,$4.9 bn
02/10/2023,$6.32,$6.47,$6.26,$6.36,$96.6 m,15179038,$4.7 bn
02/09/2023,$6.81,$6.86,$6.21,$6.31,$180.9 m,27305660,$4.9 bn
02/08/2023,$6.98,$7.05,$6.61,$6.81,$108.5 m,15771727,$5.1 bn
02/07/2023,$6.64,$7.00,$6.64,$6.99,$97.6 m,14339671,$5.1 bn
02/06/2023,$6.89,$6.96,$6.61,$6.64,$99.2 m,14535322,$5.1 bn
02/05/2023,$7.20,$7.31,$6.76,$6.90,$128.5 m,18159675,$5.3 bn
02/04/2023,$7.06,$7.33,$7.02,$7.20,$106.9 m,14853865,$5.4 bn
02/03/2023,$7.11,$7.28,$6.95,$7.07,$191 m,26904489,$5.3 bn
02/02/2023,$6.80,$7.51,$6.80,$7.09,$280.2 m,39558063,$5.3 bn
02/01/2023,$6.56,$6.90,$6.34,$6.81,$132.1 m,20111982,$4.9 bn
01/31/2023,$6.51,$6.65,$6.44,$6.57,$71.9 m,10996143,$4.9 bn
01/30/2023,$6.93,$7.00,$6.39,$6.51,$103.8 m,15551934,$5 bn
01/29/2023,$6.63,$6.98,$6.56,$6.92,$83.8 m,12232834,$5.1 bn
01/28/2023,$6.87,$6.90,$6.56,$6.63,$64.2 m,9530823,$5 bn
01/27/2023,$6.74,$6.87,$6.58,$6.85,$87.1 m,12941841,$5 bn
01/26/2023,$6.59,$6.78,$6.48,$6.76,$96.4 m,14584343,$4.9 bn
01/25/2023,$6.30,$6.69,$6.12,$6.60,$102.5 m,16111651,$4.7 bn
01/24/2023,$6.72,$6.82,$6.27,$6.29,$98.6 m,14790542,$5 bn
01/23/2023,$6.89,$6.97,$6.69,$6.72,$127.9 m,18735776,$5.1 bn
01/22/2023,$6.66,$7.09,$6.63,$6.90,$144.8 m,21207138,$5.1 bn
01/21/2023,$6.68,$6.82,$6.58,$6.67,$115.1 m,17174403,$5 bn
01/20/2023,$6.17,$6.69,$6.08,$6.69,$86 m,13807294,$4.6 bn
01/19/2023,$6.05,$6.19,$6.00,$6.17,$69.7 m,11422333,$4.6 bn
01/18/2023,$6.34,$6.80,$6.05,$6.05,$203.1 m,31980971,$4.7 bn
01/17/2023,$6.54,$6.63,$6.34,$6.35,$93 m,14304957,$4.8 bn
01/16/2023,$6.59,$6.74,$6.34,$6.53,$118.7 m,18138530,$4.9 bn
01/15/2023,$6.62,$6.66,$6.41,$6.59,$107.3 m,16408306,$4.9 bn
01/14/2023,$6.30,$6.94,$6.30,$6.63,$212.4 m,31984228,$5 bn
01/13/2023,$6.18,$6.33,$6.03,$6.29,$98.2 m,16034349,$4.6 bn
01/12/2023,$5.91,$6.18,$5.87,$6.18,$119 m,19777578,$4.5 bn
01/11/2023,$5.79,$5.94,$5.62,$5.92,$68.5 m,11973729,$4.3 bn
01/10/2023,$5.80,$5.87,$5.68,$5.79,$69.3 m,12001939,$4.3 bn
01/09/2023,$5.57,$5.95,$5.57,$5.80,$81.9 m,14120401,$4.3 bn
01/08/2023,$5.42,$5.56,$5.36,$5.56,$40.3 m,7385064,$4.1 bn
01/07/2023,$5.52,$5.55,$5.40,$5.42,$33.9 m,6209750,$4.1 bn
01/06/2023,$5.38,$5.53,$5.26,$5.52,$50.1 m,9300098,$4 bn
01/05/2023,$5.53,$5.55,$5.34,$5.37,$42.9 m,7877154,$4.1 bn
01/04/2023,$5.38,$5.59,$5.37,$5.53,$68 m,12313949,$4.1 bn
01/03/2023,$5.37,$5.42,$5.28,$5.38,$44.5 m,8310018,$4 bn
01/02/2023,$5.25,$5.45,$5.19,$5.37,$59 m,11097641,$4 bn
01/01/2023,$5.16,$5.27,$5.10,$5.24,$29.2 m,5640641,$3.9 bn
12/31/2022,$5.10,$5.20,$5.06,$5.16,$35.2 m,6868354,$3.8 bn
12/30/2022,$5.04,$5.10,$4.97,$5.09,$39.9 m,7899659,$3.8 bn
12/29/2022,$4.97,$5.12,$4.95,$5.05,$43.8 m,8655009,$3.8 bn
12/28/2022,$5.19,$5.20,$4.96,$4.97,$50.2 m,9880686,$3.8 bn
12/27/2022,$5.21,$5.31,$5.10,$5.18,$39.1 m,7526647,$3.9 bn
12/26/2022,$5.15,$5.20,$5.13,$5.20,$31.6 m,6103124,$3.9 bn
12/25/2022,$5.20,$5.24,$5.06,$5.15,$35.3 m,6848848,$3.8 bn
12/24/2022,$5.26,$5.27,$5.18,$5.20,$25 m,4786599,$3.9 bn
12/23/2022,$5.36,$5.39,$5.23,$5.26,$38.8 m,7328079,$4 bn
12/22/2022,$5.32,$5.38,$5.14,$5.36,$41.8 m,7924167,$3.9 bn
12/21/2022,$5.36,$5.36,$5.22,$5.31,$36 m,6823198,$3.9 bn
12/20/2022,$5.09,$5.37,$5.07,$5.36,$44.3 m,8382136,$3.9 bn
12/19/2022,$5.34,$5.42,$5.02,$5.09,$45.8 m,8710161,$3.9 bn
12/18/2022,$5.39,$5.39,$5.32,$5.33,$31.8 m,5945841,$4 bn
12/17/2022,$5.29,$5.43,$5.25,$5.40,$60.3 m,11250329,$4 bn
12/16/2022,$5.80,$5.87,$5.26,$5.30,$82.2 m,14594496,$4.2 bn
12/15/2022,$5.91,$6.01,$5.78,$5.80,$68.6 m,11612791,$4.4 bn
12/14/2022,$6.10,$6.17,$5.91,$5.91,$66 m,10874698,$4.5 bn
12/13/2022,$5.93,$6.24,$5.85,$6.09,$78.1 m,13016146,$4.5 bn
12/12/2022,$5.92,$5.97,$5.76,$5.93,$55.3 m,9474707,$4.4 bn
12/11/2022,$6.08,$6.11,$5.91,$5.93,$41.3 m,6821816,$4.5 bn
12/10/2022,$6.16,$6.21,$6.06,$6.07,$36.4 m,5940001,$4.6 bn
12/09/2022,$6.18,$6.28,$6.09,$6.15,$59.8 m,9722510,$4.6 bn
12/08/2022,$6.00,$6.22,$5.93,$6.18,$59.8 m,9883748,$4.5 bn
12/07/2022,$6.18,$6.27,$5.89,$6.01,$63.9 m,10576382,$4.5 bn
12/06/2022,$6.17,$6.22,$6.06,$6.18,$61.3 m,9988795,$4.6 bn
12/05/2022,$6.26,$6.41,$6.13,$6.17,$80.7 m,12841173,$4.7 bn
12/04/2022,$6.10,$6.29,$6.10,$6.27,$67.6 m,10920154,$4.6 bn
12/03/2022,$6.33,$6.41,$6.07,$6.09,$86.5 m,13855733,$4.7 bn
12/02/2022,$5.91,$6.51,$5.89,$6.33,$132.8 m,21910602,$4.5 bn
12/01/2022,$5.84,$5.95,$5.71,$5.90,$88.9 m,15310717,$4.3 bn
11/30/2022,$5.47,$5.86,$5.47,$5.85,$96.7 m,16881467,$4.3 bn
11/29/2022,$5.30,$5.52,$5.28,$5.46,$63.2 m,11621638,$4.1 bn
11/28/2022,$5.41,$5.45,$5.19,$5.31,$68.7 m,13006925,$3.9 bn
11/27/2022,$5.42,$5.60,$5.41,$5.41,$61.1 m,11063635,$4.1 bn
11/26/2022,$5.41,$5.60,$5.38,$5.42,$69.8 m,12717143,$4.1 bn
11/25/2022,$5.45,$5.49,$5.31,$5.41,$66.2 m,12294560,$4 bn
11/24/2022,$5.49,$5.57,$5.40,$5.45,$62.2 m,11372888,$4.1 bn
11/23/2022,$5.31,$5.52,$5.28,$5.48,$76.3 m,14022313,$4.1 bn
11/22/2022,$5.18,$5.38,$4.97,$5.30,$98.4 m,18970151,$3.9 bn
11/21/2022,$5.43,$5.46,$5.11,$5.20,$96.2 m,18129263,$4 bn
11/20/2022,$5.76,$5.81,$5.40,$5.43,$67 m,11876592,$4.2 bn
11/19/2022,$5.83,$5.85,$5.68,$5.77,$57.2 m,9921381,$4.3 bn
11/18/2022,$5.73,$6.04,$5.73,$5.84,$79.1 m,13449129,$4.4 bn
11/17/2022,$5.94,$6.02,$5.69,$5.73,$71.3 m,12219817,$4.3 bn
11/16/2022,$6.27,$6.39,$5.86,$5.95,$101.4 m,16688282,$4.5 bn
11/15/2022,$6.08,$6.41,$5.97,$6.25,$139.6 m,22603190,$4.6 bn
11/14/2022,$5.79,$6.09,$5.44,$6.07,$192 m,32997824,$4.3 bn
11/13/2022,$5.56,$6.12,$5.53,$5.82,$200 m,34304329,$4.3 bn
11/12/2022,$6.03,$6.10,$5.36,$5.55,$173.8 m,30896685,$4.2 bn
11/11/2022,$5.76,$6.22,$5.46,$6.03,$223.7 m,38404414,$4.3 bn
11/10/2022,$4.87,$5.88,$4.83,$5.76,$263.8 m,48008734,$4.1 bn
11/09/2022,$6.06,$6.18,$4.76,$4.88,$246.2 m,43861564,$4.2 bn
11/08/2022,$7.01,$7.07,$5.63,$6.06,$296.3 m,45671169,$4.8 bn
11/07/2022,$7.07,$7.64,$6.91,$7.01,$198.8 m,27804252,$5.3 bn
11/06/2022,$7.68,$7.75,$7.07,$7.07,$129.3 m,17304261,$5.6 bn
11/05/2022,$7.56,$7.75,$7.54,$7.68,$145.4 m,18966562,$5.7 bn
11/04/2022,$6.92,$7.72,$6.83,$7.55,$220.2 m,29922899,$5.5 bn
11/03/2022,$7.09,$7.39,$6.91,$6.93,$157.9 m,21936256,$5.4 bn
11/02/2022,$7.12,$7.33,$6.85,$7.09,$192.3 m,27315668,$5.2 bn
11/01/2022,$6.96,$7.44,$6.92,$7.12,$162.5 m,22651261,$5.3 bn
10/31/2022,$6.90,$7.11,$6.71,$6.98,$135.2 m,19590403,$5.1 bn
10/30/2022,$7.10,$7.35,$6.88,$6.90,$138.3 m,19606279,$5.3 bn
10/29/2022,$6.86,$7.19,$6.72,$7.07,$189.8 m,27289418,$5.2 bn
10/28/2022,$6.80,$6.96,$6.54,$6.87,$197.5 m,29094200,$5.1 bn
10/27/2022,$6.71,$7.19,$6.71,$6.81,$175.3 m,25224506,$5.2 bn
10/26/2022,$6.58,$6.88,$6.53,$6.70,$122.4 m,18295669,$5 bn
10/25/2022,$6.14,$6.76,$6.08,$6.57,$126.8 m,20144034,$4.7 bn
10/24/2022,$6.29,$6.36,$6.08,$6.14,$75.2 m,12165435,$4.6 bn
10/23/2022,$6.09,$6.29,$5.99,$6.28,$77.9 m,12775464,$4.5 bn
10/22/2022,$6.04,$6.14,$5.99,$6.09,$62 m,10229838,$4.5 bn
10/21/2022,$6.09,$6.16,$5.85,$6.03,$139 m,23124772,$4.5 bn
10/20/2022,$6.58,$6.58,$6.04,$6.09,$123.7 m,19461698,$4.7 bn
10/19/2022,$6.55,$6.75,$6.39,$6.60,$142.6 m,21761920,$4.9 bn
10/18/2022,$6.40,$6.64,$6.23,$6.53,$123.9 m,19386673,$4.8 bn
10/17/2022,$6.10,$6.43,$6.05,$6.40,$83.1 m,13344797,$4.6 bn
10/16/2022,$6.04,$6.16,$5.99,$6.11,$64.3 m,10577948,$4.5 bn
10/15/2022,$6.29,$6.32,$6.01,$6.04,$71.6 m,11691224,$4.6 bn
10/14/2022,$6.13,$6.50,$6.11,$6.29,$139.7 m,22154102,$4.7 bn
10/13/2022,$6.05,$6.20,$5.45,$6.13,$194.8 m,33129374,$4.4 bn
10/12/2022,$6.00,$6.16,$5.99,$6.06,$68.3 m,11209763,$4.5 bn
10/11/2022,$6.39,$6.50,$5.96,$5.99,$106.6 m,17124431,$4.6 bn
10/10/2022,$6.63,$6.70,$6.27,$6.40,$83.6 m,12974326,$4.8 bn
10/09/2022,$6.51,$6.64,$6.49,$6.63,$62.5 m,9514258,$4.9 bn
10/08/2022,$6.78,$6.83,$6.46,$6.51,$76 m,11406487,$5 bn
10/07/2022,$6.87,$7.07,$6.70,$6.79,$124.1 m,18008950,$5.1 bn
10/06/2022,$6.81,$6.99,$6.77,$6.87,$145.6 m,21115644,$5.1 bn
10/05/2022,$6.65,$6.81,$6.48,$6.79,$108.8 m,16347275,$5 bn
10/04/2022,$6.64,$6.83,$6.58,$6.65,$166.8 m,24898836,$5 bn
10/03/2022,$6.26,$6.75,$6.20,$6.64,$160.1 m,24821583,$4.8 bn
10/02/2022,$6.38,$6.50,$6.20,$6.25,$132.2 m,20969782,$4.7 bn
10/01/2022,$6.45,$6.64,$6.38,$6.39,$92.5 m,14218151,$4.9 bn
09/30/2022,$6.37,$6.65,$6.28,$6.45,$154.2 m,24134011,$4.8 bn
09/29/2022,$6.56,$6.56,$6.15,$6.37,$118.2 m,18575981,$4.7 bn
09/28/2022,$6.39,$6.61,$6.03,$6.56,$174.3 m,27674823,$4.7 bn
09/27/2022,$5.92,$6.69,$5.92,$6.39,$230.1 m,35892501,$4.8 bn
09/26/2022,$5.67,$5.97,$5.57,$5.92,$122.1 m,21235002,$4.3 bn
09/25/2022,$5.80,$5.95,$5.64,$5.67,$64.6 m,11066066,$4.3 bn
09/24/2022,$5.91,$6.04,$5.78,$5.81,$76.9 m,12995663,$4.4 bn
09/23/2022,$5.73,$5.97,$5.72,$5.91,$115.6 m,19800882,$4.4 bn
09/22/2022,$5.35,$5.85,$5.34,$5.74,$107.7 m,18972368,$4.2 bn
09/21/2022,$5.29,$5.72,$5.17,$5.37,$119.6 m,22131542,$4 bn
09/20/2022,$5.48,$5.55,$5.29,$5.30,$80.1 m,14759292,$4 bn
09/19/2022,$5.48,$5.52,$5.23,$5.49,$103.2 m,19164089,$4 bn
09/18/2022,$6.02,$6.04,$5.47,$5.47,$80.1 m,13661349,$4.4 bn
09/17/2022,$5.82,$6.03,$5.82,$6.03,$69.6 m,11743166,$4.4 bn
09/16/2022,$5.89,$5.93,$5.69,$5.82,$74 m,12690055,$4.3 bn
09/15/2022,$6.18,$6.21,$5.81,$5.88,$106.6 m,17727260,$4.5 bn
09/14/2022,$6.03,$6.23,$6.00,$6.18,$100.9 m,16464731,$4.6 bn
09/13/2022,$6.65,$6.73,$6.02,$6.04,$122.7 m,19128155,$4.8 bn
09/12/2022,$6.49,$6.93,$6.39,$6.65,$145.2 m,21745663,$5 bn
09/11/2022,$6.68,$6.71,$6.39,$6.49,$94.1 m,14351091,$4.9 bn
09/10/2022,$6.50,$6.71,$6.48,$6.68,$109.2 m,16640929,$4.9 bn
09/09/2022,$6.18,$6.69,$6.18,$6.51,$129 m,19944674,$4.8 bn
09/08/2022,$6.13,$6.24,$6.01,$6.18,$84.8 m,13837930,$4.6 bn
09/07/2022,$5.83,$6.23,$5.77,$6.14,$97.6 m,16400284,$4.4 bn
09/06/2022,$6.58,$6.75,$5.83,$5.83,$136.1 m,21422646,$4.7 bn
09/05/2022,$6.48,$6.65,$6.22,$6.61,$94 m,14729760,$4.8 bn
09/04/2022,$6.28,$6.51,$6.25,$6.47,$69.4 m,10866236,$4.8 bn
09/03/2022,$6.40,$6.40,$6.23,$6.28,$73 m,11561140,$4.7 bn
09/02/2022,$6.31,$6.67,$6.22,$6.39,$127.2 m,19947329,$4.8 bn
09/01/2022,$6.14,$6.34,$5.98,$6.32,$109 m,17732199,$4.6 bn
08/31/2022,$6.17,$6.40,$6.11,$6.13,$143.8 m,22931478,$4.7 bn
08/30/2022,$6.33,$6.44,$5.95,$6.16,$123.9 m,19837797,$4.7 bn
08/29/2022,$5.74,$6.37,$5.71,$6.35,$116 m,19203827,$4.5 bn
08/28/2022,$6.05,$6.09,$5.72,$5.72,$105.7 m,17644247,$4.5 bn
08/27/2022,$6.15,$6.19,$5.97,$6.07,$114.6 m,18837246,$4.5 bn
08/26/2022,$7.02,$7.02,$6.10,$6.13,$171.6 m,25443958,$5 bn
08/25/2022,$7.05,$7.23,$6.94,$7.03,$123.5 m,17421698,$5.3 bn
08/24/2022,$7.12,$7.27,$6.88,$7.04,$123.7 m,17501471,$5.3 bn
08/23/2022,$6.98,$7.19,$6.79,$7.12,$140.8 m,19961659,$5.3 bn
08/22/2022,$7.21,$7.31,$6.67,$6.97,$162 m,23424333,$5.2 bn
08/21/2022,$7.01,$7.31,$6.98,$7.21,$117.2 m,16408793,$5.3 bn
08/20/2022,$6.93,$7.18,$6.76,$7.01,$128.9 m,18296954,$5.3 bn
08/19/2022,$7.57,$7.64,$6.86,$6.91,$201.7 m,28306460,$5.3 bn
08/18/2022,$7.95,$8.19,$7.58,$7.58,$141.4 m,17711605,$6 bn
08/17/2022,$8.33,$8.65,$7.89,$7.94,$151.2 m,18353590,$6.1 bn
08/16/2022,$8.46,$8.54,$8.22,$8.35,$167.1 m,19970099,$6.2 bn
08/15/2022,$8.87,$9.13,$8.34,$8.48,$182.6 m,21016545,$6.5 bn
08/14/2022,$8.98,$9.56,$8.77,$8.88,$181 m,19761221,$6.8 bn
08/13/2022,$9.22,$9.27,$8.93,$8.98,$136.5 m,15020556,$6.8 bn
08/12/2022,$8.96,$9.21,$8.79,$9.20,$141.9 m,15698625,$6.7 bn
08/11/2022,$9.18,$9.53,$8.88,$8.96,$187.4 m,20392996,$6.9 bn
08/10/2022,$8.43,$9.38,$8.25,$9.15,$199.2 m,22763083,$6.5 bn
08/09/2022,$8.79,$8.86,$8.15,$8.44,$153.7 m,18003943,$6.4 bn
08/08/2022,$8.78,$9.21,$8.76,$8.78,$145.6 m,16267943,$6.7 bn
08/07/2022,$8.74,$8.97,$8.68,$8.78,$97.7 m,11038633,$6.6 bn
08/06/2022,$8.92,$9.13,$8.75,$8.75,$112.4 m,12567499,$6.7 bn
08/05/2022,$8.78,$9.25,$8.77,$8.92,$179.1 m,19905943,$5.6 bn
08/04/2022,$8.88,$9.05,$8.61,$8.79,$209 m,23747753,$5.5 bn
08/03/2022,$8.28,$9.34,$8.05,$9.00,$266.3 m,30447909,$5.5 bn
08/02/2022,$8.36,$8.65,$7.86,$8.30,$257.1 m,31429172,$5.1 bn
08/01/2022,$8.34,$8.58,$8.08,$8.38,$169.1 m,20344378,$5.2 bn
07/31/2022,$8.80,$9.10,$8.36,$8.36,$213 m,24064561,$5.6 bn
07/30/2022,$9.06,$9.13,$8.56,$8.75,$218.4 m,24709015,$5.5 bn
07/29/2022,$9.29,$9.37,$8.65,$9.01,$307.8 m,34148226,$5.7 bn
07/28/2022,$8.05,$9.72,$8.00,$9.28,$472 m,54518730,$5.4 bn
07/27/2022,$6.64,$8.14,$6.51,$8.05,$281.7 m,40343898,$4.4 bn
07/26/2022,$7.06,$7.06,$6.24,$6.62,$200 m,30382984,$4.1 bn
07/25/2022,$7.25,$7.49,$6.84,$7.09,$266.2 m,37453440,$4.5 bn
07/24/2022,$6.99,$7.28,$6.91,$7.22,$137.2 m,19550660,$4.4 bn
07/23/2022,$6.90,$7.16,$6.70,$6.98,$132.1 m,19159876,$4.3 bn
07/22/2022,$7.22,$7.44,$6.84,$6.91,$153.5 m,21429892,$4.5 bn
07/21/2022,$6.86,$7.28,$6.69,$7.21,$160.5 m,23015205,$4.4 bn
07/20/2022,$7.34,$7.59,$6.82,$6.87,$195.2 m,26725574,$4.6 bn
07/19/2022,$7.29,$7.71,$7.24,$7.34,$232.9 m,31201593,$4.7 bn
07/18/2022,$6.95,$7.40,$6.95,$7.34,$189.3 m,26308849,$4.5 bn
07/17/2022,$7.37,$7.43,$6.94,$6.95,$116.4 m,16345137,$4.5 bn
07/16/2022,$6.81,$7.52,$6.70,$7.36,$205.6 m,29230757,$4.4 bn
07/15/2022,$7.02,$7.15,$6.75,$6.79,$191.4 m,27478313,$4.4 bn
07/14/2022,$6.12,$7.05,$6.05,$6.99,$383 m,59697580,$4 bn
07/13/2022,$5.53,$6.18,$5.31,$6.13,$207 m,36698779,$3.5 bn
07/12/2022,$5.55,$5.86,$5.47,$5.55,$187.3 m,33209847,$3.5 bn
07/11/2022,$6.24,$6.26,$5.33,$5.57,$185.1 m,30800055,$3.8 bn
07/10/2022,$6.47,$6.47,$6.01,$6.25,$131.3 m,21069070,$3.9 bn
07/09/2022,$5.82,$6.59,$5.82,$6.47,$149.9 m,23917953,$3.9 bn
07/08/2022,$5.73,$5.91,$5.54,$5.81,$115.3 m,20094084,$3.6 bn
07/07/2022,$5.35,$5.81,$5.30,$5.74,$95 m,17152915,$3.5 bn
07/06/2022,$5.34,$5.47,$5.21,$5.35,$103.9 m,19436023,$3.4 bn
07/05/2022,$5.33,$5.42,$5.04,$5.31,$108.5 m,20626150,$3.3 bn
07/04/2022,$4.92,$5.30,$4.83,$5.30,$84.8 m,17045789,$3.1 bn
07/03/2022,$4.91,$4.94,$4.75,$4.92,$64.9 m,13373568,$3 bn
07/02/2022,$4.84,$5.06,$4.73,$4.91,$88.6 m,18128244,$3.1 bn
07/01/2022,$4.96,$5.10,$4.76,$4.84,$99 m,20275932,$3.1 bn
06/30/2022,$5.10,$5.12,$4.64,$4.97,$134.9 m,27819909,$3 bn
06/29/2022,$4.92,$5.25,$4.80,$5.09,$125.3 m,25021313,$3.1 bn
06/28/2022,$5.33,$5.46,$4.87,$4.92,$98.4 m,18830050,$3.3 bn
06/27/2022,$5.60,$5.91,$5.30,$5.34,$105.5 m,18875796,$3.5 bn
06/26/2022,$5.60,$5.97,$5.50,$5.61,$117 m,20660135,$3.6 bn
06/25/2022,$5.48,$5.70,$5.29,$5.62,$100 m,18286042,$3.4 bn
06/24/2022,$5.63,$5.78,$5.36,$5.49,$144.9 m,26130137,$3.5 bn
06/23/2022,$4.99,$5.64,$4.99,$5.63,$175.3 m,32842078,$3.4 bn
06/22/2022,$4.75,$5.31,$4.58,$4.98,$233.3 m,47508990,$3.1 bn
06/21/2022,$4.30,$5.13,$4.24,$4.75,$175.2 m,37896093,$2.9 bn
06/20/2022,$4.19,$4.36,$4.00,$4.31,$128.9 m,30919469,$2.6 bn
06/19/2022,$3.64,$4.24,$3.51,$4.18,$123.2 m,32049519,$2.4 bn
06/18/2022,$3.94,$4.07,$3.38,$3.64,$122.8 m,32858162,$2.3 bn
06/17/2022,$3.82,$3.98,$3.82,$3.94,$81.7 m,20860304,$2.5 bn
06/16/2022,$4.42,$4.44,$3.78,$3.83,$148.5 m,36513424,$2.6 bn
06/15/2022,$3.86,$4.41,$3.41,$4.40,$201 m,52783779,$2.4 bn
06/14/2022,$3.65,$3.90,$3.38,$3.88,$152.8 m,41433643,$2.3 bn
06/13/2022,$4.08,$4.10,$3.51,$3.64,$205 m,55244834,$2.3 bn
06/12/2022,$4.38,$4.44,$4.11,$4.11,$123.9 m,29080841,$2.7 bn
06/11/2022,$4.81,$4.95,$4.35,$4.37,$110.2 m,23715038,$2.9 bn
06/10/2022,$5.20,$5.21,$4.80,$4.81,$99.7 m,19902634,$3.1 bn
06/09/2022,$5.08,$5.34,$5.04,$5.20,$77 m,14861536,$3.3 bn
06/08/2022,$5.23,$5.31,$5.05,$5.08,$100 m,19411344,$3.2 bn
06/07/2022,$5.35,$5.39,$4.96,$5.24,$145.3 m,28251788,$3.2 bn
06/06/2022,$5.10,$5.41,$5.10,$5.37,$114 m,21516823,$3.3 bn
06/05/2022,$5.13,$5.21,$4.94,$5.09,$77.3 m,15267271,$3.2 bn
06/04/2022,$5.08,$5.17,$4.95,$5.12,$78 m,15389954,$3.2 bn
06/03/2022,$5.30,$5.33,$4.99,$5.08,$91.3 m,17749935,$3.2 bn
06/02/2022,$5.14,$5.33,$5.07,$5.31,$112.9 m,21713449,$3.3 bn
06/01/2022,$5.70,$5.78,$5.14,$5.16,$130 m,23536798,$3.5 bn
05/31/2022,$5.65,$5.85,$5.57,$5.70,$147.7 m,26005712,$3.6 bn
05/30/2022,$4.94,$5.65,$4.90,$5.65,$153 m,28532151,$3.4 bn
05/29/2022,$4.98,$5.01,$4.79,$4.94,$85.8 m,17579623,$3.1 bn
05/28/2022,$4.69,$5.01,$4.62,$4.99,$103 m,21338581,$3 bn
05/27/2022,$4.97,$5.03,$4.61,$4.67,$172.9 m,35971673,$3 bn
05/26/2022,$5.63,$5.76,$4.83,$4.97,$157.6 m,30096146,$3.3 bn
05/25/2022,$5.60,$5.75,$5.40,$5.61,$128.6 m,23068499,$3.5 bn
05/24/2022,$5.64,$5.77,$5.32,$5.60,$165.6 m,29622264,$3.5 bn
05/23/2022,$5.48,$5.93,$5.39,$5.62,$206.8 m,36356404,$3.6 bn
05/22/2022,$5.24,$5.53,$5.14,$5.51,$103.1 m,19378023,$3.3 bn
05/21/2022,$5.10,$5.36,$5.01,$5.24,$97 m,18657040,$3.3 bn
05/20/2022,$5.18,$5.49,$4.94,$5.10,$138.3 m,26449699,$3.3 bn
05/19/2022,$4.91,$5.20,$4.76,$5.19,$131 m,26368987,$3.1 bn
05/18/2022,$5.47,$5.53,$4.89,$4.89,$115.8 m,22406508,$3.2 bn
05/17/2022,$5.05,$5.49,$5.05,$5.47,$134.3 m,25546783,$3.3 bn
05/16/2022,$5.43,$5.43,$4.92,$5.04,$114.8 m,22542448,$3.2 bn
05/15/2022,$5.17,$5.46,$4.99,$5.46,$119.5 m,22939671,$3.3 bn
05/14/2022,$5.12,$5.34,$4.76,$5.18,$131.2 m,26009647,$3.2 bn
05/13/2022,$4.69,$5.43,$4.62,$5.13,$161.6 m,31309536,$3.2 bn
05/12/2022,$4.92,$5.15,$3.79,$4.69,$320.2 m,69686485,$2.9 bn
05/11/2022,$6.08,$6.20,$4.69,$4.88,$423.5 m,76070766,$3.5 bn
05/10/2022,$6.00,$6.61,$5.82,$6.07,$289.8 m,46082351,$3.9 bn
05/09/2022,$7.11,$7.21,$6.02,$6.02,$278.3 m,41369861,$4.2 bn
05/08/2022,$7.20,$7.32,$6.90,$7.10,$182 m,25571920,$4.5 bn
05/07/2022,$7.60,$7.62,$7.04,$7.18,$208.5 m,28082030,$4.7 bn
05/06/2022,$7.31,$7.64,$6.94,$7.59,$221.6 m,30282531,$4.6 bn
05/05/2022,$7.94,$8.06,$7.01,$7.34,$211.3 m,27706178,$4.8 bn
05/04/2022,$6.85,$7.96,$6.84,$7.96,$194.3 m,26812440,$4.6 bn
05/03/2022,$6.93,$7.10,$6.71,$6.85,$110.3 m,15853529,$4.4 bn
05/02/2022,$7.11,$7.18,$6.66,$6.93,$121.2 m,17511718,$4.3 bn
05/01/2022,$7.46,$7.46,$6.64,$7.12,$151.2 m,21761140,$4.4 bn
04/30/2022,$7.62,$7.79,$7.34,$7.46,$105.8 m,13900800,$4.8 bn
04/29/2022,$8.17,$8.22,$7.54,$7.62,$124.4 m,15662430,$5 bn
04/28/2022,$8.21,$8.33,$8.05,$8.17,$105.5 m,12842533,$5.2 bn
04/27/2022,$7.99,$8.39,$7.99,$8.21,$102.9 m,12509427,$5.2 bn
04/26/2022,$8.73,$8.80,$7.94,$7.99,$118.3 m,13897946,$5.3 bn
04/25/2022,$8.72,$8.74,$8.20,$8.73,$156.4 m,18399197,$5.3 bn
04/24/2022,$8.93,$9.13,$8.70,$8.70,$97.5 m,10918075,$5.6 bn
04/23/2022,$8.91,$9.20,$8.86,$8.93,$102.7 m,11366618,$5.7 bn
04/22/2022,$8.83,$9.09,$8.76,$8.91,$137.2 m,15306231,$5.6 bn
04/21/2022,$9.31,$9.67,$8.76,$8.86,$153.4 m,16403238,$5.9 bn
04/20/2022,$9.53,$9.68,$9.12,$9.31,$125.7 m,13386767,$5.9 bn
04/19/2022,$9.39,$9.56,$9.23,$9.54,$99.7 m,10639233,$5.9 bn
04/18/2022,$9.24,$9.40,$8.91,$9.39,$114.3 m,12515036,$5.7 bn
04/17/2022,$9.67,$9.70,$9.21,$9.25,$81.9 m,8544778,$6 bn
04/16/2022,$9.77,$9.81,$9.43,$9.66,$86.9 m,8981732,$6.1 bn
04/15/2022,$9.47,$9.93,$9.47,$9.76,$127.9 m,13215240,$6.1 bn
04/14/2022,$9.64,$9.74,$9.34,$9.47,$121.7 m,12713419,$6 bn
04/13/2022,$9.30,$9.71,$9.29,$9.65,$140.1 m,14736783,$6 bn
04/12/2022,$9.00,$9.48,$8.97,$9.30,$124.1 m,13421288,$5.8 bn
04/11/2022,$9.88,$9.88,$8.94,$8.97,$156.1 m,16538839,$5.9 bn
04/10/2022,$10.05,$10.30,$9.89,$9.90,$104.9 m,10409862,$6.3 bn
04/09/2022,$9.75,$10.06,$9.74,$10.06,$116.6 m,11762177,$6.2 bn
04/08/2022,$10.43,$10.53,$9.64,$9.72,$156 m,15307928,$6.4 bn
04/07/2022,$9.97,$10.52,$9.88,$10.47,$154.8 m,15301606,$6.4 bn
04/06/2022,$11.10,$11.10,$9.94,$9.94,$227.2 m,21454238,$6.6 bn
04/05/2022,$11.54,$11.88,$11.10,$11.12,$167.4 m,14515502,$7.2 bn
04/04/2022,$11.85,$12.10,$11.09,$11.51,$254.6 m,21819354,$7.3 bn
04/03/2022,$11.66,$12.02,$11.49,$11.86,$224.8 m,19024557,$7.4 bn
04/02/2022,$11.56,$11.97,$11.52,$11.64,$288.2 m,24495796,$7.4 bn
04/01/2022,$11.27,$12.06,$10.93,$11.57,$278.3 m,24301747,$7.2 bn
03/31/2022,$11.70,$12.43,$11.10,$11.26,$351.9 m,29842833,$7.4 bn
03/30/2022,$11.22,$11.81,$10.91,$11.71,$292.2 m,25499935,$7.2 bn
03/29/2022,$10.92,$11.67,$10.92,$11.25,$248.4 m,22065505,$7.1 bn
03/28/2022,$11.39,$11.55,$10.91,$10.91,$239.7 m,21070917,$7.1 bn
03/27/2022,$10.62,$11.39,$10.49,$11.38,$194.7 m,18015551,$6.8 bn
03/26/2022,$10.58,$10.73,$10.39,$10.61,$123.3 m,11667252,$6.6 bn
03/25/2022,$10.77,$11.11,$10.48,$10.60,$226.5 m,20969677,$6.8 bn
03/24/2022,$10.00,$10.77,$9.99,$10.77,$232.5 m,22525821,$6.5 bn
03/23/2022,$9.75,$10.21,$9.67,$9.99,$163.1 m,16561524,$6.2 bn
03/22/2022,$9.34,$10.11,$9.28,$9.76,$202.8 m,20573820,$6.2 bn
03/21/2022,$9.31,$9.58,$9.20,$9.34,$161.6 m,17210292,$5.9 bn
03/20/2022,$9.77,$9.77,$9.17,$9.31,$149.3 m,15597609,$6 bn
03/19/2022,$9.64,$9.93,$9.59,$9.77,$222.9 m,22899923,$6.1 bn
03/18/2022,$9.22,$9.72,$9.03,$9.63,$162.8 m,17465613,$5.9 bn
03/17/2022,$9.10,$9.38,$9.03,$9.22,$140.3 m,15289040,$5.8 bn
03/16/2022,$8.72,$9.17,$8.58,$9.09,$183.3 m,20778261,$5.5 bn
03/15/2022,$8.42,$8.76,$8.16,$8.70,$118.8 m,14114400,$5.3 bn
03/14/2022,$8.13,$8.54,$8.07,$8.41,$122.3 m,14654183,$5.2 bn
03/13/2022,$8.39,$8.72,$8.09,$8.14,$96.9 m,11396890,$5.3 bn
03/12/2022,$8.45,$8.85,$8.40,$8.40,$106.8 m,12410595,$5.4 bn
03/11/2022,$8.60,$8.99,$8.31,$8.46,$146.3 m,16961968,$5.4 bn
03/10/2022,$9.20,$9.27,$8.53,$8.60,$152.2 m,17441350,$5.5 bn
03/09/2022,$8.81,$9.42,$8.78,$9.19,$189.7 m,20630266,$5.8 bn
03/08/2022,$8.31,$8.84,$8.31,$8.82,$161.5 m,18781989,$5.4 bn
03/07/2022,$8.48,$8.77,$8.15,$8.32,$156.8 m,18714961,$5.3 bn
03/06/2022,$9.01,$9.05,$8.47,$8.48,$126.2 m,14337340,$5.5 bn
03/05/2022,$8.79,$9.11,$8.72,$9.01,$116.1 m,12978976,$5.6 bn
03/04/2022,$9.15,$9.36,$8.69,$8.78,$155.5 m,17061017,$5.7 bn
03/03/2022,$10.02,$10.09,$9.44,$9.55,$179.5 m,18318053,$6.2 bn
03/02/2022,$10.30,$10.50,$9.95,$10.02,$224.6 m,22023376,$6.4 bn
03/01/2022,$10.53,$10.76,$10.08,$10.31,$278.9 m,26931019,$6.5 bn
02/28/2022,$9.75,$10.51,$9.48,$10.51,$327.1 m,33025726,$6.2 bn
02/27/2022,$9.04,$10.10,$8.72,$9.78,$317 m,33867156,$5.9 bn
02/26/2022,$9.25,$9.48,$8.98,$9.04,$152.6 m,16635442,$5.8 bn
02/25/2022,$8.80,$9.40,$8.47,$9.23,$192.5 m,21607025,$5.6 bn
02/24/2022,$8.73,$8.91,$7.56,$8.82,$317.7 m,38278892,$5.2 bn
02/23/2022,$8.86,$9.40,$8.74,$8.78,$145.5 m,16090103,$5.7 bn
02/22/2022,$8.55,$8.95,$8.19,$8.87,$194.6 m,22564977,$5.4 bn
02/21/2022,$9.35,$9.74,$8.54,$8.55,$208.5 m,22244436,$5.9 bn
02/20/2022,$10.02,$10.03,$9.20,$9.36,$220.9 m,23279517,$6 bn
02/19/2022,$10.15,$10.37,$9.80,$10.03,$313.4 m,31095380,$6.3 bn
02/18/2022,$10.38,$10.69,$10.15,$10.15,$252 m,24222302,$6.5 bn
02/17/2022,$11.25,$11.36,$10.28,$10.38,$140.5 m,12972191,$6.8 bn
02/16/2022,$11.45,$11.50,$10.81,$11.24,$151.8 m,13580429,$7 bn
02/15/2022,$10.63,$11.49,$10.63,$11.44,$140.9 m,12789638,$6.9 bn
02/14/2022,$10.37,$10.68,$10.15,$10.63,$105.5 m,10120984,$6.5 bn
02/13/2022,$10.63,$10.81,$10.28,$10.39,$98.8 m,9303599,$6.7 bn
02/12/2022,$10.64,$10.93,$10.44,$10.62,$118.1 m,10997945,$6.7 bn
02/11/2022,$11.40,$11.64,$10.45,$10.63,$153.3 m,13569876,$7.1 bn
02/10/2022,$12.31,$12.33,$11.40,$11.42,$205.6 m,17209747,$7.5 bn
02/09/2022,$11.95,$12.60,$11.65,$12.32,$195.9 m,16068605,$7.7 bn
02/08/2022,$12.40,$12.88,$11.54,$11.96,$283.6 m,23504148,$7.6 bn
02/07/2022,$11.26,$12.55,$11.26,$12.36,$315.3 m,26304649,$7.5 bn
02/06/2022,$11.27,$11.50,$11.09,$11.26,$129.8 m,11465335,$7.1 bn
02/05/2022,$11.15,$11.92,$11.14,$11.26,$212.7 m,18529658,$7.2 bn
02/04/2022,$10.36,$11.14,$10.34,$11.14,$197.5 m,18438029,$6.7 bn
02/03/2022,$10.53,$10.56,$9.99,$10.37,$141.1 m,13597765,$6.5 bn
02/02/2022,$11.14,$11.34,$10.45,$10.51,$151.1 m,13766596,$6.9 bn
02/01/2022,$11.75,$11.84,$11.09,$11.12,$183.3 m,16125599,$7.1 bn
01/31/2022,$10.80,$11.82,$10.35,$11.80,$180 m,16409081,$6.9 bn
01/30/2022,$11.13,$11.42,$10.67,$10.79,$119.2 m,10737983,$7 bn
01/29/2022,$10.63,$11.20,$10.59,$11.13,$135.6 m,12392136,$6.9 bn
01/28/2022,$10.30,$10.71,$9.90,$10.64,$140.5 m,13639103,$6.5 bn
01/27/2022,$10.54,$10.88,$9.94,$10.31,$225 m,21673050,$6.5 bn
01/26/2022,$10.57,$11.70,$10.39,$10.57,$188.1 m,17334112,$6.8 bn
01/25/2022,$10.66,$10.89,$10.37,$10.58,$151.3 m,14261110,$6.7 bn
01/24/2022,$11.39,$11.39,$9.59,$10.67,$346.5 m,33105794,$6.6 bn
01/23/2022,$11.12,$11.88,$10.86,$11.40,$246.1 m,21660306,$7.1 bn
01/22/2022,$12.76,$12.92,$10.59,$11.10,$419 m,36058570,$7.3 bn
01/21/2022,$14.47,$14.65,$12.40,$12.64,$294 m,21097825,$8.8 bn
01/20/2022,$15.14,$16.14,$14.43,$14.43,$157 m,10106548,$9.8 bn
01/19/2022,$16.01,$16.15,$15.20,$15.22,$153.3 m,9820693,$9.8 bn
01/18/2022,$16.66,$17.63,$15.69,$16.00,$277.6 m,16726239,$10.4 bn
01/17/2022,$17.84,$17.93,$16.31,$16.66,$212.1 m,12481112,$10.7 bn
01/16/2022,$16.47,$18.07,$16.32,$17.81,$259.5 m,15140291,$10.8 bn
01/15/2022,$15.87,$16.63,$15.75,$16.49,$159.6 m,9793740,$10.2 bn
01/14/2022,$15.45,$15.94,$15.21,$15.88,$152.5 m,9760272,$9.8 bn
01/13/2022,$16.26,$16.57,$15.44,$15.44,$193 m,12062419,$10 bn
01/12/2022,$15.97,$16.59,$15.97,$16.26,$187.1 m,11490958,$10.2 bn
01/11/2022,$15.12,$16.27,$15.00,$15.96,$234.3 m,14935899,$9.8 bn
01/10/2022,$15.78,$16.41,$14.74,$15.13,$307.9 m,19743003,$9.8 bn
01/09/2022,$14.93,$16.24,$14.85,$15.78,$190.3 m,12169037,$9.8 bn
01/08/2022,$15.78,$16.17,$14.59,$14.95,$205.4 m,13136587,$9.8 bn
01/07/2022,$17.09,$17.11,$15.32,$15.75,$331.6 m,20715144,$10.1 bn
01/06/2022,$17.05,$17.19,$16.15,$17.10,$371.2 m,22153020,$10.5 bn
01/05/2022,$18.20,$19.81,$16.52,$17.19,$482.4 m,25809663,$11.7 bn
01/04/2022,$18.54,$19.11,$17.74,$18.23,$323.4 m,17544593,$11.6 bn
01/03/2022,$18.40,$19.14,$17.89,$18.44,$319.8 m,17288393,$11.6 bn
01/02/2022,$17.45,$18.46,$17.07,$18.38,$182.4 m,10400656,$11 bn
01/01/2022,$17.05,$17.49,$16.98,$17.44,$167 m,9702678,$10.8 bn
12/31/2021,$17.81,$18.58,$16.82,$17.06,$303.1 m,16865846,$11.3 bn
12/30/2021,$17.14,$17.85,$16.78,$17.77,$240.2 m,13898825,$10.9 bn
12/29/2021,$18.45,$19.40,$16.99,$17.11,$439.8 m,23885539,$11.6 bn
12/28/2021,$19.11,$19.86,$17.94,$18.43,$505.1 m,27242248,$11.6 bn
12/27/2021,$18.68,$20.05,$18.59,$19.12,$339.6 m,17614245,$12.1 bn
12/26/2021,$17.40,$18.75,$16.74,$18.66,$260.9 m,14967756,$10.9 bn
12/25/2021,$17.48,$17.81,$17.17,$17.51,$164 m,9373897,$11 bn
12/24/2021,$18.15,$18.24,$17.31,$17.46,$260.3 m,14599599,$11.2 bn
12/23/2021,$16.27,$18.23,$15.96,$18.14,$402.2 m,23500165,$10.7 bn
12/22/2021,$15.07,$16.23,$14.98,$16.22,$213.7 m,13848975,$9.7 bn
12/21/2021,$14.51,$15.09,$14.36,$15.06,$110.5 m,7467423,$9.3 bn
12/20/2021,$14.96,$15.11,$14.02,$14.50,$168.2 m,11624908,$9.1 bn
12/19/2021,$15.56,$15.90,$14.88,$14.96,$147.4 m,9625751,$9.6 bn
12/18/2021,$15.01,$16.09,$14.76,$15.59,$247.8 m,16008746,$9.7 bn
12/17/2021,$14.42,$15.01,$13.74,$15.00,$167.9 m,11672952,$9 bn
12/16/2021,$15.21,$15.33,$14.39,$14.41,$153.9 m,10287490,$9.4 bn
12/15/2021,$14.97,$15.47,$14.24,$15.21,$172.4 m,11555586,$9.4 bn
12/14/2021,$14.34,$15.01,$13.98,$14.98,$149.3 m,10309728,$9.1 bn
12/13/2021,$16.07,$16.12,$13.91,$14.34,$164.5 m,10873337,$9.5 bn
12/12/2021,$15.91,$16.30,$15.32,$16.05,$94.4 m,5972539,$9.9 bn
12/11/2021,$15.19,$16.66,$15.02,$15.89,$188.4 m,11925240,$9.9 bn
12/10/2021,$16.24,$16.48,$15.20,$15.20,$185.6 m,11709739,$10 bn
12/09/2021,$18.69,$18.74,$16.16,$16.27,$182.6 m,10620538,$10.8 bn
12/08/2021,$17.17,$18.63,$17.06,$18.63,$285.4 m,16022283,$11.2 bn
12/07/2021,$17.33,$17.61,$16.97,$17.20,$203 m,11776760,$10.8 bn
12/06/2021,$16.52,$17.42,$15.23,$17.33,$259.5 m,15998511,$10.2 bn
12/05/2021,$17.22,$17.39,$16.04,$16.52,$206.3 m,12327649,$10.5 bn
12/04/2021,$19.95,$20.01,$13.98,$17.17,$574.7 m,33108246,$10.9 bn
12/03/2021,$22.41,$22.98,$19.75,$19.96,$280 m,13039029,$13.5 bn
12/02/2021,$20.96,$22.98,$20.60,$22.39,$423.4 m,19100884,$13.9 bn
12/01/2021,$21.19,$22.22,$20.80,$20.96,$217.3 m,10032879,$13.6 bn
11/30/2021,$20.28,$21.41,$19.69,$21.23,$226 m,11002801,$12.6 bn
11/29/2021,$20.15,$20.45,$19.72,$20.29,$140.8 m,7013374,$12.3 bn
11/28/2021,$19.45,$20.18,$18.68,$20.14,$184.2 m,9588842,$11.7 bn
11/27/2021,$19.26,$20.10,$19.24,$19.38,$112.4 m,5697731,$12.1 bn
11/26/2021,$21.39,$21.41,$18.79,$19.19,$218.5 m,10980102,$12.2 bn
11/25/2021,$20.84,$21.59,$20.62,$21.38,$167.2 m,7900567,$12.9 bn
11/24/2021,$22.20,$22.28,$20.58,$20.81,$174.2 m,8138517,$13.1 bn
11/23/2021,$20.97,$22.30,$20.80,$22.18,$197.1 m,9118323,$13.2 bn
11/22/2021,$21.58,$22.14,$20.68,$21.00,$215.4 m,10124244,$13 bn
11/21/2021,$22.00,$22.05,$21.37,$21.61,$107.4 m,4946565,$13.3 bn
11/20/2021,$21.21,$21.98,$20.96,$21.98,$142.1 m,6640750,$13.1 bn
11/19/2021,$20.11,$21.29,$19.82,$21.20,$161.1 m,7767650,$12.7 bn
11/18/2021,$21.87,$22.16,$19.72,$20.05,$231.1 m,10949791,$12.9 bn
11/17/2021,$21.72,$21.88,$21.14,$21.87,$195.5 m,9052148,$13.2 bn
11/16/2021,$23.98,$23.98,$20.74,$21.72,$399.6 m,18101493,$13.5 bn
11/15/2021,$24.57,$24.89,$23.91,$24.03,$192.8 m,7877555,$15 bn
11/14/2021,$24.66,$24.90,$24.08,$24.55,$118.5 m,4829191,$15 bn
11/13/2021,$24.59,$24.78,$24.22,$24.67,$119.1 m,4866230,$15 bn
11/12/2021,$25.39,$25.66,$23.99,$24.62,$217.1 m,8736878,$15.2 bn
11/11/2021,$25.20,$26.06,$24.97,$25.42,$246.9 m,9667636,$15.6 bn
11/10/2021,$26.36,$28.38,$24.59,$25.28,$540.2 m,20251134,$16.3 bn
11/09/2021,$26.24,$27.69,$26.17,$26.32,$395.4 m,14819453,$16.3 bn
11/08/2021,$25.32,$26.30,$25.24,$26.24,$257.6 m,9997338,$15.8 bn
11/07/2021,$25.13,$25.47,$25.00,$25.30,$119.7 m,4742368,$15.4 bn
11/06/2021,$25.57,$25.77,$24.55,$25.13,$168.7 m,6699498,$15.4 bn
11/05/2021,$25.75,$26.00,$25.32,$25.59,$226.2 m,8837427,$15.7 bn
11/04/2021,$26.87,$27.36,$25.30,$25.78,$304.9 m,11606087,$16.1 bn
11/03/2021,$26.16,$27.00,$25.48,$26.81,$363.1 m,13769969,$16.1 bn
11/02/2021,$25.61,$26.25,$25.13,$26.17,$210.3 m,8200239,$15.7 bn
11/01/2021,$25.01,$26.31,$24.23,$25.63,$271.5 m,10728143,$15.5 bn
10/31/2021,$24.88,$25.24,$24.13,$25.00,$172.3 m,6962224,$15.1 bn
10/30/2021,$25.46,$25.49,$24.53,$24.84,$153.5 m,6148427,$15.3 bn
10/29/2021,$24.88,$25.78,$24.76,$25.41,$222.2 m,8751545,$15.5 bn
10/28/2021,$24.22,$25.30,$24.04,$24.89,$322.9 m,13028117,$15.2 bn
10/27/2021,$26.56,$28.20,$24.22,$24.23,$532.5 m,20884390,$15.6 bn
10/26/2021,$26.73,$28.19,$26.39,$26.56,$433.7 m,15933728,$16.6 bn
10/25/2021,$25.83,$26.69,$25.74,$26.69,$181.5 m,6886016,$16.1 bn
10/24/2021,$26.83,$27.14,$25.44,$25.82,$206.5 m,7855929,$16.1 bn
10/23/2021,$25.63,$26.85,$25.40,$26.78,$204.4 m,7857225,$15.9 bn
10/22/2021,$26.11,$26.79,$25.37,$25.63,$290.5 m,11083139,$16 bn
10/21/2021,$27.10,$27.70,$25.92,$26.12,$314.7 m,11728730,$16.4 bn
10/20/2021,$26.04,$27.07,$25.59,$27.04,$250.8 m,9558055,$16.1 bn
10/19/2021,$25.65,$26.29,$25.36,$26.04,$207.6 m,8048393,$15.8 bn
10/18/2021,$25.91,$26.21,$24.96,$25.63,$361.3 m,14097354,$15.7 bn
10/17/2021,$27.03,$27.09,$25.26,$25.89,$328.7 m,12434527,$16.2 bn
10/16/2021,$25.87,$27.79,$25.78,$27.03,$404.3 m,15149252,$16.3 bn
10/15/2021,$26.38,$26.78,$25.51,$25.86,$404.7 m,15574122,$15.9 bn
10/14/2021,$24.68,$26.35,$24.60,$26.31,$517.3 m,20433067,$15.5 bn
10/13/2021,$23.43,$25.50,$23.37,$24.64,$531.4 m,22139252,$14.7 bn
10/12/2021,$24.14,$24.14,$22.36,$23.38,$247.7 m,10662992,$14.2 bn
10/11/2021,$24.19,$24.97,$23.60,$24.13,$252.9 m,10372074,$14.9 bn
10/10/2021,$25.11,$25.92,$24.17,$24.22,$279.1 m,11112475,$15.4 bn
10/09/2021,$24.73,$25.62,$24.59,$25.13,$224.8 m,8932917,$15.4 bn
10/08/2021,$25.53,$26.01,$24.65,$24.70,$287.2 m,11347022,$15.5 bn
10/07/2021,$25.23,$26.13,$24.59,$25.55,$334.8 m,13152745,$15.6 bn
10/06/2021,$25.62,$25.91,$23.87,$25.33,$373.4 m,14869595,$15.4 bn
10/05/2021,$25.32,$25.75,$24.62,$25.61,$340.4 m,13494359,$15.4 bn
10/04/2021,$25.98,$25.98,$24.53,$25.26,$376.4 m,14885589,$15.5 bn
10/03/2021,$26.16,$26.52,$25.76,$25.98,$322.1 m,12326972,$16 bn
10/02/2021,$25.60,$27.12,$25.40,$26.17,$541.5 m,20675316,$16 bn
10/01/2021,$23.51,$25.67,$23.51,$25.59,$585.5 m,23481105,$15.3 bn
09/30/2021,$23.00,$23.88,$22.67,$23.51,$484 m,20864118,$14.2 bn
09/29/2021,$23.06,$24.22,$22.49,$22.99,$756.9 m,32237353,$14.4 bn
09/28/2021,$22.41,$24.90,$22.29,$23.01,$1.2 bn,50265963,$14.5 bn
09/27/2021,$23.97,$25.89,$22.35,$22.43,$954.9 m,39788280,$14.7 bn
09/26/2021,$19.46,$24.63,$17.81,$24.02,$1.4 bn,66035467,$13.3 bn
09/25/2021,$19.65,$20.07,$19.00,$19.52,$243.1 m,12440011,$12 bn
09/24/2021,$21.50,$21.54,$18.36,$19.60,$406.1 m,20202222,$12.3 bn
09/23/2021,$21.58,$21.78,$20.91,$21.49,$229.6 m,10739864,$13.1 bn
09/22/2021,$19.02,$21.60,$18.87,$21.60,$399.5 m,19580794,$12.5 bn
09/21/2021,$20.88,$21.56,$18.57,$18.94,$439.1 m,21305775,$12.6 bn
09/20/2021,$23.91,$23.91,$20.61,$20.78,$469.2 m,21231710,$13.5 bn
09/19/2021,$24.53,$24.59,$23.59,$23.88,$176.1 m,7304340,$14.7 bn
09/18/2021,$24.29,$25.12,$24.01,$24.52,$206.6 m,8399402,$15 bn
09/17/2021,$26.23,$26.32,$24.07,$24.25,$372.8 m,14855692,$15.3 bn
09/16/2021,$27.43,$27.55,$25.49,$26.26,$484.1 m,18107727,$16.4 bn
09/15/2021,$25.68,$27.38,$24.76,$27.27,$507.1 m,19739234,$13.4 bn
09/14/2021,$22.66,$25.78,$22.56,$25.60,$490.1 m,20536824,$12.5 bn
09/13/2021,$23.73,$23.95,$21.52,$22.69,$406.2 m,18110301,$11.7 bn
09/12/2021,$22.70,$24.15,$22.22,$23.72,$354.4 m,15144878,$12.2 bn
09/11/2021,$22.32,$23.76,$22.32,$22.67,$282.3 m,12243886,$12 bn
09/10/2021,$23.34,$24.23,$21.59,$22.29,$399.7 m,17415524,$12 bn
09/09/2021,$23.15,$24.62,$22.81,$23.29,$461 m,19464261,$12.4 bn
09/08/2021,$24.25,$24.89,$21.45,$23.09,$644.1 m,27540678,$12.2 bn
09/07/2021,$28.83,$29.30,$21.75,$24.23,$1.1 bn,40882679,$13.8 bn
09/06/2021,$29.34,$30.24,$28.73,$28.87,$582.7 m,19671501,$15.5 bn
09/05/2021,$28.58,$29.45,$28.39,$29.35,$363.6 m,12530711,$15.1 bn
09/04/2021,$28.59,$29.42,$28.28,$28.59,$387.6 m,13447917,$15 bn
09/03/2021,$29.97,$31.10,$28.42,$28.60,$799.1 m,27115899,$15.4 bn
09/02/2021,$30.51,$30.63,$29.65,$29.99,$363.7 m,12066649,$15.7 bn
09/01/2021,$29.29,$31.18,$28.76,$31.18,$697.8 m,23257825,$15.7 bn
08/31/2021,$26.79,$29.62,$26.34,$29.45,$665 m,23651266,$14.7 bn
08/30/2021,$26.79,$28.08,$25.66,$26.81,$351.5 m,13230193,$13.9 bn
08/29/2021,$26.81,$27.64,$26.21,$26.81,$253.6 m,9512032,$13.9 bn
08/28/2021,$27.33,$27.53,$26.70,$26.80,$198.1 m,7323762,$14.1 bn
08/27/2021,$25.62,$27.36,$25.15,$27.24,$316.4 m,11960533,$13.8 bn
08/26/2021,$27.09,$27.59,$25.28,$25.67,$316.2 m,12135655,$13.6 bn
08/25/2021,$26.73,$27.38,$25.79,$27.03,$319.9 m,11952005,$14 bn
08/24/2021,$28.79,$29.17,$26.65,$26.69,$360.5 m,12863592,$14.6 bn
08/23/2021,$28.47,$29.58,$28.42,$28.76,$343.5 m,11819848,$15.2 bn
08/22/2021,$28.23,$29.15,$27.28,$28.45,$350.7 m,12386388,$14.8 bn
08/21/2021,$28.83,$29.70,$28.22,$28.26,$366.2 m,12664110,$15.1 bn
08/20/2021,$27.91,$29.08,$27.61,$28.81,$400.6 m,14158769,$14.8 bn
08/19/2021,$26.28,$27.93,$25.40,$27.93,$440.8 m,16666508,$13.8 bn
08/18/2021,$26.51,$27.02,$25.68,$26.63,$536.4 m,20251319,$13.8 bn
08/17/2021,$29.10,$30.76,$26.01,$26.36,$578.7 m,19853090,$15.2 bn
08/16/2021,$30.24,$31.17,$29.09,$29.20,$501.4 m,16586795,$15.8 bn
08/15/2021,$30.16,$30.34,$28.39,$30.21,$389.5 m,13286063,$15.3 bn
08/14/2021,$30.38,$30.55,$28.80,$30.09,$440 m,14745073,$15.6 bn
08/13/2021,$28.17,$30.58,$27.97,$30.56,$521.8 m,17774498,$15.3 bn
08/12/2021,$28.97,$29.81,$26.94,$28.01,$533.5 m,18829745,$14.8 bn
08/11/2021,$28.83,$30.35,$28.83,$29.07,$575.8 m,19376111,$15.5 bn
08/10/2021,$28.32,$30.16,$28.28,$28.78,$634.1 m,21836088,$15.2 bn
08/09/2021,$26.76,$28.71,$25.45,$28.39,$503.3 m,18410131,$14.3 bn
08/08/2021,$28.21,$28.57,$26.05,$26.68,$403.8 m,14707426,$14.3 bn
08/07/2021,$26.14,$28.88,$25.94,$28.26,$566.3 m,20669703,$14.3 bn
08/06/2021,$25.44,$26.82,$24.57,$26.19,$418.1 m,16429569,$13.3 bn
08/05/2021,$23.49,$25.45,$22.27,$25.43,$580.9 m,24401117,$12.4 bn
08/04/2021,$21.35,$23.62,$20.87,$23.55,$436.3 m,19778723,$11.5 bn
08/03/2021,$22.34,$22.66,$20.78,$21.29,$382.6 m,17921738,$11.1 bn
08/02/2021,$22.02,$23.00,$21.51,$22.38,$338.6 m,15220597,$11.6 bn
08/01/2021,$21.70,$23.15,$21.65,$22.08,$397 m,17757042,$11.7 bn
07/31/2021,$20.90,$21.92,$20.75,$21.81,$316.6 m,14895645,$11.1 bn
07/30/2021,$19.60,$20.98,$19.43,$20.98,$405.6 m,20151012,$10.5 bn
07/29/2021,$19.03,$19.67,$18.71,$19.56,$236 m,12315449,$10 bn
07/28/2021,$18.84,$19.41,$18.59,$19.02,$265.7 m,14002192,$9.9 bn
07/27/2021,$18.55,$19.20,$17.76,$18.83,$300.2 m,16269721,$9.6 bn
07/26/2021,$18.22,$20.16,$18.21,$18.62,$440.9 m,22616849,$10.2 bn
07/25/2021,$18.25,$18.39,$17.30,$18.25,$232.1 m,12964595,$9.3 bn
07/24/2021,$18.57,$18.86,$18.07,$18.27,$259.7 m,14058380,$9.6 bn
07/23/2021,$17.59,$18.64,$17.00,$18.62,$295.5 m,16808804,$9.2 bn
07/22/2021,$16.61,$17.58,$16.14,$17.57,$287 m,17062815,$8.8 bn
07/21/2021,$14.58,$16.80,$14.07,$16.67,$344.8 m,21893185,$8.2 bn
07/20/2021,$15.71,$15.86,$14.47,$14.58,$284.6 m,19157318,$7.8 bn
07/19/2021,$16.28,$16.74,$15.45,$15.71,$285.4 m,17821011,$8.4 bn
07/18/2021,$16.11,$17.07,$16.09,$16.38,$237.9 m,14352848,$8.6 bn
07/17/2021,$16.32,$16.66,$15.97,$16.11,$231.8 m,14227979,$8.5 bn
07/16/2021,$17.07,$17.54,$15.98,$16.39,$271.4 m,16187687,$4.8 bn
07/15/2021,$17.89,$18.34,$16.84,$16.95,$319.4 m,18323617,$5 bn
07/14/2021,$18.45,$18.48,$16.87,$17.85,$390.4 m,22038979,$5.1 bn
07/13/2021,$19.51,$19.67,$18.22,$18.40,$259.3 m,13632185,$5.4 bn
07/12/2021,$20.68,$21.31,$19.27,$19.59,$245.8 m,12048477,$5.8 bn
07/11/2021,$20.31,$20.87,$19.99,$20.67,$174.7 m,8563170,$5.8 bn
07/10/2021,$20.98,$21.49,$19.98,$20.25,$208.6 m,10174052,$5.8 bn
07/09/2021,$20.32,$21.47,$19.87,$21.08,$328.7 m,15845962,$5.9 bn
07/08/2021,$22.27,$22.27,$20.01,$20.41,$374.5 m,18002436,$5.9 bn
07/07/2021,$22.35,$23.34,$21.82,$22.17,$369 m,16214928,$6.5 bn
07/06/2021,$20.09,$23.14,$20.09,$22.33,$705.5 m,32022726,$6.3 bn
07/05/2021,$20.67,$20.85,$19.23,$20.14,$408.6 m,20341215,$5.7 bn
07/04/2021,$19.44,$21.46,$18.96,$20.76,$391.8 m,19125748,$5.8 bn
07/03/2021,$18.23,$19.42,$17.85,$19.42,$225.9 m,12137971,$5.3 bn
07/02/2021,$17.77,$18.20,$16.99,$18.20,$224.6 m,12784349,$5 bn
07/01/2021,$19.15,$19.17,$17.61,$17.86,$290.1 m,15914624,$5.2 bn
06/30/2021,$18.59,$19.21,$17.19,$19.17,$350 m,19326622,$5.2 bn
06/29/2021,$17.69,$19.13,$17.69,$18.57,$309.9 m,16686371,$5.3 bn
06/28/2021,$17.10,$18.09,$16.91,$17.68,$258.6 m,14869039,$5 bn
06/27/2021,$16.07,$17.05,$15.67,$17.05,$213.9 m,13186905,$4.6 bn
06/26/2021,$15.82,$16.39,$15.17,$16.00,$240.2 m,15145952,$4.5 bn
06/25/2021,$18.06,$18.26,$15.78,$15.97,$302.6 m,17976660,$4.8 bn
06/24/2021,$17.82,$18.48,$16.66,$18.03,$293.9 m,16744667,$5 bn
06/23/2021,$16.41,$18.43,$15.89,$17.78,$406.9 m,22947105,$5.1 bn
06/22/2021,$15.77,$17.04,$14.02,$16.30,$625.6 m,38959620,$4.6 bn
06/21/2021,$20.77,$20.78,$15.81,$15.81,$479 m,26605512,$5.1 bn
06/20/2021,$19.80,$20.96,$18.69,$20.72,$293.4 m,14790658,$5.7 bn
06/19/2021,$20.33,$20.88,$19.85,$19.89,$218.8 m,10703123,$5.8 bn
06/18/2021,$22.15,$22.21,$19.63,$20.30,$299.1 m,14227618,$6 bn
06/17/2021,$21.82,$22.86,$21.51,$22.15,$226.6 m,10174156,$6.4 bn
06/16/2021,$23.34,$23.49,$21.71,$21.78,$280.3 m,12382631,$6.5 bn
06/15/2021,$24.22,$24.56,$23.21,$23.48,$282.8 m,11829668,$6.8 bn
06/14/2021,$23.30,$24.13,$22.61,$24.12,$376.8 m,16188108,$6.6 bn
06/13/2021,$21.30,$23.53,$20.55,$23.27,$384.2 m,17927711,$6.1 bn
06/12/2021,$21.80,$21.84,$20.20,$21.19,$351 m,16614054,$6 bn
06/11/2021,$23.48,$23.77,$21.41,$21.81,$355.1 m,15656108,$6.5 bn
06/10/2021,$25.22,$25.29,$23.05,$23.43,$436.8 m,18104191,$6.9 bn
06/09/2021,$23.59,$25.27,$22.41,$25.09,$745.4 m,31356528,$6.8 bn
06/08/2021,$24.32,$24.58,$21.01,$23.56,$663.2 m,28652269,$6.6 bn
06/07/2021,$25.94,$27.26,$24.07,$24.14,$509.7 m,19409992,$7.5 bn
06/06/2021,$25.72,$26.29,$25.54,$25.90,$349.8 m,13484969,$7.4 bn
06/05/2021,$26.45,$27.62,$25.24,$25.68,$482.1 m,18260901,$7.5 bn
06/04/2021,$28.53,$28.53,$25.21,$26.55,$637.7 m,24030740,$7.6 bn
06/03/2021,$27.59,$29.28,$26.98,$28.55,$600.2 m,21240392,$8.1 bn
06/02/2021,$27.40,$28.70,$26.42,$27.69,$628.5 m,22716674,$7.9 bn
06/01/2021,$28.29,$28.61,$26.05,$27.33,$826.6 m,30409032,$7.8 bn
05/31/2021,$25.59,$28.30,$23.56,$28.29,$1.2 bn,44581782,$7.4 bn
05/30/2021,$22.99,$26.45,$21.84,$25.68,$856.6 m,34689625,$7 bn
05/29/2021,$26.02,$27.39,$21.92,$23.09,$881.3 m,35385981,$7.1 bn
05/28/2021,$28.29,$29.30,$25.11,$25.98,$1.2 bn,43939194,$7.7 bn
05/27/2021,$29.18,$29.74,$26.28,$28.41,$1.1 bn,39712359,$8.1 bn
05/26/2021,$25.26,$29.22,$24.65,$29.17,$1.2 bn,45883488,$7.6 bn
05/25/2021,$24.69,$26.49,$21.70,$25.04,$1.5 bn,62772150,$6.9 bn
05/24/2021,$17.03,$25.03,$16.68,$24.59,$1.7 bn,82360462,$5.9 bn
05/23/2021,$20.19,$21.22,$13.23,$16.86,$1.4 bn,81017320,$5 bn
05/22/2021,$21.96,$22.30,$18.70,$20.39,$1.1 bn,52618222,$5.9 bn
05/21/2021,$26.57,$27.80,$19.36,$21.72,$1.4 bn,59314938,$7 bn
05/20/2021,$23.62,$28.33,$20.45,$26.26,$1.7 bn,68030037,$7.3 bn
05/19/2021,$34.85,$35.38,$18.19,$23.58,$2.6 bn,92658098,$8 bn
05/18/2021,$33.23,$36.42,$33.20,$35.07,$1.4 bn,39731625,$10 bn
05/17/2021,$36.48,$36.48,$32.11,$33.24,$1.5 bn,43325872,$9.8 bn
05/16/2021,$36.63,$39.37,$34.67,$36.57,$1.4 bn,36788628,$10.7 bn
05/15/2021,$40.11,$41.81,$36.68,$36.68,$1.6 bn,41037060,$11.2 bn
05/14/2021,$37.24,$40.73,$37.24,$39.74,$1.4 bn,34594589,$11.2 bn
05/13/2021,$35.68,$40.17,$35.31,$37.30,$1.9 bn,51380444,$10.8 bn
05/12/2021,$38.48,$43.87,$37.10,$37.10,$2.4 bn,57556929,$11.7 bn
05/11/2021,$36.25,$38.46,$35.60,$38.46,$1.3 bn,34595801,$10.6 bn
05/10/2021,$39.50,$41.08,$34.38,$36.39,$1.5 bn,37184341,$11.2 bn
05/09/2021,$40.58,$40.72,$38.53,$39.44,$1.2 bn,29427987,$11.3 bn
05/08/2021,$39.61,$41.25,$39.31,$40.51,$1.2 bn,31013357,$11.5 bn
05/07/2021,$40.21,$41.15,$38.51,$39.71,$1.5 bn,38492576,$11.4 bn
05/06/2021,$42.56,$42.57,$40.13,$40.26,$1.7 bn,41182486,$11.9 bn
05/05/2021,$43.19,$44.71,$41.66,$42.52,$2.1 bn,48334061,$12.3 bn
05/04/2021,$42.31,$44.38,$40.22,$43.06,$2.3 bn,55711580,$12 bn
05/03/2021,$42.72,$44.90,$41.44,$42.31,$1.7 bn,40134258,$12.4 bn
05/02/2021,$40.20,$43.18,$39.43,$42.35,$1.6 bn,39242942,$11.7 bn
05/01/2021,$40.63,$41.20,$39.35,$40.09,$1.3 bn,31204052,$11.5 bn
04/30/2021,$41.08,$41.26,$39.22,$40.52,$1.5 bn,37136421,$11.5 bn
04/29/2021,$42.77,$43.66,$39.72,$41.10,$1.7 bn,41650837,$11.9 bn
04/28/2021,$39.77,$42.78,$38.10,$42.78,$2.3 bn,55616651,$11.7 bn
04/27/2021,$38.19,$40.39,$37.50,$39.45,$1.7 bn,43790123,$11.2 bn
04/26/2021,$34.26,$38.34,$34.26,$37.90,$1.7 bn,48262593,$10.2 bn
04/25/2021,$30.17,$34.63,$30.11,$33.94,$1.6 bn,49231487,$9.2 bn
04/24/2021,$32.88,$32.88,$30.06,$30.16,$1.1 bn,35582531,$8.9 bn
04/23/2021,$33.92,$34.75,$30.07,$32.94,$2.1 bn,65800583,$9.2 bn
04/22/2021,$33.52,$38.31,$32.92,$34.20,$2.7 bn,74854344,$10.3 bn
04/21/2021,$32.04,$36.23,$30.70,$33.52,$2 bn,61862464,$9.4 bn
04/20/2021,$31.25,$32.13,$28.36,$32.01,$1.5 bn,48820130,$8.7 bn
04/19/2021,$31.53,$32.62,$29.75,$31.44,$1.4 bn,44228205,$9 bn
04/18/2021,$34.92,$35.10,$27.47,$31.80,$2 bn,63331180,$8.9 bn
04/17/2021,$36.27,$37.43,$34.82,$34.87,$1.2 bn,34097588,$10.3 bn
04/16/2021,$37.73,$38.15,$34.46,$36.29,$1.8 bn,48279461,$10.4 bn
04/15/2021,$36.22,$39.29,$35.79,$37.90,$2.1 bn,54828725,$10.8 bn
04/14/2021,$35.54,$36.79,$33.60,$36.12,$1.9 bn,52666799,$10.1 bn
04/13/2021,$36.49,$36.71,$33.92,$35.51,$2.1 bn,58636954,$10 bn
04/12/2021,$29.67,$37.71,$29.35,$36.33,$3.2 bn,97435684,$9.5 bn
04/11/2021,$29.44,$30.38,$29.04,$29.67,$1.1 bn,35667943,$8.5 bn
04/10/2021,$29.37,$30.53,$29.01,$29.49,$1 bn,34658984,$8.5 bn
04/09/2021,$29.99,$30.29,$29.23,$29.38,$924.9 m,30974391,$8.5 bn
04/08/2021,$28.33,$30.00,$28.22,$29.97,$1.1 bn,36792229,$8.4 bn
04/07/2021,$31.04,$31.15,$27.69,$28.41,$1.5 bn,51510233,$8.3 bn
04/06/2021,$30.88,$32.17,$30.20,$31.15,$1.4 bn,44697677,$8.9 bn
04/05/2021,$30.85,$31.34,$29.79,$30.75,$1.2 bn,38242676,$8.7 bn
04/04/2021,$29.25,$31.42,$29.25,$30.95,$1.1 bn,35662668,$8.7 bn
04/03/2021,$30.05,$32.42,$29.32,$29.48,$1.7 bn,53490263,$8.9 bn
04/02/2021,$29.12,$30.18,$28.74,$29.97,$1.1 bn,37586794,$8.4 bn
04/01/2021,$28.19,$30.29,$28.18,$29.09,$1.4 bn,48792967,$8.3 bn
03/31/2021,$28.57,$28.98,$27.06,$28.04,$1.2 bn,42918335,$8 bn
03/30/2021,$29.06,$29.22,$28.35,$28.56,$1 bn,35047010,$8.2 bn
03/29/2021,$27.83,$29.46,$27.59,$29.02,$1.1 bn,38137610,$8.2 bn
03/28/2021,$28.20,$29.10,$27.49,$27.83,$995.5 m,35339616,$8 bn
03/27/2021,$28.93,$29.35,$27.90,$28.25,$1.2 bn,42622062,$8.1 bn
03/26/2021,$26.65,$28.92,$26.65,$28.92,$1.3 bn,48178751,$7.9 bn
03/25/2021,$27.14,$27.84,$25.82,$26.66,$1.6 bn,57776292,$7.7 bn
03/24/2021,$31.06,$31.82,$26.07,$27.52,$1.9 bn,61982627,$8.7 bn
03/23/2021,$32.75,$36.16,$30.54,$31.11,$2.4 bn,73444711,$9.5 bn
03/22/2021,$32.89,$35.61,$31.91,$32.88,$1.8 bn,54979993,$9.5 bn
03/21/2021,$31.93,$33.64,$31.57,$32.89,$1.1 bn,33244073,$9.2 bn
03/20/2021,$33.20,$35.03,$32.04,$32.05,$1.5 bn,44972499,$9.5 bn
03/19/2021,$29.99,$34.12,$29.61,$33.12,$1.4 bn,44394961,$9 bn
03/18/2021,$31.38,$31.51,$29.87,$30.08,$1.1 bn,36572944,$8.7 bn
03/17/2021,$29.85,$31.57,$29.55,$31.43,$1.6 bn,52820735,$8.7 bn
03/16/2021,$29.77,$29.95,$28.10,$29.77,$1.6 bn,55241010,$8.3 bn
03/15/2021,$30.65,$31.42,$29.63,$29.75,$1.8 bn,59882333,$8.7 bn
03/14/2021,$32.56,$33.58,$30.84,$30.84,$1.8 bn,55776826,$9.2 bn
03/13/2021,$30.76,$33.15,$30.32,$32.50,$2 bn,62634494,$9.2 bn
03/12/2021,$31.12,$31.71,$29.49,$31.04,$1.8 bn,57634463,$8.8 bn
03/11/2021,$30.79,$31.65,$29.66,$31.01,$1.3 bn,43136462,$8.8 bn
03/10/2021,$32.96,$33.44,$30.51,$30.98,$1.4 bn,45467414,$9.1 bn
03/09/2021,$33.33,$34.59,$32.42,$32.80,$1.6 bn,48691648,$9.5 bn
03/08/2021,$34.27,$34.90,$32.49,$33.34,$2.2 bn,65031297,$9.5 bn
03/07/2021,$28.52,$34.55,$28.52,$34.37,$2.3 bn,73965639,$8.9 bn
03/06/2021,$28.64,$29.14,$27.34,$28.79,$1.2 bn,41126178,$8.1 bn
03/05/2021,$28.28,$28.80,$26.07,$28.58,$1.9 bn,67852822,$7.8 bn
03/04/2021,$25.36,$29.66,$24.90,$28.30,$2.6 bn,93428061,$7.9 bn
03/03/2021,$25.54,$27.54,$25.37,$25.50,$1.3 bn,49008258,$7.5 bn
03/02/2021,$25.84,$27.28,$24.62,$25.58,$1.9 bn,71904713,$7.4 bn
03/01/2021,$22.17,$25.54,$22.11,$25.54,$1.4 bn,57911775,$6.7 bn
02/28/2021,$23.40,$24.02,$20.63,$22.14,$1.4 bn,65747336,$6.3 bn
02/27/2021,$23.08,$24.71,$22.62,$23.46,$1.3 bn,52690765,$6.8 bn
02/26/2021,$23.27,$25.09,$21.21,$23.03,$2 bn,85274659,$6.6 bn
02/25/2021,$25.21,$26.79,$23.43,$23.43,$1.9 bn,74689383,$7.2 bn
02/24/2021,$24.77,$27.23,$23.23,$25.23,$2.4 bn,94555730,$7.3 bn
02/23/2021,$27.51,$27.51,$18.70,$24.56,$3.9 bn,169367985,$6.6 bn
02/22/2021,$28.78,$28.78,$22.79,$27.70,$3.2 bn,119410650,$7.7 bn
02/21/2021,$28.57,$31.90,$28.06,$28.82,$3.5 bn,116440742,$8.5 bn
02/20/2021,$19.96,$32.45,$19.59,$29.12,$5.4 bn,206303983,$7.5 bn
02/19/2021,$21.27,$21.51,$19.45,$20.04,$1.3 bn,64487175,$5.8 bn
02/18/2021,$21.57,$22.20,$20.75,$21.14,$1.2 bn,55144971,$6.1 bn
02/17/2021,$20.48,$21.71,$19.30,$21.43,$1.2 bn,58976214,$5.8 bn
02/16/2021,$20.07,$21.21,$19.49,$20.44,$1.2 bn,59765916,$5.9 bn
02/15/2021,$20.91,$21.45,$17.73,$20.09,$1.6 bn,80693501,$5.8 bn
02/14/2021,$21.82,$22.51,$20.85,$20.93,$1.1 bn,50955792,$6.2 bn
02/13/2021,$22.75,$23.42,$21.30,$21.80,$1.4 bn,61074327,$6.4 bn
02/12/2021,$21.44,$23.46,$21.25,$22.73,$1.7 bn,77078825,$6.4 bn
02/11/2021,$20.66,$21.87,$20.22,$21.54,$1.3 bn,63336854,$5.9 bn
02/10/2021,$19.59,$22.32,$19.57,$20.74,$2 bn,94343605,$5.9 bn
02/09/2021,$19.28,$19.87,$18.92,$19.51,$1.2 bn,61427406,$5.5 bn
02/08/2021,$18.58,$20.07,$18.19,$19.31,$1.5 bn,78050143,$5.4 bn
02/07/2021,$19.22,$19.59,$17.23,$18.64,$1.5 bn,79829421,$5.3 bn
02/06/2021,$21.16,$21.62,$19.27,$19.28,$1.5 bn,73056128,$5.7 bn
02/05/2021,$20.17,$22.23,$19.80,$21.21,$1.7 bn,82179269,$5.9 bn
02/04/2021,$19.77,$21.46,$19.54,$20.12,$1.8 bn,86721280,$5.9 bn
02/03/2021,$19.02,$20.45,$18.76,$19.77,$1.6 bn,81243888,$5.6 bn
02/02/2021,$20.47,$20.47,$18.15,$19.07,$1.8 bn,93201856,$5.4 bn
02/01/2021,$17.62,$20.63,$16.75,$20.37,$2.3 bn,126492455,$5.3 bn
01/31/2021,$19.53,$20.35,$17.53,$17.66,$2.3 bn,119895116,$5.4 bn
01/30/2021,$15.70,$19.51,$15.13,$19.44,$2.3 bn,139143115,$4.7 bn
01/29/2021,$14.15,$15.65,$14.10,$15.65,$1.9 bn,126860700,$4.2 bn
01/28/2021,$14.78,$15.34,$13.69,$14.21,$1.8 bn,124723491,$4.1 bn
01/27/2021,$13.87,$15.48,$13.18,$14.78,$2.3 bn,162820047,$4 bn
01/26/2021,$11.30,$14.16,$11.30,$13.78,$2.1 bn,163746450,$3.7 bn
01/25/2021,$12.03,$12.81,$10.95,$11.36,$1.4 bn,117417258,$3.4 bn
01/24/2021,$9.28,$12.05,$9.21,$12.01,$1.4 bn,130455790,$3 bn
01/23/2021,$8.67,$9.49,$8.53,$9.29,$673 m,74233429,$2.6 bn
01/22/2021,$7.56,$8.99,$7.17,$8.69,$824.8 m,98980342,$2.4 bn
01/21/2021,$9.00,$9.00,$7.43,$7.62,$795.1 m,97043460,$2.3 bn
01/20/2021,$8.61,$9.02,$7.74,$9.01,$801.1 m,95064995,$2.4 bn
01/19/2021,$9.23,$9.24,$8.54,$8.67,$740.2 m,82364578,$2.6 bn