Date,Open,High,Low,Close,Volume,Volume(AVAX),Market Cap
03/19/2024,$60.63,$61.67,$53.42,$53.68,$2.1 bn,35638283,$21.2 bn
03/18/2024,$58.06,$65.27,$55.53,$60.60,$2.2 bn,35963977,$22.5 bn
03/17/2024,$53.72,$58.23,$50.29,$58.15,$1.2 bn,21081008,$20 bn
03/16/2024,$58.36,$61.31,$52.24,$53.50,$1.6 bn,27491885,$20.8 bn
03/15/2024,$54.14,$58.64,$49.06,$58.64,$2.2 bn,40677123,$19.8 bn
03/14/2024,$54.82,$58.91,$50.90,$54.08,$1.3 bn,24200198,$20.2 bn
03/13/2024,$55.38,$55.38,$52.55,$54.93,$933.7 m,17279933,$19.8 bn
03/12/2024,$48.93,$57.29,$46.59,$55.64,$2.1 bn,40353668,$18.6 bn
03/11/2024,$41.99,$49.33,$40.57,$48.99,$1.3 bn,29482270,$16.5 bn
03/10/2024,$42.95,$43.89,$41.16,$42.03,$360 m,8453404,$15.6 bn
03/09/2024,$42.61,$43.51,$42.41,$42.92,$319.8 m,7448343,$15.7 bn
03/08/2024,$43.43,$43.91,$41.41,$42.69,$508 m,11800704,$15.7 bn
03/07/2024,$41.64,$44.44,$41.64,$43.25,$639.7 m,14811659,$15.8 bn
03/06/2024,$39.44,$42.05,$37.97,$41.51,$575.2 m,14272007,$14.7 bn
03/05/2024,$42.97,$44.83,$37.11,$39.47,$1.1 bn,26401550,$15.3 bn
03/04/2024,$42.61,$43.96,$41.69,$43.09,$622.3 m,14517063,$15.7 bn
03/03/2024,$44.37,$44.82,$41.53,$42.59,$466.1 m,10848139,$15.7 bn
03/02/2024,$42.70,$44.45,$42.12,$44.36,$542.5 m,12656614,$15.7 bn
03/01/2024,$41.05,$43.20,$41.05,$42.86,$506.6 m,11991628,$15.5 bn
02/29/2024,$40.39,$44.47,$39.87,$40.92,$769.5 m,18273586,$15.4 bn
02/28/2024,$39.29,$41.10,$37.73,$40.24,$653.2 m,16508893,$14.5 bn
02/27/2024,$39.38,$39.81,$38.53,$39.28,$303.8 m,7730793,$14.4 bn
02/26/2024,$37.37,$39.32,$36.33,$39.31,$350.5 m,9291044,$13.8 bn
02/25/2024,$36.77,$37.46,$36.53,$37.46,$191.6 m,5197094,$13.5 bn
02/24/2024,$35.96,$36.93,$35.23,$36.75,$193.8 m,5329814,$13.3 bn
02/23/2024,$36.84,$36.96,$35.34,$35.96,$281.7 m,7732429,$13.3 bn
02/22/2024,$37.60,$38.22,$36.65,$36.82,$260.9 m,6990583,$13.7 bn
02/21/2024,$38.50,$38.55,$36.04,$37.67,$316.9 m,8501904,$13.6 bn
02/20/2024,$39.59,$39.64,$37.12,$38.53,$414.2 m,10700503,$14.2 bn
02/19/2024,$40.34,$40.64,$39.25,$39.50,$350.5 m,8783783,$14.6 bn
02/18/2024,$39.76,$40.75,$39.05,$40.29,$234 m,5841433,$14.7 bn
02/17/2024,$40.22,$40.47,$38.54,$39.78,$251.3 m,6323013,$14.5 bn
02/16/2024,$41.57,$41.77,$39.75,$40.28,$331.1 m,8120905,$14.9 bn
02/15/2024,$42.27,$43.43,$41.08,$41.59,$510.8 m,12108163,$15.4 bn
02/14/2024,$39.75,$42.39,$39.20,$42.22,$515.2 m,12609106,$14.9 bn
02/13/2024,$40.98,$41.64,$38.97,$39.77,$437.8 m,10816766,$14.8 bn
02/12/2024,$39.70,$41.10,$38.46,$41.07,$514.8 m,13018432,$14.5 bn
02/11/2024,$40.29,$41.14,$39.46,$39.73,$288.8 m,7183105,$14.7 bn
02/10/2024,$38.16,$41.11,$38.16,$40.29,$461.6 m,11765151,$14.4 bn
02/09/2024,$35.45,$38.55,$35.45,$38.02,$483.8 m,13140804,$13.5 bn
02/08/2024,$35.35,$36.12,$35.15,$35.43,$276.3 m,7784403,$13 bn
02/07/2024,$34.16,$35.48,$33.78,$35.30,$263.6 m,7630090,$12.6 bn
02/06/2024,$34.53,$34.74,$33.85,$34.16,$206.6 m,6032694,$12.5 bn
02/05/2024,$34.86,$35.89,$34.21,$34.57,$246.6 m,7044787,$12.8 bn
02/04/2024,$35.97,$36.51,$34.87,$34.87,$203.5 m,5687488,$13.1 bn
02/03/2024,$36.75,$37.54,$35.49,$35.95,$275.5 m,7631631,$13.2 bn
02/02/2024,$33.88,$36.85,$33.83,$36.75,$483.4 m,13629471,$13 bn
02/01/2024,$33.26,$33.92,$32.39,$33.85,$291.1 m,8738647,$12.2 bn
01/31/2024,$35.27,$35.46,$33.19,$33.20,$344.9 m,9925164,$12.7 bn
01/30/2024,$35.97,$37.07,$35.09,$35.16,$421.5 m,11677234,$13.2 bn
01/29/2024,$34.75,$36.46,$34.44,$36.08,$455.1 m,12857841,$12.9 bn
01/28/2024,$33.29,$36.61,$33.29,$34.82,$656.4 m,18552733,$12.9 bn
01/27/2024,$32.30,$33.29,$31.97,$33.27,$192.9 m,5922085,$11.9 bn
01/26/2024,$30.45,$33.04,$30.18,$32.30,$353.7 m,11190098,$11.6 bn
01/25/2024,$31.11,$31.33,$29.69,$30.51,$260.8 m,8575593,$11.1 bn
01/24/2024,$30.59,$31.87,$29.54,$31.22,$442.9 m,14475521,$11.2 bn
01/23/2024,$29.53,$30.60,$27.38,$30.54,$565.9 m,19449561,$10.6 bn
01/22/2024,$32.58,$32.69,$29.46,$29.48,$404 m,12971899,$11.4 bn
01/21/2024,$32.81,$33.45,$32.50,$32.51,$178.3 m,5398070,$12.1 bn
01/20/2024,$32.72,$32.94,$32.07,$32.82,$193.9 m,5952030,$11.9 bn
01/19/2024,$33.58,$33.73,$31.37,$32.66,$348.8 m,10557428,$12.1 bn
01/18/2024,$36.10,$36.12,$32.99,$33.59,$352 m,10071939,$12.8 bn
01/17/2024,$35.63,$36.46,$35.38,$36.04,$337.9 m,9395845,$13.2 bn
01/16/2024,$35.69,$36.52,$34.89,$35.61,$284.3 m,7932855,$13.1 bn
01/15/2024,$35.36,$36.78,$35.27,$35.68,$276.3 m,7662462,$13.2 bn
01/14/2024,$36.49,$37.85,$35.35,$35.38,$382.6 m,10480562,$13.4 bn
01/13/2024,$36.02,$36.60,$34.88,$36.47,$322.8 m,8985116,$13.1 bn
01/12/2024,$39.40,$39.50,$35.02,$35.88,$559.1 m,14711154,$13.9 bn
01/11/2024,$38.59,$41.66,$37.67,$39.43,$865.9 m,22106622,$14.3 bn
01/10/2024,$34.55,$39.47,$33.66,$38.46,$773.9 m,22085986,$12.8 bn
01/09/2024,$35.99,$37.54,$33.92,$34.69,$675.7 m,18857537,$13.1 bn
01/08/2024,$33.70,$36.36,$31.51,$36.06,$790.9 m,23308965,$12.4 bn
01/07/2024,$34.73,$35.79,$33.29,$33.68,$399.4 m,11450270,$12.8 bn
01/06/2024,$36.43,$36.54,$33.64,$34.70,$392.7 m,11226692,$12.8 bn
01/05/2024,$38.91,$38.95,$35.20,$36.46,$567.1 m,15434055,$13.4 bn
01/04/2024,$36.79,$39.40,$36.19,$38.85,$594.7 m,15809559,$13.8 bn
01/03/2024,$40.61,$41.38,$33.66,$36.78,$1.5 bn,37557227,$14.2 bn
01/02/2024,$41.91,$43.47,$40.41,$40.63,$869.5 m,20771014,$15.3 bn
01/01/2024,$38.59,$41.98,$38.08,$41.84,$688.8 m,17383993,$14.5 bn
12/31/2023,$39.53,$40.50,$38.26,$38.52,$397.9 m,10094596,$14.4 bn
12/30/2023,$40.07,$40.31,$38.25,$39.53,$420.5 m,10640861,$14.5 bn
12/29/2023,$39.89,$42.08,$38.67,$40.16,$896.1 m,22033843,$14.9 bn
12/28/2023,$42.27,$43.32,$39.34,$39.83,$817.2 m,19897989,$15 bn
12/27/2023,$44.64,$44.88,$41.97,$42.39,$751.9 m,17311365,$15.9 bn
12/26/2023,$48.03,$48.03,$42.76,$44.42,$918.8 m,20095542,$16.7 bn
12/25/2023,$47.89,$48.31,$46.13,$48.03,$947.7 m,20014295,$17.3 bn
12/24/2023,$48.01,$49.75,$46.56,$47.71,$1.3 bn,27894468,$17.5 bn
12/23/2023,$45.19,$48.26,$43.65,$48.12,$960.1 m,21270306,$16.5 bn
12/22/2023,$46.29,$48.74,$43.88,$45.38,$1.3 bn,28737811,$16.7 bn
12/21/2023,$43.33,$46.95,$43.19,$45.94,$1.4 bn,31335936,$16.5 bn
12/20/2023,$39.79,$44.42,$39.30,$43.45,$1.2 bn,28869410,$15.4 bn
12/19/2023,$40.99,$42.00,$38.83,$39.80,$861.3 m,21252364,$14.8 bn
12/18/2023,$40.83,$41.37,$36.78,$41.09,$1.2 bn,31380158,$14.5 bn
12/17/2023,$42.48,$43.95,$40.50,$40.67,$938.1 m,22233569,$15.4 bn
12/16/2023,$40.04,$45.17,$38.92,$42.18,$1.6 bn,37699401,$15.5 bn
12/15/2023,$39.20,$42.09,$38.62,$39.76,$1.5 bn,38343352,$14.7 bn
12/14/2023,$38.96,$40.24,$37.52,$39.29,$1.2 bn,31039697,$14.2 bn
12/13/2023,$37.25,$41.21,$34.28,$39.03,$2 bn,52658884,$13.7 bn
12/12/2023,$38.23,$42.80,$36.18,$37.43,$2 bn,51491643,$13.7 bn
12/11/2023,$37.07,$39.52,$33.47,$38.33,$2.9 bn,78937599,$12.6 bn
12/10/2023,$32.23,$37.79,$31.83,$37.24,$1.5 bn,44881102,$11.7 bn
12/09/2023,$30.84,$34.22,$30.84,$31.96,$1.5 bn,47027695,$11.2 bn
12/08/2023,$26.34,$30.81,$26.09,$30.67,$1.1 bn,39549296,$9.6 bn
12/07/2023,$26.22,$27.73,$25.80,$26.28,$864.8 m,32616147,$9.2 bn
12/06/2023,$24.45,$27.54,$24.30,$26.20,$1.2 bn,45597909,$9 bn
12/05/2023,$22.55,$24.61,$21.84,$24.27,$694 m,30542286,$7.9 bn
12/04/2023,$21.99,$23.11,$21.30,$22.66,$583.3 m,26408765,$7.6 bn
12/03/2023,$22.23,$22.68,$21.63,$21.95,$306.3 m,13908080,$7.6 bn
12/02/2023,$21.86,$22.37,$21.77,$22.25,$274.8 m,12462871,$7.6 bn
12/01/2023,$21.38,$22.57,$21.13,$21.85,$480.9 m,21763671,$7.6 bn
11/30/2023,$21.12,$21.48,$20.83,$21.38,$328.8 m,15562296,$7.3 bn
11/29/2023,$20.71,$21.53,$20.55,$21.09,$427.9 m,20354954,$7.3 bn
11/28/2023,$20.33,$20.84,$19.57,$20.64,$367.2 m,18130393,$7 bn
11/27/2023,$21.09,$21.29,$19.88,$20.36,$336.7 m,16425862,$7.1 bn
11/26/2023,$21.36,$21.46,$20.34,$21.10,$325.9 m,15492897,$7.3 bn
11/25/2023,$20.84,$21.44,$20.66,$21.31,$260.7 m,12365496,$7.3 bn
11/24/2023,$20.67,$21.83,$20.48,$20.86,$432.6 m,20620847,$7.3 bn
11/23/2023,$20.82,$21.45,$20.50,$20.66,$364.9 m,17500387,$7.2 bn
11/22/2023,$19.17,$21.20,$19.17,$20.78,$638.3 m,31560805,$7 bn
11/21/2023,$20.80,$22.20,$19.06,$19.06,$1.1 bn,50616613,$7.2 bn
11/20/2023,$22.99,$23.18,$20.79,$20.86,$671 m,30539217,$7.6 bn
11/19/2023,$21.90,$22.95,$20.79,$22.86,$671.8 m,31095932,$7.5 bn
11/18/2023,$21.83,$22.65,$20.27,$21.97,$766.7 m,35654843,$7.4 bn
11/17/2023,$21.99,$24.50,$20.13,$21.91,$1.9 bn,83964921,$7.7 bn
11/16/2023,$20.65,$23.96,$20.30,$21.77,$2.1 bn,91540285,$7.7 bn
11/15/2023,$17.06,$20.90,$17.06,$20.73,$1.5 bn,80713000,$6.6 bn
11/14/2023,$16.12,$18.04,$15.71,$17.08,$881.5 m,51884763,$5.9 bn
11/13/2023,$18.90,$19.65,$16.19,$16.19,$777.6 m,43876935,$6.1 bn
11/12/2023,$16.81,$19.56,$16.09,$18.87,$1.3 bn,74690723,$6.2 bn
11/11/2023,$14.75,$16.93,$14.04,$16.80,$976.8 m,65104442,$5.2 bn
11/10/2023,$12.94,$14.82,$12.93,$14.74,$625.7 m,45828750,$4.7 bn
11/09/2023,$12.99,$13.93,$12.32,$12.97,$472.4 m,35784937,$4.6 bn
11/08/2023,$12.81,$13.12,$12.70,$13.01,$195.9 m,15228314,$4.4 bn
11/07/2023,$13.08,$13.08,$12.35,$12.82,$229.1 m,17897945,$4.4 bn
11/06/2023,$12.35,$13.14,$12.26,$13.08,$225.5 m,17638551,$4.4 bn
11/05/2023,$12.23,$12.65,$12.13,$12.35,$188.3 m,15235770,$4.3 bn
11/04/2023,$12.09,$12.31,$11.96,$12.20,$122.7 m,10147077,$4.2 bn
11/03/2023,$11.87,$12.17,$11.50,$12.11,$186.7 m,15753267,$4.1 bn
11/02/2023,$12.26,$12.50,$11.53,$11.89,$310.2 m,25918618,$4.1 bn
11/01/2023,$11.30,$12.29,$10.93,$12.21,$341.6 m,30072935,$3.9 bn
10/31/2023,$11.45,$11.74,$11.14,$11.32,$249.3 m,21819370,$4 bn
10/30/2023,$11.40,$11.67,$11.08,$11.45,$162.9 m,14259511,$3.9 bn
10/29/2023,$10.97,$11.42,$10.80,$11.36,$135.9 m,12273927,$3.8 bn
10/28/2023,$10.59,$11.05,$10.56,$10.97,$161.4 m,14875169,$3.8 bn
10/27/2023,$11.05,$11.05,$10.42,$10.59,$181.4 m,16972368,$3.7 bn
10/26/2023,$10.51,$11.43,$10.39,$11.04,$388.5 m,35612256,$3.8 bn
10/25/2023,$10.32,$10.61,$10.21,$10.51,$198.5 m,19045376,$3.6 bn
10/24/2023,$10.58,$10.79,$10.13,$10.32,$285.3 m,27264477,$3.6 bn
10/23/2023,$10.09,$10.64,$9.89,$10.57,$301.2 m,29766620,$3.5 bn
10/22/2023,$9.63,$10.06,$9.55,$10.06,$196.9 m,20067060,$3.4 bn
10/21/2023,$9.24,$9.79,$9.18,$9.63,$163.7 m,17263194,$3.3 bn
10/20/2023,$9.07,$9.36,$9.03,$9.22,$129.5 m,14067672,$3.2 bn
10/19/2023,$8.90,$9.10,$8.73,$9.06,$109.1 m,12210461,$3.1 bn
10/18/2023,$9.10,$9.20,$8.85,$8.91,$103.7 m,11456818,$3.1 bn
10/17/2023,$9.40,$9.40,$9.05,$9.11,$124.9 m,13533981,$3.2 bn
10/16/2023,$9.17,$9.76,$9.17,$9.41,$105.3 m,11200928,$3.3 bn
10/15/2023,$9.15,$9.26,$9.08,$9.17,$50.7 m,5535899,$3.2 bn
10/14/2023,$9.15,$9.24,$9.13,$9.15,$34.5 m,3760791,$3.2 bn
10/13/2023,$9.12,$9.31,$9.03,$9.15,$69.3 m,7575177,$3.2 bn
10/12/2023,$9.29,$9.30,$8.90,$9.11,$94 m,10337711,$3.1 bn
10/11/2023,$9.52,$9.56,$9.23,$9.30,$89.4 m,9548555,$3.2 bn
10/10/2023,$9.54,$9.82,$9.45,$9.53,$94.7 m,9844479,$3.3 bn
10/09/2023,$10.08,$10.08,$9.36,$9.54,$115.1 m,11841973,$3.4 bn
10/08/2023,$10.35,$10.52,$9.98,$10.08,$101.5 m,9964768,$3.5 bn
10/07/2023,$10.66,$11.60,$10.27,$10.36,$290.8 m,27364864,$3.7 bn
10/06/2023,$10.14,$10.80,$10.14,$10.65,$162.7 m,15396184,$3.7 bn
10/05/2023,$10.09,$10.28,$9.84,$10.13,$162.2 m,16101849,$3.5 bn
10/04/2023,$9.42,$10.19,$9.17,$10.09,$176.8 m,18212068,$3.4 bn
10/03/2023,$9.32,$9.46,$9.24,$9.41,$62.9 m,6738089,$3.2 bn
10/01/2023,$9.23,$9.81,$9.22,$9.74,$86.5 m,9107233,$3.3 bn
09/30/2023,$9.17,$9.29,$9.12,$9.24,$60.9 m,6617050,$3.2 bn
09/29/2023,$9.28,$9.36,$9.09,$9.18,$82.8 m,8973850,$3.2 bn
09/28/2023,$8.92,$9.35,$8.91,$9.26,$82.4 m,9025500,$3.2 bn
09/27/2023,$9.04,$9.18,$8.85,$8.93,$70.7 m,7857311,$3.1 bn
09/26/2023,$8.95,$9.05,$8.90,$9.05,$59.8 m,6653313,$3.1 bn
09/25/2023,$8.76,$8.95,$8.69,$8.95,$60.7 m,6866300,$3.1 bn
09/24/2023,$8.90,$9.03,$8.77,$8.79,$54 m,6042482,$3.1 bn
09/23/2023,$8.87,$8.98,$8.84,$8.90,$47.1 m,5286831,$3.1 bn
09/22/2023,$8.82,$8.92,$8.78,$8.86,$56.3 m,6354346,$3.1 bn
09/21/2023,$9.04,$9.10,$8.80,$8.83,$78.9 m,8834795,$3.1 bn
09/20/2023,$9.22,$9.23,$8.92,$9.05,$83 m,9143316,$3.1 bn
09/19/2023,$9.11,$9.30,$9.05,$9.22,$71.7 m,7805682,$3.2 bn
09/18/2023,$9.10,$9.31,$8.86,$9.11,$81.7 m,8931305,$3.2 bn
09/17/2023,$9.38,$9.38,$9.03,$9.11,$48.7 m,5282265,$3.2 bn
09/16/2023,$9.45,$9.59,$9.37,$9.38,$45.5 m,4812560,$3.3 bn
09/15/2023,$9.41,$9.51,$9.20,$9.42,$52.6 m,5633957,$3.2 bn
09/14/2023,$9.30,$9.45,$9.26,$9.40,$56.4 m,6031103,$3.2 bn
09/13/2023,$9.21,$9.39,$9.11,$9.30,$66.5 m,7192397,$3.2 bn
09/12/2023,$9.24,$9.55,$9.21,$9.22,$76.9 m,8242897,$3.2 bn
09/11/2023,$9.46,$9.51,$9.11,$9.23,$70.5 m,7567258,$3.2 bn
09/10/2023,$9.84,$9.84,$9.36,$9.47,$70.3 m,7358516,$3.3 bn
09/09/2023,$9.92,$9.92,$9.84,$9.84,$34.3 m,3470238,$3.4 bn
09/08/2023,$10.09,$10.13,$9.87,$9.92,$49.6 m,4974322,$3.5 bn
09/07/2023,$9.94,$10.12,$9.84,$10.08,$49.5 m,4972764,$3.4 bn
09/06/2023,$9.92,$10.03,$9.83,$9.94,$52.7 m,5315175,$3.4 bn
09/05/2023,$9.81,$9.95,$9.68,$9.92,$51.5 m,5233969,$3.4 bn
09/04/2023,$9.88,$10.03,$9.71,$9.81,$55.8 m,5647119,$3.4 bn
09/03/2023,$9.91,$9.99,$9.84,$9.88,$58.6 m,5918053,$3.4 bn
09/02/2023,$9.93,$9.96,$9.77,$9.90,$66.8 m,6755219,$3.4 bn
09/01/2023,$9.98,$10.07,$9.79,$9.93,$84.2 m,8449330,$3.4 bn
08/31/2023,$10.40,$10.53,$9.93,$9.98,$118.4 m,11541696,$3.5 bn
08/30/2023,$10.82,$10.82,$10.34,$10.41,$83.9 m,7967216,$3.6 bn
08/29/2023,$10.39,$11.15,$10.34,$10.81,$200.6 m,18903320,$3.7 bn
08/28/2023,$10.20,$10.43,$9.97,$10.38,$84.8 m,8333707,$3.5 bn
08/27/2023,$10.10,$10.27,$10.08,$10.20,$55.9 m,5498401,$3.5 bn
08/26/2023,$10.07,$10.16,$10.05,$10.13,$50 m,4961766,$3.5 bn
08/25/2023,$10.14,$10.15,$9.94,$10.09,$123.8 m,12320851,$3.5 bn
08/24/2023,$10.35,$10.37,$10.03,$10.14,$96.2 m,9398143,$3.5 bn
08/23/2023,$10.17,$10.47,$10.09,$10.36,$100.5 m,9802636,$3.5 bn
08/22/2023,$10.39,$10.40,$9.84,$10.16,$137.9 m,13545887,$3.5 bn
08/21/2023,$10.89,$10.90,$10.31,$10.39,$109.1 m,10297875,$3.7 bn
08/20/2023,$10.85,$10.94,$10.78,$10.90,$66.3 m,6100860,$3.8 bn
08/19/2023,$10.83,$10.90,$10.60,$10.85,$85.6 m,7931368,$3.7 bn
08/18/2023,$10.60,$11.01,$10.59,$10.83,$120.7 m,11163685,$3.7 bn
08/17/2023,$11.38,$11.50,$10.38,$10.61,$150.2 m,13295973,$3.9 bn
08/16/2023,$11.82,$11.86,$11.18,$11.39,$119.9 m,10336373,$4 bn
08/15/2023,$12.37,$12.37,$11.65,$11.82,$114.4 m,9376653,$4.2 bn
08/14/2023,$12.27,$12.45,$12.21,$12.37,$92.5 m,7499243,$4.3 bn
08/13/2023,$12.40,$12.43,$12.24,$12.28,$79.3 m,6422547,$4.3 bn
08/12/2023,$12.45,$12.49,$12.36,$12.40,$66.3 m,5323237,$4.3 bn
08/11/2023,$12.48,$12.54,$12.39,$12.45,$78 m,6261465,$4.3 bn
08/10/2023,$12.64,$12.65,$12.48,$12.49,$99.9 m,7960034,$4.3 bn
08/09/2023,$12.69,$12.79,$12.52,$12.64,$97.4 m,7696904,$4.4 bn
08/08/2023,$12.46,$12.75,$12.40,$12.70,$125.1 m,9956624,$4.3 bn
08/07/2023,$12.60,$12.76,$12.29,$12.47,$111.3 m,8842687,$4.4 bn
08/06/2023,$12.46,$12.65,$12.43,$12.59,$80 m,6361394,$4.4 bn
08/05/2023,$12.41,$12.45,$12.30,$12.45,$71 m,5745089,$4.3 bn
08/04/2023,$12.43,$12.60,$12.35,$12.42,$92.9 m,7441462,$4.3 bn
08/03/2023,$12.53,$12.64,$12.40,$12.45,$109.2 m,8722389,$4.3 bn
08/02/2023,$12.89,$12.96,$12.49,$12.55,$112.6 m,8867908,$4.4 bn
08/01/2023,$12.81,$12.89,$12.50,$12.88,$151.9 m,11945751,$4.4 bn
07/31/2023,$13.13,$13.28,$12.75,$12.82,$133 m,10202268,$4.5 bn
07/30/2023,$13.26,$13.42,$13.01,$13.14,$126 m,9494297,$4.6 bn
07/29/2023,$13.23,$13.31,$13.18,$13.26,$63 m,4755197,$4.6 bn
07/28/2023,$13.16,$13.29,$13.04,$13.25,$81.9 m,6212585,$4.6 bn
07/27/2023,$13.28,$13.43,$13.05,$13.16,$97.3 m,7335313,$4.6 bn
07/26/2023,$13.36,$13.46,$13.12,$13.28,$133.3 m,10050450,$4.6 bn
07/25/2023,$13.12,$13.45,$13.07,$13.36,$155.2 m,11696037,$4.2 bn
07/24/2023,$13.55,$13.60,$12.89,$13.12,$144 m,10895589,$4.2 bn
07/23/2023,$13.53,$13.75,$13.45,$13.56,$93 m,6840247,$4.3 bn
07/22/2023,$14.00,$14.05,$13.40,$13.52,$105.6 m,7639137,$4.4 bn
07/21/2023,$13.87,$14.03,$13.78,$13.99,$109.1 m,7823419,$4.4 bn
07/20/2023,$14.01,$14.42,$13.75,$13.87,$176.3 m,12536538,$4.4 bn
07/19/2023,$13.78,$14.27,$13.77,$14.02,$143.2 m,10217627,$4.4 bn
07/18/2023,$14.44,$14.59,$13.67,$13.79,$154.6 m,11007431,$4.4 bn
07/17/2023,$14.29,$14.63,$13.97,$14.45,$191 m,13331631,$4.5 bn
07/16/2023,$14.84,$14.93,$14.22,$14.31,$170.5 m,11682028,$4.6 bn
07/15/2023,$14.64,$15.28,$14.45,$14.84,$208 m,13999200,$4.7 bn
07/14/2023,$14.11,$15.88,$14.11,$14.65,$496.7 m,33196498,$4.7 bn
07/13/2023,$13.05,$14.14,$12.91,$14.10,$225.7 m,16862574,$4.2 bn
07/12/2023,$13.26,$13.33,$12.91,$13.05,$101.5 m,7711375,$4.1 bn
07/11/2023,$13.40,$13.69,$13.18,$13.27,$111.6 m,8308993,$4.2 bn
07/10/2023,$13.60,$13.83,$13.25,$13.40,$135.3 m,10113486,$4.2 bn
07/09/2023,$13.67,$14.21,$13.60,$13.61,$175.9 m,12629299,$4.4 bn
07/08/2023,$12.76,$13.87,$12.74,$13.68,$234.5 m,17324569,$4.3 bn
07/07/2023,$12.37,$12.75,$12.35,$12.75,$83.6 m,6622867,$4 bn
07/06/2023,$12.66,$13.11,$12.31,$12.40,$115 m,9054918,$4 bn
07/05/2023,$13.06,$13.16,$12.54,$12.67,$107.4 m,8365668,$4 bn
07/04/2023,$13.25,$13.40,$13.03,$13.03,$114.5 m,8654921,$4.2 bn
07/03/2023,$13.13,$13.45,$13.10,$13.24,$132.5 m,10001564,$4.2 bn
07/02/2023,$13.00,$13.21,$12.74,$13.13,$112.6 m,8682278,$4.1 bn
07/01/2023,$13.04,$13.16,$12.90,$13.00,$97 m,7474272,$4.1 bn
06/30/2023,$12.68,$13.31,$12.41,$13.02,$192.4 m,14829965,$4.1 bn
06/29/2023,$12.34,$12.93,$12.28,$12.68,$102.7 m,8172222,$4 bn
06/28/2023,$13.20,$13.20,$12.14,$12.35,$124.9 m,9801650,$4 bn
06/27/2023,$13.15,$13.47,$13.12,$13.21,$84.7 m,6371455,$4.2 bn
06/26/2023,$13.44,$13.66,$12.99,$13.16,$113.7 m,8525910,$4.2 bn
06/25/2023,$13.01,$13.69,$12.99,$13.45,$105.6 m,7855681,$4.2 bn
06/24/2023,$13.27,$13.40,$12.79,$13.03,$83 m,6322035,$4.1 bn
06/23/2023,$12.67,$13.48,$12.66,$13.28,$118 m,9102916,$4.1 bn
06/22/2023,$12.92,$13.21,$12.64,$12.67,$112.7 m,8714428,$4.1 bn
06/21/2023,$12.09,$13.01,$12.07,$12.92,$140.4 m,11263036,$3.9 bn
06/20/2023,$11.46,$12.11,$11.20,$12.11,$91.3 m,7903165,$3.6 bn
06/19/2023,$11.35,$11.50,$11.20,$11.46,$52.4 m,4614101,$3.6 bn
06/18/2023,$11.62,$11.62,$11.33,$11.34,$58.1 m,5040675,$3.6 bn
06/17/2023,$11.53,$11.84,$11.49,$11.62,$53.9 m,4618079,$3.7 bn
06/16/2023,$11.40,$11.71,$11.30,$11.55,$62.3 m,5430676,$3.6 bn
06/15/2023,$11.37,$11.57,$11.05,$11.41,$100.8 m,8898775,$3.6 bn
06/14/2023,$11.79,$11.96,$11.26,$11.38,$95.9 m,8142111,$3.7 bn
06/13/2023,$11.52,$12.05,$11.45,$11.79,$110.5 m,9429441,$3.7 bn
06/12/2023,$11.57,$11.59,$11.29,$11.52,$95 m,8280430,$3.6 bn
06/11/2023,$11.66,$11.79,$11.48,$11.58,$87.3 m,7500917,$3.7 bn
06/10/2023,$13.75,$13.75,$10.46,$11.67,$355.2 m,30154865,$3.7 bn
06/09/2023,$13.93,$14.24,$13.72,$13.76,$91.7 m,6594620,$4.4 bn
06/08/2023,$14.00,$14.09,$13.81,$13.92,$72.9 m,5223965,$4.4 bn
06/07/2023,$14.61,$14.69,$13.99,$14.03,$113.2 m,7891978,$4.5 bn
06/06/2023,$13.88,$14.66,$13.83,$14.63,$122.1 m,8606629,$4.5 bn
06/05/2023,$14.78,$14.88,$13.58,$13.89,$169.9 m,11739352,$4.6 bn
06/04/2023,$14.57,$14.91,$14.53,$14.78,$78.8 m,5349016,$4.6 bn
06/03/2023,$14.51,$14.59,$14.41,$14.58,$60.6 m,4169924,$4.6 bn
06/02/2023,$14.10,$14.56,$14.04,$14.49,$85 m,5909081,$4.5 bn
06/01/2023,$14.11,$14.29,$13.88,$14.10,$71.4 m,5052487,$4.5 bn
05/31/2023,$14.44,$14.46,$14.02,$14.12,$79.2 m,5596276,$4.5 bn
05/30/2023,$14.48,$14.73,$14.39,$14.45,$82.8 m,5699568,$4.6 bn
05/29/2023,$14.93,$14.97,$14.38,$14.48,$90 m,6142750,$4.6 bn
05/28/2023,$14.57,$15.03,$14.30,$14.94,$110.1 m,7512039,$4.6 bn
05/27/2023,$14.35,$14.59,$14.28,$14.56,$63.4 m,4401466,$4.5 bn
05/26/2023,$14.10,$14.39,$13.98,$14.36,$79.5 m,5608679,$4.5 bn
05/25/2023,$14.14,$14.25,$13.84,$14.10,$90 m,6369650,$4.5 bn
05/24/2023,$14.72,$14.72,$14.03,$14.15,$94.5 m,6609918,$4.5 bn
05/23/2023,$14.70,$14.96,$14.62,$14.73,$73.9 m,5009099,$4.6 bn
05/22/2023,$14.32,$14.77,$14.15,$14.69,$88.8 m,6123019,$4.6 bn
05/21/2023,$14.63,$14.70,$14.24,$14.31,$57.3 m,3950985,$4.6 bn
05/20/2023,$14.66,$14.71,$14.54,$14.64,$45.1 m,3085416,$4.6 bn
05/19/2023,$14.70,$14.81,$14.59,$14.67,$64.9 m,4414535,$4.6 bn
05/18/2023,$15.16,$15.18,$14.49,$14.70,$93.3 m,6250003,$4.7 bn
05/17/2023,$14.91,$15.28,$14.67,$15.16,$96.8 m,6476209,$4.7 bn
05/16/2023,$15.09,$15.15,$14.77,$14.91,$84 m,5626027,$4.7 bn
05/15/2023,$15.03,$15.34,$14.85,$15.09,$95 m,6249782,$4.8 bn
05/14/2023,$14.93,$15.14,$14.84,$15.03,$58.4 m,3898388,$4.7 bn
05/13/2023,$15.20,$15.20,$14.93,$14.94,$53.3 m,3538681,$4.7 bn
05/12/2023,$14.96,$15.21,$14.68,$15.19,$122.5 m,8204212,$4.7 bn
05/11/2023,$15.53,$15.53,$14.86,$14.98,$104.2 m,6851314,$4.8 bn
05/10/2023,$15.34,$15.69,$14.89,$15.55,$185.5 m,12036134,$4.9 bn
05/09/2023,$15.41,$15.57,$15.27,$15.34,$78.2 m,5077768,$4.9 bn
05/08/2023,$16.39,$16.50,$15.06,$15.43,$191.1 m,12130411,$5 bn
05/07/2023,$16.61,$16.72,$16.41,$16.42,$70.7 m,4257183,$5.2 bn
05/06/2023,$17.38,$17.46,$16.48,$16.61,$104.6 m,6184692,$5.3 bn
05/05/2023,$16.94,$17.40,$16.89,$17.38,$136.1 m,7947775,$5.4 bn
05/04/2023,$17.22,$17.24,$16.84,$16.92,$89.5 m,5257490,$5.4 bn
05/03/2023,$16.83,$17.32,$16.43,$17.22,$127.9 m,7620857,$5.3 bn
05/02/2023,$16.63,$16.96,$16.52,$16.85,$109.7 m,6564027,$5.3 bn
05/01/2023,$17.12,$17.21,$16.55,$16.66,$126.8 m,7493629,$5.3 bn
04/30/2023,$17.49,$17.81,$17.12,$17.15,$87.7 m,5042186,$5.5 bn
04/29/2023,$17.55,$17.71,$17.39,$17.48,$67.9 m,3872312,$5.5 bn
04/28/2023,$17.72,$17.80,$17.30,$17.55,$93.1 m,5298935,$5.5 bn
04/27/2023,$17.17,$17.87,$17.15,$17.72,$152.5 m,8696325,$5.5 bn
04/26/2023,$17.61,$18.20,$16.51,$17.18,$234.8 m,13326232,$5.6 bn
04/25/2023,$16.93,$17.73,$16.79,$17.64,$161.4 m,9442124,$5.4 bn
04/24/2023,$16.85,$17.22,$16.60,$16.93,$120.1 m,7101914,$5.3 bn
04/23/2023,$17.23,$17.23,$16.60,$16.86,$105.4 m,6204196,$5.4 bn
04/22/2023,$16.93,$17.33,$16.84,$17.24,$109.3 m,6387794,$5.4 bn
04/21/2023,$18.33,$18.50,$16.78,$16.95,$233 m,13081310,$5.6 bn
04/20/2023,$18.94,$19.39,$18.29,$18.33,$233 m,12349370,$5.9 bn
04/19/2023,$21.20,$21.20,$18.80,$18.98,$335.6 m,16782576,$6.3 bn
04/18/2023,$20.50,$21.51,$20.37,$21.21,$291.8 m,13833424,$6.6 bn
04/17/2023,$20.18,$21.10,$20.01,$20.49,$464.8 m,22531576,$6.5 bn
04/16/2023,$19.09,$20.44,$18.90,$20.19,$253.4 m,13103318,$6.1 bn
04/15/2023,$19.23,$19.47,$19.02,$19.10,$159.4 m,8306718,$6 bn
04/14/2023,$18.83,$19.30,$18.51,$19.25,$236.2 m,12419530,$6 bn
04/13/2023,$18.26,$19.00,$18.15,$18.84,$228.8 m,12246088,$5.9 bn
04/12/2023,$18.16,$18.67,$17.71,$18.25,$268.9 m,14879581,$5.7 bn
04/11/2023,$17.94,$18.55,$17.89,$18.16,$161 m,8829715,$5.7 bn
04/10/2023,$17.54,$17.95,$17.40,$17.92,$106.9 m,6068208,$5.6 bn
04/09/2023,$17.46,$17.64,$17.27,$17.55,$81.1 m,4650274,$5.5 bn
04/08/2023,$17.61,$17.74,$17.41,$17.47,$72.5 m,4116103,$5.5 bn
04/07/2023,$17.99,$18.12,$17.54,$17.62,$108.9 m,6133865,$5.6 bn
04/06/2023,$18.00,$18.30,$17.71,$17.99,$145 m,8069827,$5.7 bn
04/05/2023,$17.65,$18.30,$17.64,$17.99,$163.1 m,9055395,$5.7 bn
04/04/2023,$17.11,$17.64,$16.99,$17.64,$107.2 m,6196945,$5.5 bn
04/03/2023,$17.25,$17.42,$16.79,$17.10,$139.2 m,8120541,$5.4 bn
04/02/2023,$17.81,$17.84,$17.12,$17.26,$85.5 m,4878527,$5.5 bn
04/01/2023,$17.72,$17.86,$17.57,$17.79,$90.5 m,5108129,$5.6 bn
03/31/2023,$17.25,$17.83,$17.11,$17.71,$134.9 m,7737575,$5.5 bn
03/30/2023,$17.32,$17.54,$17.07,$17.25,$150 m,8681335,$5.4 bn
03/29/2023,$16.72,$17.40,$16.69,$17.29,$124.7 m,7269995,$5.4 bn
03/28/2023,$16.50,$16.79,$16.36,$16.73,$114.1 m,6890296,$5.2 bn
03/27/2023,$17.12,$17.14,$16.14,$16.51,$108.4 m,6488546,$5.3 bn
03/26/2023,$16.91,$17.26,$16.88,$17.12,$62.4 m,3651764,$5.4 bn
03/25/2023,$16.97,$17.15,$16.43,$16.87,$90.3 m,5371928,$5.3 bn
03/24/2023,$17.56,$17.64,$16.75,$16.97,$99.9 m,5807478,$5.4 bn
03/23/2023,$16.76,$17.78,$16.63,$17.57,$155.8 m,9039115,$5.4 bn
03/22/2023,$17.46,$17.90,$16.35,$16.75,$216.7 m,12527030,$5.5 bn
03/21/2023,$16.64,$17.51,$16.39,$17.47,$150.8 m,8880935,$5.3 bn
03/20/2023,$17.51,$17.75,$16.60,$16.61,$163.8 m,9493699,$5.4 bn
03/19/2023,$16.98,$18.07,$16.98,$17.51,$157.2 m,8973914,$5.5 bn
03/18/2023,$17.65,$18.11,$16.91,$16.96,$209.3 m,11944038,$5.5 bn
03/17/2023,$15.84,$17.68,$15.67,$17.61,$299 m,18135554,$5.2 bn
03/16/2023,$15.56,$16.04,$15.29,$15.85,$192.8 m,12288172,$4.9 bn
03/15/2023,$17.16,$17.43,$15.41,$15.54,$334.3 m,20160267,$5.2 bn
03/14/2023,$16.48,$17.83,$16.12,$17.14,$367.5 m,21820289,$5.3 bn
03/13/2023,$16.18,$16.74,$15.53,$16.44,$345.9 m,21416340,$5.1 bn
03/12/2023,$14.53,$16.20,$14.25,$16.17,$328.5 m,22444496,$4.6 bn
03/11/2023,$14.81,$15.16,$14.01,$14.55,$220.5 m,15273494,$4.5 bn
03/10/2023,$14.43,$15.07,$13.94,$14.82,$388.3 m,26616297,$4.6 bn
03/09/2023,$15.15,$15.71,$14.27,$14.45,$321.5 m,21098579,$4.8 bn
03/08/2023,$16.21,$16.27,$15.10,$15.18,$167.9 m,10581227,$5 bn
03/07/2023,$16.52,$16.70,$15.95,$16.20,$213.4 m,13058735,$5.1 bn
03/06/2023,$16.19,$16.60,$15.90,$16.52,$274.4 m,16853513,$5.1 bn
03/05/2023,$16.14,$16.51,$16.12,$16.22,$173.5 m,10624820,$5.1 bn
03/04/2023,$16.66,$16.87,$15.87,$16.18,$212 m,12774015,$5.2 bn
03/03/2023,$17.47,$17.47,$15.97,$16.66,$183.5 m,11125332,$5.2 bn
03/02/2023,$17.77,$17.82,$17.16,$17.45,$102.9 m,5923171,$5.5 bn
03/01/2023,$17.08,$17.80,$17.01,$17.76,$137.5 m,7821269,$5.5 bn
02/28/2023,$17.93,$17.93,$16.98,$17.07,$187.5 m,10698439,$5.5 bn
02/27/2023,$18.44,$18.62,$17.76,$17.93,$240 m,13233436,$5.7 bn
02/26/2023,$17.95,$18.57,$17.85,$18.45,$185.5 m,10226823,$5.7 bn
02/25/2023,$18.38,$18.50,$17.53,$17.96,$323.4 m,17841855,$5.7 bn
02/24/2023,$19.71,$19.81,$18.12,$18.37,$326.4 m,17033648,$6 bn
02/23/2023,$20.32,$20.70,$19.55,$19.70,$393.4 m,19519938,$6.4 bn
02/22/2023,$20.97,$21.46,$19.64,$20.31,$689.8 m,33759390,$6.4 bn
02/21/2023,$20.83,$21.58,$20.03,$20.94,$649.4 m,31480106,$6.5 bn
02/20/2023,$19.82,$21.30,$19.14,$20.78,$479.1 m,23304900,$6.5 bn
02/19/2023,$19.55,$20.34,$19.41,$19.81,$325.2 m,16460727,$6.2 bn
02/18/2023,$19.46,$20.03,$19.34,$19.60,$275.4 m,14031238,$6.2 bn
02/17/2023,$18.61,$19.63,$18.58,$19.49,$344.4 m,17993873,$6 bn
02/16/2023,$19.95,$20.33,$18.60,$18.62,$458.6 m,23175102,$6.2 bn
02/15/2023,$18.15,$19.92,$17.93,$19.92,$453.1 m,24514359,$5.8 bn
02/14/2023,$17.63,$18.25,$17.36,$18.15,$308.7 m,17413427,$5.6 bn
02/13/2023,$17.78,$17.83,$16.91,$17.63,$290 m,16651496,$5.5 bn
02/12/2023,$18.02,$18.47,$17.62,$17.75,$235.5 m,13020738,$5.7 bn
02/11/2023,$17.79,$18.09,$17.68,$18.03,$134.7 m,7548731,$5.6 bn
02/10/2023,$17.90,$18.24,$17.62,$17.81,$264.8 m,14744114,$5.1 bn
02/09/2023,$20.11,$20.22,$17.60,$17.86,$368.1 m,18970939,$5.5 bn
02/08/2023,$20.84,$20.99,$19.73,$20.09,$285.1 m,13963815,$5.8 bn
02/07/2023,$19.57,$20.93,$19.57,$20.85,$374.8 m,18625472,$5.7 bn
02/06/2023,$20.09,$20.39,$19.54,$19.58,$275.8 m,13750352,$5.7 bn
02/05/2023,$21.04,$21.13,$19.78,$20.12,$367.2 m,17844010,$5.9 bn
02/04/2023,$21.36,$21.61,$20.98,$21.02,$342.3 m,16112524,$6.1 bn
02/03/2023,$21.23,$21.89,$20.87,$21.37,$529.6 m,24908769,$6.1 bn
02/02/2023,$20.95,$22.69,$20.95,$21.17,$1.2 bn,52471095,$6.2 bn
02/01/2023,$19.81,$20.96,$18.79,$20.96,$594.3 m,30496439,$5.6 bn
01/31/2023,$19.74,$20.11,$19.39,$19.86,$435.2 m,22057515,$5.6 bn
01/30/2023,$21.01,$21.18,$19.44,$19.74,$675.3 m,33067906,$5.8 bn
01/29/2023,$20.55,$21.14,$20.24,$21.07,$393.3 m,19046580,$5.9 bn
01/28/2023,$21.21,$21.61,$20.12,$20.58,$716.3 m,34680875,$5.9 bn
01/27/2023,$18.09,$21.56,$17.61,$21.26,$705.8 m,38334782,$5.2 bn
01/26/2023,$17.80,$18.70,$17.80,$18.09,$425.3 m,23497958,$5.2 bn
01/25/2023,$17.00,$18.18,$16.59,$17.80,$358 m,20671600,$4.9 bn
01/24/2023,$17.98,$18.83,$16.84,$17.01,$390.3 m,21462226,$5.2 bn
01/23/2023,$17.35,$18.27,$17.34,$18.02,$424.7 m,23925879,$5.1 bn
01/22/2023,$16.88,$18.36,$16.87,$17.37,$528.2 m,30357526,$5 bn
01/21/2023,$17.49,$17.71,$16.87,$16.90,$432.5 m,24966512,$4.9 bn
01/20/2023,$16.19,$17.52,$15.93,$17.52,$532.7 m,32558764,$4.7 bn
01/19/2023,$15.85,$16.25,$15.77,$16.21,$293.9 m,18347827,$4.6 bn
01/18/2023,$17.14,$17.38,$15.79,$15.82,$547.6 m,32587837,$4.8 bn
01/17/2023,$16.76,$18.08,$16.70,$17.13,$657.4 m,38387895,$4.9 bn
01/16/2023,$16.81,$17.26,$16.33,$16.74,$511.5 m,30549935,$4.8 bn
01/15/2023,$16.94,$17.05,$16.05,$16.78,$613.4 m,37044558,$4.7 bn
01/14/2023,$15.94,$18.34,$15.94,$16.96,$1.2 bn,71887526,$4.8 bn
01/13/2023,$15.45,$16.45,$15.03,$15.96,$877.6 m,56385533,$4.4 bn
01/12/2023,$15.90,$16.37,$14.90,$15.46,$1.6 bn,105106628,$4.4 bn
01/11/2023,$12.75,$15.92,$12.30,$15.92,$1.3 bn,96796820,$3.7 bn
01/10/2023,$12.21,$12.87,$12.06,$12.73,$323.1 m,25842401,$3.6 bn
01/09/2023,$12.08,$12.64,$12.08,$12.21,$321.2 m,25877768,$3.5 bn
01/08/2023,$11.75,$12.13,$11.61,$12.04,$153.6 m,13004315,$3.4 bn
01/07/2023,$11.78,$11.86,$11.66,$11.75,$76.9 m,6539559,$3.3 bn
01/06/2023,$11.74,$11.81,$11.38,$11.78,$228.2 m,19661156,$3.3 bn
01/05/2023,$12.09,$12.15,$11.72,$11.74,$175.7 m,14750644,$3.4 bn
01/04/2023,$11.40,$12.26,$11.37,$12.08,$302.7 m,25517305,$3.4 bn
01/03/2023,$11.15,$11.51,$11.08,$11.38,$172 m,15255303,$3.2 bn
01/02/2023,$10.87,$11.23,$10.73,$11.16,$147.3 m,13320291,$3.2 bn
01/01/2023,$10.90,$10.93,$10.66,$10.86,$112 m,10379755,$3.1 bn
12/31/2022,$10.88,$11.05,$10.85,$10.90,$89.8 m,8215139,$3.1 bn
12/30/2022,$10.97,$10.97,$10.64,$10.87,$166.5 m,15395746,$3.1 bn
12/29/2022,$11.21,$11.21,$10.70,$11.00,$129.9 m,11693011,$3.2 bn
12/28/2022,$11.66,$11.66,$11.11,$11.20,$120.8 m,10643401,$3.2 bn
12/27/2022,$11.74,$11.78,$11.58,$11.65,$84.2 m,7205596,$3.3 bn
12/26/2022,$11.68,$11.77,$11.58,$11.73,$72.9 m,6246701,$3.3 bn
12/25/2022,$11.67,$11.71,$11.54,$11.68,$75.4 m,6486009,$3.3 bn
12/24/2022,$11.79,$11.82,$11.65,$11.68,$41.8 m,3567449,$3.3 bn
12/23/2022,$11.85,$11.87,$11.74,$11.78,$72.9 m,6175824,$3.4 bn
12/22/2022,$11.70,$11.84,$11.49,$11.84,$83.9 m,7181162,$3.3 bn
12/21/2022,$11.96,$11.98,$11.64,$11.68,$58.2 m,4933684,$3.4 bn
12/20/2022,$11.39,$12.01,$11.38,$11.97,$97.2 m,8194165,$3.4 bn
12/19/2022,$11.93,$12.08,$11.28,$11.37,$116.9 m,9879648,$3.4 bn
12/18/2022,$11.97,$12.00,$11.83,$11.93,$70.3 m,5906575,$3.4 bn
12/17/2022,$11.82,$11.97,$11.55,$11.97,$115 m,9707365,$3.4 bn
12/16/2022,$13.16,$13.28,$11.68,$11.84,$222.9 m,17437787,$3.6 bn
12/15/2022,$13.73,$13.85,$13.11,$13.17,$181.1 m,13413809,$3.8 bn
12/14/2022,$13.78,$14.16,$13.61,$13.73,$186.1 m,13498133,$3.9 bn
12/13/2022,$13.01,$14.05,$12.61,$13.73,$293.5 m,22175612,$3.8 bn
12/12/2022,$12.97,$13.04,$12.63,$12.99,$97.1 m,7578989,$3.7 bn
12/11/2022,$13.48,$13.50,$12.95,$12.98,$58.9 m,4391223,$3.8 bn
12/10/2022,$13.46,$13.57,$13.35,$13.48,$57.6 m,4284345,$3.8 bn
12/09/2022,$13.42,$13.59,$13.37,$13.46,$92.6 m,6879017,$3.8 bn
12/08/2022,$13.27,$13.51,$13.11,$13.41,$74 m,5576245,$3.8 bn
12/07/2022,$13.68,$13.69,$13.02,$13.27,$68.4 m,5143874,$3.8 bn
12/06/2022,$13.61,$13.67,$13.49,$13.67,$57.3 m,4215644,$3.9 bn
12/05/2022,$13.94,$14.31,$13.49,$13.60,$86.2 m,6183036,$4 bn
12/04/2022,$13.42,$13.93,$13.42,$13.93,$75.7 m,5529987,$3.9 bn
12/03/2022,$13.58,$13.86,$13.31,$13.44,$85 m,6272104,$3.9 bn
12/02/2022,$12.90,$13.62,$12.83,$13.58,$88.8 m,6745202,$3.8 bn
12/01/2022,$13.16,$13.29,$12.83,$12.88,$69.8 m,5358213,$3.7 bn
11/30/2022,$12.48,$13.18,$12.48,$13.18,$92.7 m,7185612,$3.7 bn
11/29/2022,$12.45,$12.71,$12.31,$12.47,$97.4 m,7794169,$3.6 bn
11/28/2022,$12.89,$12.98,$12.01,$12.46,$112 m,9061837,$3.5 bn
11/27/2022,$12.76,$13.24,$12.70,$12.88,$81 m,6223967,$3.7 bn
11/26/2022,$12.83,$13.19,$12.67,$12.75,$76.1 m,5875081,$3.7 bn
11/25/2022,$12.94,$13.00,$12.56,$12.82,$61.6 m,4823382,$3.6 bn
11/24/2022,$13.05,$13.36,$12.80,$12.93,$74.1 m,5696983,$3.7 bn
11/23/2022,$12.38,$13.02,$12.38,$13.02,$88.9 m,7011613,$3.6 bn
11/22/2022,$11.81,$12.35,$11.49,$12.33,$97.9 m,8196232,$3.4 bn
11/21/2022,$12.17,$12.17,$11.64,$11.83,$105.5 m,8856982,$3.4 bn
11/20/2022,$12.89,$13.13,$12.12,$12.19,$65.9 m,5166422,$3.6 bn
11/19/2022,$12.99,$12.99,$12.56,$12.88,$45.2 m,3530483,$3.6 bn
11/18/2022,$12.89,$13.28,$12.89,$13.00,$61.4 m,4688683,$3.7 bn
11/17/2022,$13.08,$13.30,$12.69,$12.89,$75.7 m,5798517,$3.7 bn
11/16/2022,$13.51,$13.69,$12.90,$13.09,$70.4 m,5309671,$3.8 bn
11/15/2022,$13.12,$13.99,$13.05,$13.49,$89 m,6632471,$3.8 bn
11/14/2022,$13.04,$13.56,$12.11,$13.11,$168.6 m,13036867,$3.7 bn
11/13/2022,$13.09,$13.35,$12.75,$13.11,$107.4 m,8214440,$3.7 bn
11/12/2022,$14.11,$14.11,$12.97,$13.06,$99.7 m,7455080,$3.8 bn
11/11/2022,$15.41,$15.42,$13.66,$14.11,$215.3 m,14810356,$4.1 bn
11/10/2022,$12.86,$15.86,$12.75,$15.40,$417.8 m,28702829,$4.1 bn
11/09/2022,$15.99,$16.09,$12.24,$12.91,$641 m,44434651,$4.1 bn
11/08/2022,$18.08,$18.13,$15.30,$15.99,$526.8 m,31507116,$4.8 bn
11/07/2022,$18.25,$18.84,$17.80,$18.06,$171.6 m,9340241,$5.2 bn
11/06/2022,$19.61,$19.69,$18.28,$18.28,$135.7 m,7042957,$5.5 bn
11/05/2022,$19.42,$20.50,$19.23,$19.60,$218 m,11108349,$5.6 bn
11/04/2022,$18.04,$19.61,$17.93,$19.39,$202.7 m,10705878,$5.4 bn
11/03/2022,$17.90,$18.82,$17.83,$18.04,$125.6 m,6815633,$5.2 bn
11/02/2022,$18.63,$18.69,$17.50,$17.90,$194.7 m,10767548,$5.2 bn
11/01/2022,$19.29,$19.45,$18.54,$18.65,$151.5 m,7966496,$5.4 bn
10/31/2022,$18.27,$19.67,$18.25,$19.32,$297.9 m,15760333,$5.4 bn
10/30/2022,$18.30,$18.78,$18.05,$18.25,$169.1 m,9222977,$5.2 bn
10/29/2022,$18.36,$18.83,$18.19,$18.31,$199.9 m,10815324,$5.3 bn
10/28/2022,$16.90,$18.37,$16.84,$18.35,$240.1 m,13717202,$5 bn
10/27/2022,$17.02,$17.45,$16.89,$16.93,$189.9 m,11077447,$4.9 bn
10/26/2022,$16.67,$17.24,$16.67,$17.02,$171.3 m,10067543,$4.8 bn
10/25/2022,$15.75,$16.96,$15.63,$16.67,$170.9 m,10617917,$4.6 bn
10/24/2022,$16.32,$16.45,$15.66,$15.76,$99.5 m,6241175,$4.5 bn
10/23/2022,$15.69,$16.35,$15.62,$16.31,$128.9 m,8146837,$4.5 bn
10/22/2022,$15.71,$15.87,$15.55,$15.68,$91.3 m,5816849,$4.5 bn
10/21/2022,$15.15,$15.73,$14.64,$15.69,$163.6 m,10795862,$4.3 bn
10/20/2022,$15.07,$15.45,$14.93,$15.18,$157.5 m,10336879,$4.3 bn
10/19/2022,$15.88,$15.90,$15.09,$15.10,$136.1 m,8744152,$4.4 bn
10/18/2022,$16.22,$16.33,$15.59,$15.89,$136.8 m,8530094,$4.6 bn
10/17/2022,$15.75,$16.25,$15.67,$16.18,$123.8 m,7752991,$4.5 bn
10/16/2022,$15.42,$15.86,$15.42,$15.76,$104.6 m,6702788,$4.4 bn
10/15/2022,$15.68,$15.74,$15.41,$15.42,$91.4 m,5842116,$4.5 bn
10/14/2022,$15.66,$16.38,$15.56,$15.69,$137.8 m,8608983,$4.6 bn
10/13/2022,$15.95,$15.98,$14.60,$15.67,$248.6 m,16123109,$4.4 bn
10/12/2022,$15.95,$16.14,$15.88,$15.95,$97.7 m,6107749,$4.6 bn
10/11/2022,$16.22,$16.23,$15.72,$15.95,$143.9 m,8995344,$4.6 bn
10/10/2022,$16.90,$17.18,$16.23,$16.23,$121.8 m,7276216,$4.8 bn
10/09/2022,$16.78,$16.98,$16.71,$16.91,$84.3 m,4995688,$4.8 bn
10/08/2022,$16.90,$16.99,$16.68,$16.78,$82.7 m,4903770,$4.8 bn
10/07/2022,$17.04,$17.15,$16.76,$16.91,$123 m,7244154,$4.8 bn
10/06/2022,$17.39,$17.62,$17.02,$17.03,$138 m,7965001,$4.9 bn
10/05/2022,$17.44,$17.45,$16.97,$17.37,$134.7 m,7812960,$4.9 bn
10/04/2022,$17.16,$17.52,$17.08,$17.45,$127 m,7336691,$4.9 bn
10/03/2022,$16.52,$17.25,$16.42,$17.16,$142.6 m,8482439,$4.8 bn
10/02/2022,$16.96,$17.09,$16.52,$16.53,$122.8 m,7277383,$4.8 bn
10/01/2022,$17.19,$17.29,$16.91,$16.96,$97.9 m,5707444,$4.9 bn
09/30/2022,$17.35,$17.70,$17.04,$17.20,$182.6 m,10524747,$4.9 bn
09/29/2022,$17.27,$17.38,$16.93,$17.36,$146.4 m,8516091,$4.9 bn
09/28/2022,$17.32,$17.41,$16.79,$17.26,$167.7 m,9798856,$4.9 bn
09/27/2022,$17.55,$18.45,$17.08,$17.32,$214 m,12038676,$5.1 bn
09/26/2022,$17.31,$17.56,$17.00,$17.56,$125 m,7216309,$4.9 bn
09/25/2022,$17.61,$17.85,$17.17,$17.32,$100.2 m,5684905,$5 bn
09/24/2022,$17.97,$18.18,$17.58,$17.63,$111 m,6193873,$5.1 bn
09/23/2022,$17.68,$18.21,$17.22,$17.96,$176.8 m,10014182,$5 bn
09/22/2022,$16.58,$17.79,$16.44,$17.69,$173 m,10043129,$4.9 bn
09/21/2022,$16.65,$17.79,$16.30,$16.61,$240.8 m,14298337,$4.8 bn
09/20/2022,$17.30,$17.33,$16.61,$16.67,$170.5 m,10062859,$4.8 bn
09/19/2022,$16.71,$17.34,$16.44,$17.32,$182 m,10744564,$4.8 bn
09/18/2022,$18.47,$18.70,$16.69,$16.70,$237.1 m,13112890,$5.2 bn
09/17/2022,$18.05,$18.57,$18.05,$18.48,$133.9 m,7309883,$5.2 bn
09/16/2022,$18.20,$18.29,$17.64,$18.05,$210.6 m,11694702,$5.1 bn
09/15/2022,$19.11,$19.23,$18.15,$18.17,$265.3 m,14183227,$5.3 bn
09/14/2022,$18.87,$19.30,$18.54,$19.12,$258.4 m,13570114,$5.4 bn
09/13/2022,$21.38,$21.75,$18.82,$18.89,$383.6 m,18738842,$5.8 bn
09/12/2022,$20.68,$21.89,$20.11,$21.37,$445.4 m,21199417,$6 bn
09/11/2022,$20.47,$20.89,$20.07,$20.66,$197.3 m,9645830,$5.8 bn
09/10/2022,$20.38,$21.05,$20.10,$20.50,$197.8 m,9668691,$5.8 bn
09/09/2022,$19.13,$20.52,$19.13,$20.41,$227.7 m,11327847,$5.7 bn
09/08/2022,$19.02,$19.14,$18.49,$19.13,$168.7 m,8928483,$5.4 bn
09/07/2022,$18.21,$19.26,$17.93,$19.00,$166 m,8962590,$5.3 bn
09/06/2022,$19.43,$20.43,$18.21,$18.21,$238.2 m,12171629,$5.6 bn
09/05/2022,$19.01,$19.44,$18.49,$19.44,$129.8 m,6897777,$5.4 bn
09/04/2022,$18.78,$19.10,$18.78,$19.00,$117.3 m,6199332,$5.4 bn
09/03/2022,$18.86,$18.99,$18.61,$18.78,$98.9 m,5251979,$5.4 bn
09/02/2022,$19.31,$19.63,$18.71,$18.85,$161.7 m,8441172,$5.5 bn
09/01/2022,$19.13,$19.39,$18.39,$19.30,$172.6 m,9081115,$5.4 bn
08/31/2022,$19.40,$19.99,$19.02,$19.12,$209.2 m,10674147,$5.6 bn
08/30/2022,$19.32,$20.51,$18.99,$19.34,$309.6 m,15705871,$5.6 bn
08/29/2022,$18.55,$19.41,$17.63,$19.34,$343.9 m,18596077,$5.3 bn
08/28/2022,$20.04,$20.39,$18.28,$18.41,$189 m,9508610,$5.7 bn
08/27/2022,$20.63,$20.85,$19.89,$20.10,$187.3 m,9173007,$5.8 bn
08/26/2022,$22.99,$23.17,$20.46,$20.60,$289.1 m,12919674,$6.4 bn
08/25/2022,$23.03,$23.61,$22.79,$23.03,$166.1 m,7163125,$6.6 bn
08/24/2022,$23.51,$23.58,$22.88,$23.03,$173 m,7452815,$6.6 bn
08/23/2022,$22.54,$23.64,$21.90,$23.53,$236.4 m,10316204,$6.5 bn
08/22/2022,$22.97,$22.97,$21.74,$22.56,$177.5 m,7949131,$6.4 bn
08/21/2022,$22.33,$23.39,$22.19,$22.98,$204.9 m,8990401,$6.5 bn
08/20/2022,$22.55,$23.05,$21.76,$22.33,$222.5 m,9840339,$6.4 bn
08/19/2022,$24.21,$24.29,$22.06,$22.49,$362.9 m,15893487,$6.5 bn
08/18/2022,$25.53,$26.24,$24.25,$24.25,$182.3 m,7106799,$7.3 bn
08/17/2022,$27.16,$28.15,$25.36,$25.47,$231.6 m,8617373,$7.6 bn
08/16/2022,$27.87,$28.32,$27.12,$27.20,$194.2 m,7031645,$7.9 bn
08/15/2022,$28.15,$29.27,$27.20,$27.89,$226.3 m,8077450,$8 bn
08/14/2022,$29.17,$29.81,$27.96,$28.20,$214.5 m,7412381,$8.2 bn
08/13/2022,$29.34,$30.23,$28.99,$29.15,$229.2 m,7756506,$8.4 bn
08/12/2022,$28.56,$29.40,$28.22,$29.36,$217.5 m,7527664,$8.2 bn
08/11/2022,$29.09,$29.92,$28.50,$28.54,$318.5 m,10866523,$8.3 bn
08/10/2022,$27.34,$29.89,$26.68,$29.06,$442.1 m,15592909,$8.1 bn
08/09/2022,$27.91,$28.75,$27.14,$27.39,$333.3 m,12016298,$7.9 bn
08/08/2022,$27.83,$30.35,$27.56,$27.94,$456.3 m,15910183,$8.2 bn
08/07/2022,$26.55,$28.23,$25.94,$27.86,$350 m,12959471,$7.7 bn
08/06/2022,$24.92,$26.74,$24.72,$26.64,$314.3 m,12224830,$7.3 bn
08/05/2022,$23.32,$24.90,$23.17,$24.90,$246.6 m,10228850,$5.4 bn
08/04/2022,$23.04,$23.90,$22.97,$23.35,$176.8 m,7552355,$5.2 bn
08/03/2022,$22.90,$24.07,$22.35,$23.07,$202 m,8582391,$5.3 bn
08/02/2022,$23.59,$23.82,$22.32,$22.89,$231.1 m,10083663,$5.1 bn
08/01/2022,$23.70,$24.24,$23.04,$23.64,$219.8 m,9310654,$5.3 bn
07/31/2022,$24.20,$25.12,$23.61,$23.73,$207.6 m,8467670,$5.5 bn
07/30/2022,$24.54,$25.68,$24.03,$24.20,$303.6 m,12300282,$5.5 bn
07/29/2022,$24.21,$25.24,$23.58,$24.55,$360.4 m,14710797,$5.5 bn
07/28/2022,$23.39,$24.54,$22.70,$24.21,$407 m,17381937,$5.2 bn
07/27/2022,$20.65,$23.40,$20.23,$23.40,$341.5 m,15956223,$4.8 bn
07/26/2022,$20.97,$20.97,$19.61,$20.63,$181.6 m,8897297,$4.6 bn
07/25/2022,$23.82,$23.82,$21.02,$21.02,$240.7 m,10872983,$5 bn
07/24/2022,$23.65,$24.37,$23.31,$23.84,$178.6 m,7473311,$5.4 bn
07/23/2022,$23.67,$24.65,$22.86,$23.60,$195.1 m,8212057,$5.3 bn
07/22/2022,$25.02,$25.44,$23.64,$23.69,$281.9 m,11419157,$5.5 bn
07/21/2022,$23.64,$25.36,$22.74,$25.06,$354.4 m,14711957,$5.4 bn
07/20/2022,$24.73,$26.11,$23.53,$23.65,$449.7 m,17998599,$5.6 bn
07/19/2022,$23.84,$26.01,$23.15,$24.76,$507.2 m,20860712,$5.4 bn
07/18/2022,$20.62,$24.08,$20.62,$24.08,$489.3 m,21320619,$5.1 bn
07/17/2022,$21.28,$21.98,$20.62,$20.62,$210.8 m,9914621,$4.8 bn
07/16/2022,$19.38,$21.32,$18.78,$21.23,$294.3 m,14831917,$4.4 bn
07/15/2022,$19.81,$20.14,$19.16,$19.38,$239.4 m,12136687,$4.4 bn
07/14/2022,$18.83,$19.83,$17.83,$19.74,$308.4 m,16433822,$4.2 bn
07/13/2022,$16.81,$18.86,$16.65,$18.81,$340.3 m,19491591,$3.9 bn
07/12/2022,$17.33,$18.03,$16.87,$16.87,$180.1 m,10258776,$3.9 bn
07/11/2022,$19.13,$19.15,$17.38,$17.38,$154.7 m,8413434,$4.1 bn
07/10/2022,$19.90,$19.95,$18.84,$19.16,$141 m,7295954,$4.3 bn
07/09/2022,$19.83,$20.22,$19.64,$19.92,$129.8 m,6501297,$4.5 bn
07/08/2022,$20.20,$20.91,$19.51,$19.88,$290.8 m,14450302,$4.5 bn
07/07/2022,$19.19,$20.51,$18.93,$20.24,$295 m,15027036,$4.4 bn
07/06/2022,$18.06,$19.28,$17.87,$19.14,$319.1 m,17217663,$4.2 bn
07/05/2022,$17.91,$18.51,$16.75,$18.06,$296.9 m,16915045,$3.9 bn
07/04/2022,$16.65,$17.99,$16.57,$17.95,$237.9 m,13929744,$3.8 bn
07/03/2022,$16.33,$16.70,$15.88,$16.67,$141.8 m,8751661,$3.6 bn
07/02/2022,$16.09,$16.57,$16.00,$16.33,$128.4 m,7878453,$3.7 bn
07/01/2022,$16.92,$17.56,$15.87,$16.08,$276.7 m,16901912,$3.7 bn
06/30/2022,$17.66,$17.75,$15.89,$16.93,$251.7 m,15211389,$3.7 bn
06/29/2022,$18.12,$18.64,$17.27,$17.59,$255.6 m,14224154,$4 bn
06/28/2022,$19.32,$20.45,$18.08,$18.11,$290.4 m,15041309,$4.3 bn
06/27/2022,$19.76,$21.31,$19.24,$19.33,$255.2 m,12660605,$4.5 bn
06/26/2022,$21.38,$21.70,$19.71,$19.71,$252.7 m,12085171,$4.7 bn
06/25/2022,$20.51,$21.44,$19.92,$21.36,$288.1 m,13878972,$4.6 bn
06/24/2022,$18.29,$20.87,$18.07,$20.59,$412.3 m,21185228,$4.4 bn
06/23/2022,$16.08,$18.33,$16.08,$18.30,$290.3 m,16672372,$3.9 bn
06/22/2022,$16.87,$17.33,$16.02,$16.07,$225.5 m,13640008,$3.7 bn
06/21/2022,$17.14,$18.41,$16.69,$16.86,$270.2 m,15465229,$3.9 bn
06/20/2022,$16.17,$17.82,$15.39,$17.16,$305.7 m,18420135,$3.7 bn
06/19/2022,$14.81,$16.29,$13.82,$16.20,$289.1 m,19315809,$3.4 bn
06/18/2022,$16.01,$16.27,$13.85,$14.84,$290.6 m,19141082,$3.4 bn
06/17/2022,$15.72,$16.60,$15.59,$15.99,$212.9 m,13176027,$3.6 bn
06/16/2022,$18.30,$18.59,$15.59,$15.74,$332.3 m,19758915,$3.8 bn
06/15/2022,$16.53,$18.37,$14.64,$18.18,$569.5 m,35492512,$3.6 bn
06/14/2022,$16.03,$17.14,$14.75,$16.55,$487.1 m,29977441,$3.6 bn
06/13/2022,$17.37,$17.37,$14.83,$15.98,$716.7 m,45103191,$3.6 bn
06/12/2022,$19.86,$20.12,$17.35,$17.35,$451.8 m,24246825,$4.2 bn
06/11/2022,$22.05,$22.94,$19.76,$19.81,$303.3 m,14130943,$4.8 bn
06/10/2022,$24.37,$24.80,$22.08,$22.08,$271.6 m,11542253,$5.3 bn
06/09/2022,$24.47,$25.26,$23.76,$24.40,$228.1 m,9306168,$5.5 bn
06/08/2022,$24.65,$25.32,$23.84,$24.49,$258.3 m,10569055,$5.5 bn
06/07/2022,$25.88,$26.03,$23.23,$24.63,$458 m,18879409,$5.4 bn
06/06/2022,$24.13,$27.64,$24.12,$25.97,$398.7 m,15152484,$5.9 bn
06/05/2022,$24.53,$25.09,$23.99,$24.16,$207.2 m,8456664,$5.5 bn
06/04/2022,$23.01,$24.54,$22.23,$24.54,$186.9 m,8072932,$5.2 bn
06/03/2022,$24.61,$24.63,$22.64,$22.99,$227 m,9693483,$5.2 bn
06/02/2022,$23.65,$24.81,$22.77,$24.66,$317.6 m,13342240,$5.3 bn
06/01/2022,$26.48,$26.89,$23.51,$23.77,$347.1 m,13696122,$5.7 bn
05/31/2022,$27.64,$28.99,$25.77,$26.43,$467.1 m,17301743,$6 bn
05/30/2022,$26.16,$28.21,$25.43,$27.67,$503.2 m,18570004,$6.1 bn
05/29/2022,$24.69,$26.87,$23.88,$26.12,$382.1 m,15065778,$5.7 bn
05/28/2022,$22.53,$25.55,$22.24,$24.84,$377.4 m,15990682,$5.3 bn
05/27/2022,$23.60,$23.66,$21.46,$22.42,$511 m,22648989,$5.1 bn
05/26/2022,$27.34,$27.88,$23.21,$23.52,$486.1 m,19181127,$5.7 bn
05/25/2022,$29.04,$29.53,$27.21,$27.21,$295.9 m,10478215,$6.3 bn
05/24/2022,$29.04,$29.57,$27.19,$29.03,$363.4 m,12622147,$6.4 bn
05/23/2022,$31.64,$32.77,$28.86,$29.03,$410.5 m,13091907,$7 bn
05/22/2022,$29.93,$32.37,$29.12,$31.82,$379.8 m,12405762,$6.9 bn
05/21/2022,$28.83,$30.48,$28.40,$29.90,$243.9 m,8295806,$6.6 bn
05/20/2022,$30.36,$31.78,$27.95,$28.92,$470.3 m,15756925,$6.7 bn
05/19/2022,$29.71,$31.71,$27.69,$30.42,$463 m,15665775,$6.6 bn
05/18/2022,$34.42,$35.02,$29.54,$29.54,$348.6 m,10778892,$7.2 bn
05/17/2022,$32.55,$35.68,$32.35,$34.42,$418.1 m,12305957,$7.6 bn
05/16/2022,$36.35,$36.35,$31.83,$32.49,$460.6 m,13784886,$7.5 bn
05/15/2022,$33.94,$36.81,$31.98,$36.55,$413.7 m,12099675,$7.7 bn
05/14/2022,$32.17,$34.14,$29.40,$34.06,$406.2 m,12789532,$7.1 bn
05/13/2022,$30.30,$37.68,$29.68,$32.17,$670.8 m,19729653,$7.6 bn
05/12/2022,$31.43,$33.80,$23.75,$30.42,$1 bn,34985377,$6.6 bn
05/11/2022,$44.66,$46.06,$27.06,$30.88,$1.3 bn,34782974,$8.2 bn
05/10/2022,$41.71,$50.01,$40.28,$44.51,$1.1 bn,23009586,$10.2 bn
05/09/2022,$51.81,$52.95,$41.97,$41.97,$768 m,15863986,$10.8 bn
05/08/2022,$55.20,$55.23,$50.89,$51.44,$520.1 m,9784988,$11.9 bn
05/07/2022,$57.13,$57.44,$53.59,$55.14,$337 m,5970091,$12.6 bn
05/06/2022,$58.97,$59.25,$55.33,$57.01,$547.5 m,9523439,$12.9 bn
05/05/2022,$67.33,$69.12,$56.94,$59.10,$802.9 m,12602635,$14.3 bn
05/04/2022,$59.62,$67.27,$59.41,$67.05,$544.7 m,8781407,$13.9 bn
05/03/2022,$60.42,$62.20,$58.26,$59.65,$368.8 m,6097955,$13.5 bn
05/02/2022,$58.82,$62.20,$56.91,$60.51,$516 m,8677962,$13.3 bn
05/01/2022,$57.79,$60.99,$56.83,$58.79,$430.5 m,7322944,$13.2 bn
04/30/2022,$63.43,$64.62,$57.36,$57.79,$297.1 m,4803040,$13.9 bn
04/29/2022,$67.29,$67.93,$62.55,$63.38,$283.5 m,4312219,$14.7 bn
04/28/2022,$69.85,$70.65,$66.77,$67.34,$305 m,4423479,$15.4 bn
04/27/2022,$68.64,$71.87,$68.64,$69.84,$259.8 m,3720146,$15.6 bn
04/26/2022,$72.86,$73.10,$67.80,$68.60,$309.8 m,4380734,$15.8 bn
04/25/2022,$71.62,$72.90,$67.57,$72.82,$414.2 m,5906261,$15.7 bn
04/24/2022,$72.92,$73.44,$71.28,$71.57,$151.8 m,2089170,$16.3 bn
04/23/2022,$74.03,$74.39,$72.81,$72.93,$183 m,2477842,$16.5 bn
04/22/2022,$75.00,$77.11,$73.56,$74.10,$282.6 m,3755338,$16.9 bn
04/21/2022,$78.20,$79.95,$74.57,$75.09,$295.3 m,3780754,$17.5 bn
04/20/2022,$80.22,$81.11,$77.59,$78.21,$323.6 m,4088996,$17.7 bn
04/19/2022,$77.77,$80.29,$76.90,$80.29,$314.8 m,4021029,$17.5 bn
04/18/2022,$75.49,$77.84,$72.25,$77.80,$374.5 m,4992262,$16.8 bn
04/17/2022,$77.78,$78.65,$75.26,$75.66,$168.8 m,2174329,$17.4 bn
04/16/2022,$77.46,$78.16,$76.58,$77.86,$146.4 m,1894331,$17.3 bn
04/15/2022,$76.78,$78.48,$75.03,$77.38,$276.5 m,3575369,$17.3 bn
04/14/2022,$80.07,$81.73,$76.45,$76.80,$377.8 m,4769435,$17.7 bn
04/13/2022,$76.26,$80.59,$76.00,$80.01,$390.9 m,5001263,$17.5 bn
04/12/2022,$74.58,$79.36,$74.19,$76.13,$482.5 m,6307196,$17.1 bn
04/11/2022,$81.40,$81.47,$73.04,$74.13,$633.7 m,8194045,$17.3 bn
04/10/2022,$84.58,$85.52,$81.92,$81.92,$252.7 m,3009689,$18.8 bn
04/09/2022,$83.79,$85.40,$82.44,$84.61,$323.5 m,3863154,$18.8 bn
04/08/2022,$87.60,$90.16,$82.87,$83.74,$3.7 bn,42804494,$19.6 bn
04/07/2022,$83.04,$88.45,$81.81,$87.87,$3.9 bn,46438002,$19 bn
04/06/2022,$90.99,$90.99,$82.76,$82.89,$3.6 bn,40610454,$19.6 bn
04/05/2022,$96.32,$97.57,$91.05,$91.06,$3.7 bn,38631939,$21.3 bn
04/04/2022,$97.84,$97.84,$91.25,$95.56,$3.8 bn,39536399,$21.4 bn
04/03/2022,$96.22,$99.97,$94.96,$98.02,$3.9 bn,40316143,$21.9 bn
04/02/2022,$96.53,$103.52,$95.98,$95.98,$4.3 bn,42904810,$22.2 bn
04/01/2022,$97.10,$99.65,$90.90,$96.69,$4.1 bn,42789417,$21.4 bn
03/31/2022,$95.43,$101.75,$94.25,$96.84,$4.6 bn,46552111,$21.9 bn
03/30/2022,$92.36,$98.78,$89.94,$95.78,$4.3 bn,45940035,$21 bn
03/29/2022,$89.84,$95.82,$89.84,$92.79,$3.9 bn,41737739,$20.9 bn
03/28/2022,$89.73,$95.88,$88.71,$89.70,$4.1 bn,44744914,$20.6 bn
03/27/2022,$85.94,$89.66,$84.63,$89.66,$3.5 bn,40695590,$19.3 bn
03/26/2022,$83.66,$86.65,$82.56,$85.95,$3.3 bn,38504105,$19 bn
03/25/2022,$87.51,$87.51,$83.05,$83.72,$3.4 bn,39860446,$19.1 bn
03/24/2022,$86.18,$88.04,$83.86,$87.51,$3.1 bn,36596941,$19.2 bn
03/23/2022,$84.04,$86.91,$82.44,$86.18,$1.4 bn,16232992,$19 bn
03/22/2022,$86.24,$89.11,$83.91,$83.94,$1.5 bn,16735841,$19.5 bn
03/21/2022,$84.70,$91.95,$83.46,$86.45,$1.7 bn,19150778,$19.5 bn
03/20/2022,$91.03,$91.03,$84.60,$84.68,$1.3 bn,14680729,$20 bn
03/19/2022,$85.82,$92.03,$85.74,$91.03,$1.6 bn,17822331,$19.8 bn
03/18/2022,$79.46,$86.56,$76.68,$85.75,$1.5 bn,18952653,$18.2 bn
03/17/2022,$74.11,$81.59,$73.25,$79.44,$1.4 bn,17850276,$17.5 bn
03/16/2022,$69.91,$74.30,$68.20,$74.13,$1.1 bn,15972775,$15.9 bn
03/15/2022,$69.04,$71.86,$66.19,$69.86,$1 bn,14917399,$15.3 bn
03/14/2022,$67.57,$70.82,$65.77,$68.81,$1.2 bn,17199790,$15.2 bn
03/13/2022,$70.55,$71.51,$67.09,$67.60,$804.2 m,11427564,$15.8 bn
03/12/2022,$71.22,$73.49,$70.62,$70.64,$794.2 m,11023700,$16.1 bn
03/11/2022,$73.90,$76.72,$71.03,$71.22,$1.3 bn,17192239,$16.5 bn
03/10/2022,$77.46,$78.64,$71.99,$74.02,$1.1 bn,15205905,$16.5 bn
03/09/2022,$73.08,$80.19,$72.45,$77.72,$1.4 bn,17835781,$17.4 bn
03/08/2022,$71.76,$76.24,$71.42,$72.90,$1.2 bn,16624966,$16.3 bn
03/07/2022,$72.57,$76.28,$70.70,$71.84,$1.1 bn,14966506,$16.4 bn
03/06/2022,$76.67,$77.03,$72.61,$72.69,$976.5 m,12965520,$16.9 bn
03/05/2022,$75.64,$78.46,$73.73,$76.87,$1 bn,13602963,$17.1 bn
03/04/2022,$77.30,$81.78,$75.10,$75.62,$1.4 bn,18234996,$17.6 bn
03/03/2022,$83.30,$84.08,$77.42,$79.43,$1.4 bn,17778607,$18.1 bn
03/02/2022,$86.61,$89.38,$82.66,$83.18,$1.6 bn,18527326,$19.1 bn
03/01/2022,$84.63,$89.98,$84.21,$86.70,$1.9 bn,21431472,$19.4 bn
02/28/2022,$75.07,$84.91,$72.61,$84.30,$1.7 bn,22552818,$17.3 bn
02/27/2022,$81.63,$82.22,$73.80,$74.99,$1.4 bn,18283849,$17.6 bn
02/26/2022,$80.76,$84.73,$78.37,$81.64,$1.5 bn,18492952,$18.1 bn
02/25/2022,$76.15,$81.74,$72.87,$80.74,$1.5 bn,20070648,$17.2 bn
02/24/2022,$73.49,$78.87,$64.75,$76.52,$1.6 bn,22157564,$15.9 bn
02/23/2022,$74.49,$82.08,$73.64,$73.64,$810.4 m,10418096,$17.4 bn
02/22/2022,$70.17,$74.66,$67.48,$74.56,$968.9 m,13607785,$15.9 bn
02/21/2022,$77.34,$82.51,$69.75,$69.96,$1.2 bn,15988529,$17.5 bn
02/20/2022,$85.55,$85.81,$76.76,$77.32,$797.9 m,9931683,$18 bn
02/19/2022,$84.16,$86.30,$81.29,$85.48,$770.4 m,9170526,$18.8 bn
02/18/2022,$88.15,$89.89,$82.95,$84.16,$940.1 m,10822410,$19.5 bn
02/17/2022,$95.68,$98.52,$86.88,$88.09,$1.2 bn,12985236,$20.7 bn
02/16/2022,$92.78,$96.88,$91.85,$95.31,$1.2 bn,12509611,$21.1 bn
02/15/2022,$82.08,$93.39,$81.60,$92.70,$981.6 m,11247460,$19.5 bn
02/14/2022,$78.14,$82.42,$76.49,$82.04,$737.2 m,9287777,$17.8 bn
02/13/2022,$81.19,$83.25,$77.79,$78.26,$651.2 m,8021505,$18.2 bn
02/12/2022,$81.71,$84.55,$78.99,$81.15,$855.1 m,10437695,$18.3 bn
02/11/2022,$91.10,$92.28,$80.33,$81.69,$948.7 m,10749293,$19.8 bn
02/10/2022,$89.97,$94.90,$85.47,$91.06,$1.1 bn,12383278,$20.2 bn
02/09/2022,$86.48,$91.84,$84.81,$90.03,$893.5 m,10052618,$19.9 bn
02/08/2022,$83.32,$92.36,$82.13,$86.53,$1.6 bn,18351032,$19.3 bn
02/07/2022,$75.80,$85.00,$75.80,$83.21,$861.3 m,10481729,$18.4 bn
02/06/2022,$77.18,$78.78,$74.64,$75.80,$582.1 m,7558604,$17.2 bn
02/05/2022,$77.52,$80.73,$75.31,$77.15,$757.3 m,9702318,$17.5 bn
02/04/2022,$68.09,$77.43,$67.66,$77.37,$862.2 m,11979887,$16.1 bn
02/03/2022,$67.84,$68.57,$65.32,$67.99,$696.9 m,10357216,$15.1 bn
02/02/2022,$73.63,$74.43,$67.64,$67.85,$796.7 m,11045885,$16.2 bn
02/01/2022,$69.80,$73.65,$68.80,$73.42,$787 m,11144306,$15.8 bn
01/31/2022,$68.06,$70.44,$64.47,$69.91,$720.4 m,10715128,$15.1 bn
01/30/2022,$71.77,$72.17,$67.06,$67.98,$593.9 m,8483633,$15.7 bn
01/29/2022,$67.04,$73.24,$67.02,$72.07,$700.7 m,10050375,$15.6 bn
01/28/2022,$64.57,$67.18,$61.97,$67.11,$683.4 m,10542831,$14.5 bn
01/27/2022,$65.74,$67.75,$61.38,$64.68,$760.4 m,11833572,$14.4 bn
01/26/2022,$67.93,$72.74,$64.65,$65.93,$941.3 m,13757645,$15.3 bn
01/25/2022,$62.87,$70.25,$61.84,$67.92,$848.1 m,13075238,$14.5 bn
01/24/2022,$64.60,$64.60,$55.51,$62.94,$952.6 m,15843041,$13.5 bn
01/23/2022,$59.77,$66.66,$59.33,$64.65,$827.5 m,13205162,$14 bn
01/22/2022,$66.24,$67.36,$54.02,$59.68,$1.1 bn,18393590,$13.7 bn
01/21/2022,$79.37,$80.22,$64.43,$65.90,$955.7 m,12878847,$16.6 bn
01/20/2022,$82.66,$87.56,$79.13,$79.13,$649.2 m,7676663,$18.9 bn
01/19/2022,$86.15,$86.35,$81.45,$82.85,$673.8 m,8013409,$18.8 bn
01/18/2022,$86.74,$87.29,$83.99,$86.04,$664.2 m,7747784,$19.2 bn
01/17/2022,$92.25,$92.37,$85.77,$86.73,$611.9 m,6891761,$19.9 bn
01/16/2022,$93.23,$95.02,$92.00,$92.24,$564.7 m,6055459,$20.9 bn
01/15/2022,$90.56,$94.22,$89.86,$93.32,$580.3 m,6336020,$20.5 bn
01/14/2022,$89.61,$91.58,$87.76,$90.39,$665.5 m,7398620,$20.1 bn
01/13/2022,$95.83,$97.21,$89.41,$89.41,$603 m,6443980,$21 bn
01/12/2022,$89.63,$96.65,$88.96,$95.78,$617.3 m,6645468,$20.8 bn
01/11/2022,$84.49,$90.89,$83.46,$89.45,$498.4 m,5730712,$19.5 bn
01/10/2022,$89.48,$90.99,$81.16,$84.43,$749.2 m,8659607,$19.4 bn
01/09/2022,$84.04,$91.82,$82.91,$89.36,$576.2 m,6657268,$19.4 bn
01/08/2022,$86.73,$89.43,$79.87,$84.20,$649 m,7569925,$19.2 bn
01/07/2022,$95.31,$95.32,$85.71,$86.63,$754.9 m,8436420,$20 bn
01/06/2022,$97.70,$97.88,$91.22,$95.29,$601.7 m,6358711,$21.2 bn
01/05/2022,$103.37,$106.52,$92.21,$98.18,$743.6 m,7172633,$23.2 bn
01/04/2022,$108.20,$109.02,$103.43,$103.43,$625 m,5874945,$23.8 bn
01/03/2022,$113.16,$113.69,$106.44,$108.14,$587.4 m,5293039,$24.9 bn
01/02/2022,$114.16,$117.24,$112.24,$113.23,$543.5 m,4727177,$25.7 bn
01/01/2022,$109.67,$114.08,$108.70,$114.04,$621.8 m,5606379,$24.8 bn
12/31/2021,$101.95,$111.26,$100.68,$109.40,$888.6 m,8420032,$23.6 bn
12/30/2021,$103.58,$105.38,$98.75,$101.90,$691.3 m,6735808,$23 bn
12/29/2021,$107.44,$110.39,$103.01,$103.36,$713.4 m,6661116,$24 bn
12/28/2021,$113.75,$114.61,$104.95,$107.30,$974.5 m,8747627,$24.9 bn
12/27/2021,$115.35,$120.76,$113.75,$113.86,$677.8 m,5805958,$26.1 bn
12/26/2021,$115.01,$117.79,$110.09,$115.32,$713.5 m,6279231,$25.4 bn
12/25/2021,$114.72,$116.77,$112.82,$115.44,$640.6 m,5566919,$25.8 bn
12/24/2021,$121.38,$124.29,$114.12,$114.85,$849 m,7028927,$27.1 bn
12/23/2021,$116.83,$124.72,$116.63,$121.40,$978.5 m,8110163,$27 bn
12/22/2021,$123.52,$127.06,$116.31,$116.44,$1.1 bn,9114929,$27.4 bn
12/21/2021,$113.58,$123.73,$111.52,$123.30,$1.5 bn,12473542,$26.3 bn
12/20/2021,$107.62,$115.56,$101.28,$113.68,$1.5 bn,14385370,$23.9 bn
12/19/2021,$115.73,$116.42,$107.21,$108.06,$844.6 m,7552561,$25 bn
12/18/2021,$111.13,$116.96,$105.89,$115.73,$1.4 bn,11970215,$25.3 bn
12/17/2021,$98.57,$115.35,$98.55,$111.45,$2 bn,19116409,$23.9 bn
12/16/2021,$101.39,$109.29,$98.41,$98.43,$1.5 bn,14524857,$23.4 bn
12/15/2021,$87.13,$104.54,$86.73,$101.14,$1.9 bn,19950549,$20.8 bn
12/14/2021,$80.37,$87.25,$76.74,$87.23,$434.6 m,5393786,$18 bn
12/13/2021,$88.14,$89.87,$76.23,$80.37,$475.8 m,5698387,$18.7 bn
12/12/2021,$86.13,$88.74,$83.11,$88.19,$248.8 m,2905089,$19.2 bn
12/11/2021,$80.80,$86.75,$79.40,$86.39,$357.9 m,4305224,$18.6 bn
12/10/2021,$86.02,$91.55,$80.82,$80.82,$432.3 m,4977129,$19.5 bn
12/09/2021,$93.14,$94.23,$83.52,$85.86,$368.8 m,4124533,$20 bn
12/08/2021,$89.59,$93.08,$86.93,$93.08,$306.5 m,3398258,$20.2 bn
12/07/2021,$93.43,$96.48,$88.15,$89.89,$429.5 m,4603067,$20.9 bn
12/06/2021,$85.98,$94.75,$77.33,$93.19,$774.4 m,9088344,$19.1 bn
12/05/2021,$93.15,$94.70,$82.82,$85.85,$507.5 m,5733284,$19.8 bn
12/04/2021,$108.45,$108.45,$78.90,$92.66,$988.2 m,10556682,$21 bn
12/03/2021,$108.03,$112.90,$101.70,$108.12,$602.9 m,5589285,$24.2 bn
12/02/2021,$119.23,$119.23,$107.43,$107.43,$451.3 m,3910837,$25.8 bn
12/01/2021,$120.18,$127.03,$117.80,$119.40,$590.6 m,4772144,$27.7 bn
11/30/2021,$119.98,$124.51,$114.56,$120.60,$727.8 m,6083825,$26.4 bn
11/29/2021,$110.90,$119.96,$109.52,$119.96,$516 m,4555394,$25 bn
11/28/2021,$113.35,$113.76,$101.68,$110.61,$607.1 m,5630219,$23.8 bn
11/27/2021,$104.25,$117.74,$103.50,$112.99,$531 m,4834205,$24.2 bn
11/26/2021,$119.58,$119.58,$102.42,$104.03,$750.8 m,6772587,$24.4 bn
11/25/2021,$115.28,$129.76,$114.52,$119.28,$879 m,7154322,$27.1 bn
11/24/2021,$123.28,$124.37,$113.30,$115.36,$831 m,7009049,$26.1 bn
11/23/2021,$134.74,$136.18,$122.29,$123.52,$825.2 m,6355365,$28.6 bn
11/22/2021,$128.65,$144.66,$126.94,$134.51,$1.4 bn,10306164,$29.9 bn
11/21/2021,$125.76,$145.55,$123.59,$128.54,$1.5 bn,11493835,$29.4 bn
11/20/2021,$112.33,$129.82,$112.11,$125.63,$1.1 bn,9181351,$26.5 bn
11/19/2021,$101.69,$111.80,$96.30,$111.72,$717.7 m,6803996,$23.2 bn
11/18/2021,$107.17,$109.79,$92.62,$99.68,$855.4 m,8335525,$22.6 bn
11/17/2021,$98.67,$109.88,$92.24,$107.78,$1.2 bn,11887178,$22.2 bn
11/16/2021,$93.65,$101.81,$84.68,$98.83,$875.2 m,9524381,$20.2 bn
11/15/2021,$95.59,$101.45,$92.55,$93.98,$544.3 m,5607941,$21.4 bn
11/14/2021,$97.77,$99.83,$91.93,$95.37,$531.2 m,5566716,$21 bn
11/13/2021,$84.99,$98.17,$84.99,$97.28,$538.7 m,6012724,$19.7 bn
11/12/2021,$87.87,$89.69,$81.49,$84.83,$302.4 m,3543226,$18.8 bn
11/11/2021,$84.92,$89.41,$83.97,$87.85,$290.2 m,3314939,$19.3 bn
11/10/2021,$88.46,$93.87,$80.26,$85.16,$633.5 m,7035279,$19.8 bn
11/09/2021,$90.92,$91.32,$87.20,$88.47,$378.8 m,4249702,$19.6 bn
11/08/2021,$87.14,$96.74,$83.88,$91.09,$1 bn,11009384,$20.2 bn
11/07/2021,$78.26,$88.83,$78.20,$87.84,$675.6 m,7996829,$18.6 bn
11/06/2021,$74.12,$78.41,$72.64,$78.23,$215.4 m,2861705,$16.6 bn
11/05/2021,$79.71,$80.94,$72.83,$74.25,$278.5 m,3636653,$16.9 bn
11/04/2021,$75.29,$80.78,$74.09,$79.35,$578.8 m,7468317,$17.1 bn
11/03/2021,$67.64,$75.36,$67.21,$75.30,$547.8 m,7642775,$15.8 bn
11/02/2021,$64.80,$67.82,$64.41,$67.61,$188.1 m,2852650,$14.5 bn
11/01/2021,$64.34,$66.33,$62.62,$64.87,$260.3 m,4054208,$14.1 bn
10/31/2021,$62.25,$64.34,$60.41,$64.29,$160.9 m,2567626,$13.8 bn
10/30/2021,$64.73,$64.73,$61.14,$62.29,$143.3 m,2273952,$13.9 bn
10/29/2021,$64.34,$66.09,$63.63,$64.77,$158.6 m,2444626,$14.3 bn
10/28/2021,$61.64,$64.75,$61.64,$64.37,$260.3 m,4114808,$13.9 bn
10/27/2021,$68.86,$69.36,$59.35,$61.68,$423.2 m,6573581,$14.2 bn
10/26/2021,$69.75,$72.73,$67.92,$69.04,$432.4 m,6127009,$15.5 bn
10/25/2021,$64.66,$69.67,$64.53,$69.67,$258.3 m,3882549,$14.7 bn
10/24/2021,$65.46,$67.45,$62.10,$64.49,$232.9 m,3575830,$14.3 bn
10/23/2021,$65.55,$69.06,$64.68,$65.44,$326.1 m,4937485,$14.6 bn
10/22/2021,$61.38,$68.59,$61.38,$65.47,$619.3 m,9501071,$14.4 bn
10/21/2021,$59.52,$64.15,$59.11,$61.22,$416.9 m,6814063,$13.5 bn
10/20/2021,$56.83,$61.31,$56.80,$59.55,$278.4 m,4787744,$12.8 bn
10/19/2021,$55.52,$57.81,$55.21,$56.87,$184.5 m,3279728,$12.4 bn
10/18/2021,$56.09,$56.39,$54.30,$55.50,$150 m,2709691,$12.2 bn
10/17/2021,$57.54,$58.36,$54.05,$56.17,$197.4 m,3453956,$12.6 bn
10/16/2021,$56.23,$61.78,$55.78,$57.52,$387.9 m,6678464,$12.8 bn
10/15/2021,$56.17,$57.05,$54.72,$56.24,$285.2 m,5123165,$12.3 bn
10/14/2021,$55.04,$58.33,$55.00,$56.07,$273.6 m,4844756,$12.4 bn
10/13/2021,$54.22,$56.96,$53.40,$55.01,$335.2 m,6083338,$12.1 bn
10/12/2021,$55.21,$55.21,$51.23,$54.24,$370.8 m,6935573,$11.8 bn
10/11/2021,$56.47,$59.06,$54.01,$55.20,$312.8 m,5511802,$12.5 bn
10/10/2021,$60.50,$60.74,$56.29,$56.50,$236.5 m,3982731,$13.1 bn
10/09/2021,$60.22,$61.70,$59.85,$60.52,$188.5 m,3098943,$13.4 bn
10/08/2021,$61.46,$64.78,$60.10,$60.26,$431.4 m,6908746,$13.8 bn
10/07/2021,$60.00,$61.89,$57.50,$61.38,$491.9 m,8226480,$13.2 bn
10/06/2021,$64.56,$65.52,$58.65,$60.08,$514.4 m,8350048,$13.6 bn
10/05/2021,$65.16,$66.45,$62.94,$64.65,$415.1 m,6396736,$14.3 bn
10/04/2021,$68.55,$68.55,$64.45,$64.94,$503.1 m,7577307,$14.6 bn
10/03/2021,$69.11,$71.39,$67.94,$68.59,$521.8 m,7482081,$15.4 bn
10/02/2021,$67.47,$73.15,$65.90,$69.20,$727.7 m,10629945,$15.1 bn
10/01/2021,$66.55,$69.17,$63.60,$67.42,$769 m,11543538,$14.7 bn
09/30/2021,$65.43,$68.54,$64.61,$66.39,$609 m,9237121,$14.5 bn
09/29/2021,$61.52,$68.93,$61.52,$65.36,$771.4 m,11991125,$14.2 bn
09/28/2021,$66.45,$69.22,$61.46,$61.50,$511 m,7767724,$14.5 bn
09/27/2021,$66.57,$72.33,$65.59,$66.56,$681.3 m,9873205,$15.2 bn
09/26/2021,$68.28,$71.11,$62.00,$66.85,$713.3 m,10655451,$14.7 bn
09/25/2021,$72.27,$72.42,$67.68,$68.52,$576.1 m,8221687,$15.4 bn
09/24/2021,$76.86,$78.26,$67.49,$72.51,$1.3 bn,18401846,$16.1 bn
09/23/2021,$74.58,$79.58,$73.06,$76.36,$1.4 bn,19094042,$16.7 bn
09/22/2021,$58.94,$74.42,$58.09,$73.91,$1.6 bn,24870322,$14.4 bn
09/21/2021,$56.88,$66.04,$53.29,$58.59,$1.5 bn,25518608,$13.3 bn
09/20/2021,$70.24,$70.24,$56.17,$56.89,$1.4 bn,22541020,$13.8 bn
09/19/2021,$68.86,$75.89,$66.76,$70.04,$1.1 bn,15830346,$15.7 bn
09/18/2021,$69.97,$75.16,$67.26,$68.50,$1.2 bn,16483824,$15.7 bn
09/17/2021,$68.33,$70.72,$60.84,$70.05,$1.3 bn,20161686,$14.4 bn
09/16/2021,$57.73,$68.10,$57.33,$67.52,$1.7 bn,27610891,$13.7 bn
09/15/2021,$51.42,$58.07,$50.51,$57.36,$667.2 m,12529151,$6.8 bn
09/14/2021,$53.00,$57.17,$49.38,$51.54,$715.8 m,13470024,$6.8 bn
09/13/2021,$59.41,$60.60,$49.75,$53.03,$1.5 bn,28356260,$6.9 bn
09/12/2021,$57.41,$64.67,$54.08,$59.40,$1.6 bn,26999673,$7.7 bn
09/11/2021,$49.67,$58.80,$48.47,$57.25,$1.6 bn,30127529,$6.6 bn
09/10/2021,$40.78,$49.47,$40.61,$48.89,$1.5 bn,32617815,$5.8 bn
09/09/2021,$37.00,$44.39,$36.45,$40.73,$754.7 m,18270395,$5.3 bn
09/08/2021,$37.87,$39.30,$33.42,$36.86,$485.5 m,13235465,$4.7 bn
09/07/2021,$47.06,$47.13,$33.51,$37.56,$865.6 m,20635943,$5.4 bn
09/06/2021,$48.08,$51.21,$45.34,$47.08,$660.7 m,13849619,$6.1 bn
09/05/2021,$47.13,$49.32,$45.62,$48.20,$490.1 m,10405445,$6 bn
09/04/2021,$45.68,$49.71,$44.22,$47.09,$498.2 m,10637591,$6 bn
09/03/2021,$47.15,$51.01,$44.92,$45.89,$736.2 m,15417205,$6.1 bn
09/02/2021,$43.47,$47.64,$41.82,$47.64,$540.7 m,12373171,$5.6 bn
09/01/2021,$39.32,$45.32,$38.75,$41.99,$561 m,13116666,$5.5 bn
08/31/2021,$41.32,$44.10,$38.58,$39.63,$464 m,11118862,$5.3 bn
08/30/2021,$47.42,$48.09,$41.21,$41.23,$463.8 m,10352990,$5.7 bn
08/29/2021,$50.41,$52.29,$46.80,$47.48,$408.2 m,8377255,$6.2 bn
08/28/2021,$50.05,$50.41,$46.23,$50.16,$628.4 m,13099052,$6.1 bn
08/27/2021,$41.49,$50.27,$40.57,$49.90,$944.6 m,20608077,$5.9 bn
08/26/2021,$46.40,$48.23,$41.71,$41.92,$646.7 m,14601422,$5.7 bn
08/25/2021,$56.65,$56.94,$45.95,$46.02,$868.6 m,17126930,$6.5 bn
08/24/2021,$46.43,$58.67,$44.42,$55.53,$1.3 bn,25721625,$6.4 bn
08/23/2021,$43.85,$52.90,$43.85,$46.45,$881.4 m,18324357,$6.1 bn
08/22/2021,$43.54,$44.86,$40.83,$43.60,$635 m,14835770,$5.5 bn
08/21/2021,$38.84,$49.90,$37.84,$44.03,$1 bn,23254507,$5.8 bn
08/20/2021,$30.56,$38.84,$30.10,$38.84,$578.4 m,16434505,$4.5 bn
08/19/2021,$30.96,$33.50,$28.89,$30.62,$610.9 m,19808382,$3.9 bn
08/18/2021,$23.92,$30.54,$22.13,$29.84,$661.1 m,27468262,$3.1 bn
08/17/2021,$19.11,$25.23,$18.63,$23.40,$391 m,17820905,$2.8 bn
08/16/2021,$18.83,$20.95,$18.53,$19.17,$123.7 m,6306457,$2.5 bn
08/15/2021,$18.09,$18.77,$17.18,$18.76,$42.6 m,2397730,$2.3 bn
08/14/2021,$18.01,$18.35,$17.25,$18.01,$43.8 m,2443394,$2.3 bn
08/13/2021,$16.60,$18.22,$16.46,$18.09,$48.3 m,2751008,$2.2 bn
08/12/2021,$16.68,$17.50,$15.51,$16.54,$49.1 m,2985474,$2.1 bn
08/11/2021,$16.46,$17.53,$16.43,$16.76,$54.3 m,3180068,$2.2 bn
08/10/2021,$16.15,$16.83,$15.87,$16.45,$58.7 m,3581924,$2.1 bn
08/09/2021,$14.86,$16.69,$14.49,$16.22,$67.2 m,4326246,$2 bn
08/08/2021,$15.76,$16.05,$14.61,$14.82,$32.5 m,2116724,$2 bn
08/07/2021,$14.73,$15.88,$14.67,$15.84,$62.1 m,4079832,$1.9 bn
08/06/2021,$13.85,$14.94,$13.42,$14.76,$52.5 m,3750406,$1.8 bn
08/05/2021,$13.69,$13.90,$12.93,$13.84,$34.3 m,2536162,$1.7 bn
08/04/2021,$12.61,$13.73,$12.45,$13.68,$29.9 m,2312544,$1.7 bn
08/03/2021,$12.99,$13.48,$12.35,$12.57,$24.7 m,1941472,$1.6 bn
08/02/2021,$12.91,$13.34,$12.65,$13.01,$21.1 m,1616740,$1.7 bn
08/01/2021,$13.50,$14.02,$12.74,$12.90,$39.1 m,2880102,$1.7 bn
07/31/2021,$12.93,$13.57,$12.63,$13.57,$27.9 m,2160534,$1.7 bn
07/30/2021,$12.43,$12.95,$11.98,$12.95,$31.3 m,2524778,$1.6 bn
07/29/2021,$12.30,$12.62,$12.02,$12.41,$30.6 m,2487880,$1.6 bn
07/28/2021,$11.91,$12.40,$11.72,$12.31,$31 m,2554920,$1.5 bn
07/27/2021,$11.49,$12.19,$11.21,$11.87,$21.6 m,1857734,$1.5 bn
07/26/2021,$11.25,$12.64,$11.24,$11.51,$40 m,3309980,$1.5 bn
07/25/2021,$11.14,$11.33,$10.78,$11.22,$12.9 m,1164458,$1.4 bn
07/24/2021,$11.07,$11.44,$10.98,$11.17,$16.1 m,1442500,$1.4 bn
07/23/2021,$10.85,$11.13,$10.55,$11.07,$13 m,1203495,$1.4 bn
07/22/2021,$10.40,$10.95,$10.25,$10.83,$16.1 m,1514956,$1.4 bn
07/21/2021,$9.65,$10.72,$9.50,$10.41,$17.2 m,1685014,$1.3 bn
07/20/2021,$10.20,$10.34,$9.38,$9.64,$13.3 m,1379228,$1.2 bn
07/19/2021,$10.68,$10.73,$10.07,$10.21,$11.2 m,1073588,$1.3 bn
07/18/2021,$10.96,$11.29,$10.71,$10.72,$11.9 m,1081525,$1.4 bn
07/17/2021,$10.83,$11.13,$10.75,$10.96,$11.8 m,1078002,$1.4 bn
07/16/2021,$11.40,$11.77,$10.87,$10.88,$17.1 m,1506776,$1.4 bn
07/15/2021,$11.81,$12.06,$11.18,$11.32,$15.5 m,1346016,$1.5 bn
07/14/2021,$11.92,$12.10,$11.18,$11.81,$20.3 m,1738160,$1.5 bn
07/13/2021,$12.15,$12.39,$11.79,$11.89,$19.5 m,1603784,$1.6 bn
07/12/2021,$12.40,$12.82,$11.75,$12.20,$23.9 m,1936927,$1.6 bn
07/11/2021,$12.05,$12.47,$11.93,$12.38,$12.8 m,1051285,$1.6 bn
07/10/2021,$12.55,$12.80,$11.89,$12.04,$16.1 m,1309957,$1.6 bn
07/09/2021,$12.11,$12.83,$11.66,$12.59,$31 m,2526660,$1.6 bn
07/08/2021,$13.09,$13.10,$11.88,$12.11,$32.1 m,2607830,$1.6 bn
07/07/2021,$13.34,$14.15,$13.07,$13.07,$47.3 m,3478593,$1.7 bn
07/06/2021,$12.05,$14.03,$12.05,$13.35,$58.3 m,4371420,$1.7 bn
07/05/2021,$12.23,$12.41,$11.60,$12.06,$29.6 m,2448488,$1.5 bn
07/04/2021,$11.48,$12.81,$11.22,$12.32,$29.2 m,2443752,$1.5 bn
07/03/2021,$11.13,$11.65,$10.89,$11.50,$14.6 m,1284368,$1.4 bn
07/02/2021,$11.17,$11.33,$10.59,$11.12,$18.5 m,1704174,$1.4 bn
07/01/2021,$11.93,$12.03,$11.01,$11.24,$14.1 m,1242948,$1.5 bn
06/30/2021,$11.89,$12.07,$11.06,$11.92,$25.2 m,2172841,$1.5 bn
06/29/2021,$11.28,$12.28,$11.10,$11.87,$29.4 m,2504367,$1.5 bn
06/28/2021,$10.97,$11.44,$10.74,$11.32,$20.9 m,1887625,$1.4 bn
06/27/2021,$10.27,$10.96,$10.11,$10.92,$14.9 m,1430043,$1.3 bn
06/26/2021,$10.24,$10.60,$9.83,$10.22,$19.8 m,1938947,$1.3 bn
06/25/2021,$11.51,$11.73,$10.23,$10.32,$25.1 m,2298610,$1.4 bn
06/24/2021,$11.49,$11.74,$10.85,$11.46,$25.9 m,2283002,$1.4 bn
06/23/2021,$10.58,$11.74,$10.19,$11.44,$38.9 m,3450419,$1.4 bn
06/22/2021,$11.16,$11.74,$9.44,$10.52,$57.1 m,5280603,$1.4 bn
06/21/2021,$14.00,$14.04,$11.16,$11.19,$42.9 m,3436588,$1.6 bn
06/20/2021,$13.39,$14.09,$12.84,$13.95,$27.8 m,2063623,$1.7 bn
06/19/2021,$13.60,$14.01,$13.26,$13.44,$17.9 m,1309006,$1.8 bn
06/18/2021,$14.84,$15.24,$13.14,$13.60,$39.8 m,2785309,$1.8 bn
06/17/2021,$14.10,$15.45,$14.08,$14.82,$56.6 m,3831351,$1.9 bn
06/16/2021,$14.68,$14.91,$13.97,$14.05,$41.4 m,2868793,$1.8 bn
06/15/2021,$15.14,$15.50,$14.63,$14.77,$44.3 m,2941945,$1.9 bn
06/14/2021,$14.84,$15.36,$14.40,$15.10,$51.5 m,3477403,$1.9 bn
06/13/2021,$13.55,$14.95,$13.31,$14.74,$51.8 m,3712592,$1.8 bn
06/12/2021,$13.34,$13.83,$12.72,$13.58,$43.3 m,3255639,$1.7 bn
06/11/2021,$14.04,$14.58,$13.19,$13.40,$45.7 m,3284701,$1.8 bn
06/10/2021,$15.36,$15.50,$13.79,$14.14,$63 m,4351418,$1.9 bn
06/09/2021,$14.85,$15.70,$13.69,$15.32,$65.3 m,4417891,$1.9 bn
06/08/2021,$15.62,$16.02,$13.76,$14.84,$63.2 m,4238651,$1.9 bn
06/07/2021,$17.35,$18.01,$15.41,$15.44,$70.1 m,4096636,$2.2 bn
06/06/2021,$17.24,$17.97,$17.14,$17.40,$22.3 m,1265602,$2.3 bn
06/05/2021,$18.17,$19.10,$16.94,$17.19,$45.5 m,2506985,$2.3 bn
06/04/2021,$20.40,$20.47,$17.53,$18.29,$55.8 m,3022080,$2.4 bn
06/03/2021,$18.65,$20.62,$18.27,$20.29,$63 m,3187173,$2.5 bn
06/02/2021,$17.81,$19.33,$17.20,$18.71,$54.2 m,2957898,$2.3 bn
06/01/2021,$18.21,$18.47,$17.18,$17.81,$37.2 m,2097181,$2.3 bn
05/31/2021,$16.45,$18.11,$15.79,$18.07,$40.3 m,2353516,$2.2 bn
05/30/2021,$16.07,$17.42,$15.20,$16.52,$31.4 m,1883079,$2.1 bn
05/29/2021,$16.84,$17.55,$15.25,$16.15,$35.2 m,2146240,$2.1 bn
05/28/2021,$18.94,$19.45,$16.10,$16.74,$62.7 m,3556516,$2.3 bn
05/27/2021,$20.80,$20.97,$18.88,$19.08,$57.8 m,2925167,$2.5 bn
05/26/2021,$19.50,$21.36,$19.07,$20.87,$100 m,4938236,$2.6 bn
05/25/2021,$19.29,$20.03,$17.11,$19.42,$94 m,5016641,$2.4 bn
05/24/2021,$15.79,$20.41,$15.20,$19.28,$136.3 m,7723141,$2.3 bn
05/23/2021,$18.64,$19.60,$12.29,$15.81,$138.4 m,8525410,$2.1 bn
05/22/2021,$21.94,$22.10,$18.38,$18.82,$81.6 m,4095161,$2.5 bn
05/21/2021,$25.30,$26.58,$18.63,$21.70,$137.9 m,5840408,$3 bn
05/20/2021,$23.63,$28.07,$21.13,$25.02,$196 m,7764735,$3.2 bn
05/19/2021,$36.65,$38.26,$18.88,$23.60,$309.2 m,10460859,$3.8 bn
05/18/2021,$33.55,$37.47,$33.42,$36.89,$210.3 m,5844905,$4.6 bn
05/17/2021,$36.47,$37.54,$32.16,$33.55,$248.9 m,7185484,$4.4 bn
05/16/2021,$34.55,$39.26,$32.93,$36.55,$289.1 m,7972120,$4.6 bn
05/15/2021,$37.16,$39.70,$34.36,$34.52,$271.5 m,7359052,$4.7 bn
05/14/2021,$34.87,$37.90,$33.43,$37.07,$155.1 m,4350031,$4.6 bn
05/13/2021,$32.18,$36.98,$31.29,$34.99,$254.8 m,7372024,$4.4 bn
05/12/2021,$36.82,$41.31,$33.35,$33.35,$276.4 m,7210218,$4.9 bn
05/11/2021,$34.68,$37.08,$32.72,$36.94,$161.6 m,4620642,$4.5 bn
05/10/2021,$38.96,$41.68,$30.50,$34.80,$244.3 m,6414999,$4.9 bn
05/09/2021,$38.47,$39.13,$35.66,$39.13,$154.5 m,4126953,$4.8 bn
05/08/2021,$37.76,$39.71,$37.29,$38.42,$161 m,4191910,$4.9 bn
05/07/2021,$37.76,$43.59,$36.05,$38.00,$417.7 m,10512854,$5.1 bn
05/06/2021,$35.43,$39.06,$34.82,$38.06,$363.8 m,9847720,$4.7 bn
05/05/2021,$30.23,$35.48,$30.23,$35.22,$181.7 m,5520600,$4.2 bn
05/04/2021,$35.97,$35.97,$30.26,$30.44,$214.3 m,6499931,$4.2 bn
05/03/2021,$31.26,$36.96,$31.25,$35.96,$306.1 m,9127422,$4.3 bn
05/02/2021,$31.87,$32.59,$30.59,$31.27,$109.6 m,3452878,$4.1 bn
05/01/2021,$32.74,$35.54,$31.74,$31.74,$188.6 m,5647218,$4.3 bn
04/30/2021,$27.95,$32.91,$27.65,$32.91,$185.2 m,6071252,$3.9 bn
04/29/2021,$28.25,$29.68,$26.70,$27.92,$100.9 m,3626497,$3.6 bn
04/28/2021,$27.97,$28.85,$25.89,$28.31,$113.3 m,4111463,$3.5 bn
04/27/2021,$26.45,$27.80,$25.84,$27.80,$100 m,3679628,$3.5 bn
04/26/2021,$21.50,$26.41,$21.50,$26.41,$128.9 m,5175678,$3.2 bn
04/25/2021,$21.73,$23.59,$20.46,$21.49,$60.2 m,2711951,$2.8 bn
04/24/2021,$23.39,$23.84,$21.53,$21.77,$78.9 m,3481768,$2.9 bn
04/23/2021,$24.01,$24.63,$20.41,$23.43,$189.3 m,8401325,$2.9 bn
04/22/2021,$25.92,$27.71,$23.08,$24.12,$132.4 m,5076141,$3.3 bn
04/21/2021,$27.51,$28.39,$25.90,$25.90,$116.2 m,4265313,$3.5 bn
04/20/2021,$26.02,$28.22,$24.05,$27.32,$158.3 m,6026688,$3.4 bn
04/19/2021,$29.28,$30.42,$25.67,$26.19,$132.3 m,4696980,$3.6 bn
04/18/2021,$34.07,$34.25,$23.61,$29.16,$284.8 m,9841668,$3.7 bn
04/17/2021,$35.60,$36.73,$33.82,$34.11,$135 m,3813171,$4.5 bn
04/16/2021,$36.97,$37.42,$33.47,$35.51,$212.9 m,5985842,$4.5 bn
04/15/2021,$38.45,$40.53,$36.32,$37.11,$278.3 m,7331719,$4.8 bn
04/14/2021,$33.73,$39.25,$32.92,$38.30,$503.8 m,14010028,$4.6 bn
04/13/2021,$33.93,$34.79,$31.82,$33.70,$185.6 m,5571869,$4.3 bn
04/12/2021,$31.65,$35.41,$31.36,$33.80,$240.4 m,7368437,$4.2 bn
04/11/2021,$31.79,$32.19,$31.07,$31.50,$98.2 m,3105380,$4 bn
04/10/2021,$31.47,$33.82,$30.94,$31.90,$183.4 m,5621598,$4.2 bn
04/09/2021,$30.83,$32.29,$30.39,$31.47,$134 m,4311461,$4 bn
04/08/2021,$29.49,$31.52,$29.35,$30.72,$86.5 m,2820647,$3.9 bn
04/07/2021,$31.52,$32.50,$28.71,$29.58,$158.6 m,5212028,$3.9 bn
04/06/2021,$31.40,$34.46,$30.39,$31.60,$219.3 m,6734862,$4.2 bn
04/05/2021,$29.24,$32.77,$28.65,$31.25,$213.6 m,6882091,$4 bn
04/04/2021,$27.84,$29.86,$27.84,$29.22,$85.4 m,2925487,$3.7 bn
04/03/2021,$29.15,$32.71,$28.08,$28.12,$200.6 m,6562085,$3.9 bn
04/02/2021,$28.35,$29.45,$28.01,$29.03,$76.6 m,2659693,$3.7 bn
04/01/2021,$28.81,$29.20,$27.91,$28.37,$77.6 m,2719134,$3.6 bn
03/31/2021,$29.66,$29.82,$27.06,$28.70,$105.7 m,3712637,$3.6 bn
03/30/2021,$29.51,$30.75,$28.99,$29.62,$105.2 m,3540818,$3.8 bn
03/29/2021,$28.81,$30.28,$28.28,$29.48,$103.2 m,3501994,$3.8 bn
03/28/2021,$27.69,$29.42,$27.26,$28.68,$105.3 m,3696117,$3.6 bn
03/27/2021,$28.34,$28.62,$26.87,$27.66,$83 m,2974295,$3.6 bn
03/26/2021,$26.07,$28.82,$26.07,$28.21,$111.3 m,4003828,$3.6 bn
03/25/2021,$25.73,$27.44,$24.78,$25.93,$121.2 m,4644761,$3.3 bn
03/24/2021,$28.48,$30.27,$25.11,$25.97,$135.3 m,4717465,$3.7 bn
03/23/2021,$29.19,$30.81,$28.32,$28.65,$117 m,3950602,$3.8 bn
03/22/2021,$32.74,$33.51,$28.97,$29.35,$145.2 m,4551499,$0
03/21/2021,$34.09,$35.36,$32.12,$32.86,$162.4 m,4845388,$0
03/20/2021,$37.31,$39.13,$34.29,$34.29,$158.5 m,4311905,$0
03/19/2021,$33.07,$38.25,$31.70,$37.70,$302.5 m,8469391,$0
03/18/2021,$32.92,$35.51,$32.02,$33.16,$210.5 m,6321390,$0
03/17/2021,$32.77,$33.12,$31.04,$32.65,$210.6 m,6574028,$0
03/16/2021,$28.92,$32.76,$27.76,$32.76,$200.8 m,6763417,$0
03/15/2021,$29.03,$30.16,$27.44,$29.06,$165.2 m,5686058,$0
03/14/2021,$30.90,$31.69,$29.11,$29.11,$147.1 m,4825598,$0
03/13/2021,$27.82,$33.00,$27.14,$30.97,$246 m,8399038,$0
03/12/2021,$30.98,$31.10,$27.45,$28.01,$194.3 m,6584727,$0
03/11/2021,$29.55,$32.68,$28.76,$30.82,$280.5 m,9112402,$0
03/10/2021,$34.57,$35.55,$28.98,$29.66,$424.8 m,13346306,$0
03/09/2021,$25.72,$34.40,$24.35,$34.33,$619.3 m,22187368,$0
03/08/2021,$26.56,$26.90,$25.25,$25.62,$99.2 m,3819768,$0
03/07/2021,$24.98,$27.82,$24.96,$26.52,$133 m,5013209,$0
03/06/2021,$24.33,$25.47,$23.91,$24.93,$59.1 m,2403077,$0
03/05/2021,$25.46,$25.57,$23.65,$24.36,$82.5 m,3355169,$0
03/04/2021,$26.99,$28.73,$24.32,$25.63,$130.2 m,4882852,$0
03/03/2021,$27.11,$29.17,$26.66,$27.29,$135.2 m,4839863,$0
03/02/2021,$27.42,$31.67,$25.97,$27.17,$257.9 m,9335068,$0
03/01/2021,$23.98,$27.73,$23.76,$27.39,$111.8 m,4341865,$0
02/28/2021,$25.57,$26.00,$22.29,$23.77,$74.9 m,3146406,$0
02/27/2021,$26.19,$27.47,$25.29,$25.93,$70.9 m,2672495,$0
02/26/2021,$26.66,$28.08,$25.25,$25.90,$76.5 m,2855005,$0
02/25/2021,$29.86,$32.09,$27.17,$27.20,$109.8 m,3696710,$0
02/24/2021,$27.54,$31.94,$25.62,$30.05,$166.5 m,5729512,$0
02/23/2021,$32.06,$32.17,$23.80,$27.82,$155.9 m,5636564,$0
02/22/2021,$36.21,$36.21,$28.01,$32.42,$146.5 m,4403804,$0
02/21/2021,$35.77,$37.97,$35.33,$36.23,$88.7 m,2413736,$0
02/20/2021,$38.91,$42.54,$33.17,$36.31,$202.8 m,5129427,$0
02/19/2021,$41.22,$41.24,$38.07,$38.79,$131.8 m,3350291,$0
02/18/2021,$37.01,$44.20,$36.39,$41.06,$200.2 m,4900204,$0
02/17/2021,$36.95,$41.30,$34.40,$37.27,$178 m,4822492,$0
02/16/2021,$38.10,$39.51,$35.42,$36.58,$147.2 m,3917141,$0
02/15/2021,$39.47,$44.29,$34.29,$38.27,$227.5 m,5803796,$0
02/14/2021,$44.11,$45.32,$38.81,$39.29,$175.3 m,4143612,$0
02/13/2021,$49.03,$51.72,$43.79,$44.41,$131.3 m,2750052,$0
02/12/2021,$47.22,$54.14,$43.60,$48.78,$265.5 m,5474168,$0
02/11/2021,$55.00,$56.12,$42.23,$47.32,$333.8 m,6750675,$0
02/10/2021,$31.49,$60.05,$31.49,$55.30,$986.2 m,21098547,$0
02/09/2021,$29.94,$32.80,$27.60,$31.41,$164.9 m,5510848,$0
02/08/2021,$23.75,$33.34,$23.75,$30.48,$330.1 m,11433130,$0
02/07/2021,$18.01,$24.28,$18.01,$24.28,$211.2 m,10187601,$0
02/06/2021,$17.91,$18.47,$16.01,$17.96,$63.5 m,3668916,$0
02/05/2021,$15.29,$17.99,$15.22,$17.85,$68.1 m,4112858,$0
02/04/2021,$14.87,$15.82,$14.00,$15.36,$59.9 m,3994615,$0
02/03/2021,$13.49,$14.89,$13.21,$14.82,$37 m,2657351,$0
02/02/2021,$13.29,$13.62,$12.79,$13.50,$19 m,1448367,$0
02/01/2021,$13.23,$13.41,$12.63,$13.18,$41.7 m,3224048,$0
01/31/2021,$11.98,$15.11,$11.85,$13.54,$117.5 m,9081683,$0
01/30/2021,$11.64,$12.53,$11.30,$11.99,$26.4 m,2232664,$0
01/29/2021,$11.96,$12.57,$11.41,$11.63,$38.8 m,3277083,$0
01/28/2021,$11.17,$12.66,$10.91,$12.01,$25.7 m,2176136,$0
01/27/2021,$12.18,$12.18,$10.81,$11.17,$16.6 m,1441276,$0
01/26/2021,$12.17,$12.66,$11.47,$12.16,$22.1 m,1831094,$0
01/25/2021,$12.50,$12.93,$12.12,$12.23,$16.1 m,1279181,$0
01/24/2021,$12.85,$13.16,$12.27,$12.45,$21.2 m,1667784,$0
01/23/2021,$12.68,$13.44,$12.56,$12.84,$32.2 m,2483228,$0
01/22/2021,$11.31,$13.34,$10.74,$12.71,$54.9 m,4509472,$0
01/21/2021,$12.39,$12.96,$11.20,$11.33,$37.3 m,3080060,$0
01/20/2021,$11.78,$12.98,$11.27,$12.57,$37.5 m,3111714,$0
01/19/2021,$12.71,$13.21,$11.68,$11.83,$45.3 m,3601245,$0
01/18/2021,$13.20,$13.77,$12.67,$12.72,$36.4 m,2771202,$0
01/17/2021,$12.81,$14.36,$12.45,$13.17,$95.2 m,7170061,$0
01/16/2021,$9.41,$13.40,$9.18,$12.87,$98.9 m,8869718,$0
01/15/2021,$9.24,$9.87,$8.71,$9.36,$35.3 m,3786727,$0
01/14/2021,$8.48,$9.48,$8.23,$9.26,$43.9 m,4988343,$0
01/13/2021,$7.68,$8.47,$7.20,$8.44,$27.9 m,3616937,$0
01/12/2021,$6.47,$8.20,$6.45,$7.76,$43.7 m,5755025,$0
01/11/2021,$6.58,$6.97,$5.83,$6.49,$21.3 m,3419555,$0
01/10/2021,$7.22,$7.50,$6.22,$6.60,$19.7 m,2857291,$0
01/09/2021,$5.80,$7.46,$5.67,$7.26,$51.9 m,7763182,$0
01/08/2021,$4.47,$5.79,$4.09,$5.79,$27.6 m,5608762,$0
01/07/2021,$4.60,$4.80,$4.24,$4.48,$11.8 m,2578535,$0
01/06/2021,$4.25,$4.95,$4.14,$4.61,$20.7 m,4516428,$0
01/05/2021,$3.61,$4.34,$3.49,$4.28,$16.2 m,4090576,$0
01/04/2021,$3.47,$3.82,$3.28,$3.59,$7.9 m,2249382,$0
01/03/2021,$3.49,$3.81,$3.40,$3.47,$6.9 m,1933001,$0
01/02/2021,$3.66,$3.94,$3.31,$3.49,$11.4 m,3189675,$0
01/01/2021,$3.17,$3.83,$3.04,$3.66,$22.8 m,6721267,$0
12/31/2020,$2.92,$3.18,$2.80,$3.15,$4.2 m,1457380,$0
12/30/2020,$2.92,$2.94,$2.85,$2.92,$3 m,1035780,$0
12/29/2020,$2.96,$3.01,$2.84,$2.92,$5.2 m,1774204,$0
12/28/2020,$2.90,$3.04,$2.87,$2.96,$4.6 m,1549210,$0
12/27/2020,$2.92,$3.06,$2.86,$2.91,$3.1 m,1042183,$0
12/26/2020,$2.95,$2.98,$2.86,$2.92,$2.4 m,831517,$0
12/25/2020,$3.11,$3.12,$2.85,$2.95,$3.7 m,1245898,$0
12/24/2020,$2.95,$3.11,$2.79,$3.10,$407.2 K,137599,$0
12/23/2020,$3.09,$3.56,$2.77,$2.94,$616.8 K,199126,$0
12/22/2020,$3.10,$3.13,$2.93,$3.09,$344.7 K,112334,$0
12/21/2020,$3.29,$3.35,$3.04,$3.11,$536.1 K,168588,$0
12/20/2020,$3.46,$3.49,$3.29,$3.31,$375 K,110406,$0
12/19/2020,$3.41,$3.60,$3.38,$3.46,$485.8 K,139772,$0
12/18/2020,$3.20,$3.47,$3.15,$3.40,$569.5 K,169783,$0
12/17/2020,$3.34,$3.36,$3.18,$3.20,$621.7 K,188810,$0
12/16/2020,$3.30,$3.37,$3.15,$3.34,$568.8 K,175561,$0
12/15/2020,$3.15,$3.38,$3.06,$3.30,$593.6 K,187489,$0
12/14/2020,$3.33,$3.34,$3.14,$3.14,$578.4 K,177878,$0
12/13/2020,$3.33,$3.41,$3.30,$3.33,$483.1 K,144324,$0
12/12/2020,$3.26,$3.45,$3.25,$3.33,$510.2 K,151356,$0
12/11/2020,$3.15,$3.30,$3.02,$3.24,$610.8 K,194669,$0
12/10/2020,$3.27,$3.35,$3.08,$3.15,$879.7 K,274765,$0
12/09/2020,$3.12,$3.39,$2.80,$3.26,$2 m,637432,$0
12/08/2020,$3.39,$3.39,$3.11,$3.12,$1.2 m,383522,$0
12/07/2020,$3.60,$3.61,$3.33,$3.39,$511.6 K,146388,$0
12/06/2020,$3.64,$3.67,$3.51,$3.60,$352.7 K,98422,$0
12/05/2020,$3.54,$3.71,$3.51,$3.63,$350.5 K,96106,$0
12/04/2020,$3.81,$3.86,$3.52,$3.54,$558.9 K,151375,$0
12/03/2020,$3.74,$3.88,$3.72,$3.81,$450.8 K,118883,$0
12/02/2020,$3.53,$3.84,$3.52,$3.74,$485.6 K,130468,$0
12/01/2020,$3.69,$3.81,$3.46,$3.57,$608.6 K,167143,$0
11/30/2020,$3.70,$3.82,$3.65,$3.69,$437.3 K,117446,$0
11/29/2020,$3.63,$3.76,$3.54,$3.70,$292.6 K,80277,$0
11/28/2020,$3.60,$3.69,$3.47,$3.62,$313.4 K,87312,$0
11/27/2020,$3.52,$3.75,$3.43,$3.58,$439.6 K,122920,$0
11/26/2020,$3.98,$4.08,$3.32,$3.52,$12,3.46,$0
11/25/2020,$4.26,$4.39,$3.93,$4.05,$900.1 K,212360,$0
11/24/2020,$4.07,$4.32,$3.89,$4.26,$1.1 m,273330,$0
11/23/2020,$3.91,$4.25,$3.86,$4.07,$1 m,249506,$0
11/22/2020,$4.02,$4.05,$3.72,$3.89,$890.4 K,229550,$0
11/21/2020,$3.72,$4.09,$3.69,$4.01,$885 K,227463,$0
11/20/2020,$3.63,$4.00,$3.63,$3.71,$921.5 K,245299,$0
11/19/2020,$3.76,$3.81,$3.56,$3.63,$599.7 K,162542,$0
11/18/2020,$3.84,$3.87,$3.60,$3.76,$693.4 K,185618,$0
11/17/2020,$3.70,$3.92,$3.69,$3.83,$683.2 K,179861,$0
11/16/2020,$3.54,$3.82,$3.46,$3.71,$777.1 K,212430,$0
11/15/2020,$3.49,$3.63,$3.43,$3.55,$532.8 K,151025,$0
11/14/2020,$3.68,$3.69,$3.40,$3.49,$620.3 K,176716,$0
11/13/2020,$3.43,$3.69,$3.39,$3.69,$807.7 K,229996,$0
11/12/2020,$3.49,$3.57,$3.32,$3.42,$496.2 K,143930,$0
11/11/2020,$3.57,$3.79,$3.46,$3.49,$565 K,156350,$0
11/10/2020,$3.41,$3.63,$3.37,$3.57,$656.9 K,187042,$0
11/09/2020,$3.47,$3.53,$3.27,$3.41,$636.8 K,186052,$0
11/08/2020,$3.40,$3.65,$3.37,$3.46,$672.3 K,192483,$0
11/07/2020,$3.59,$3.90,$3.38,$3.41,$996.5 K,272697,$0
11/06/2020,$3.34,$3.64,$3.32,$3.58,$1.2 m,334711,$0
11/05/2020,$3.17,$3.38,$3.02,$3.35,$779.1 K,243145,$0
11/04/2020,$3.33,$3.37,$3.01,$3.17,$619.1 K,193502,$0
11/03/2020,$3.62,$3.65,$3.26,$3.33,$527.6 K,155042,$0
11/02/2020,$3.68,$3.86,$3.62,$3.62,$464.3 K,125428,$0
11/01/2020,$3.64,$3.71,$3.56,$3.68,$374.5 K,102706,$0
10/31/2020,$3.72,$3.75,$3.60,$3.64,$431.9 K,117926,$0
10/30/2020,$3.78,$3.82,$3.58,$3.72,$698.6 K,188225,$0
10/29/2020,$4.06,$4.10,$3.74,$3.78,$487.7 K,124438,$0
10/28/2020,$4.13,$4.17,$3.94,$4.06,$561.7 K,138876,$0
10/27/2020,$4.15,$4.34,$4.04,$4.13,$473.2 K,113315,$0
10/26/2020,$4.14,$4.46,$4.05,$4.15,$707.7 K,166311,$0
10/25/2020,$4.18,$4.24,$4.10,$4.14,$490.9 K,117460,$0
10/24/2020,$4.25,$4.35,$4.16,$4.18,$885.1 K,206725,$0
10/23/2020,$4.32,$4.49,$4.12,$4.25,$615.6 K,142965,$0
10/22/2020,$3.95,$4.48,$3.95,$4.32,$1 m,244506,$0
10/21/2020,$3.79,$4.10,$3.79,$3.97,$769.8 K,194978,$0
10/20/2020,$4.06,$4.08,$3.71,$3.80,$912.9 K,231957,$0
10/19/2020,$4.14,$4.16,$4.00,$4.05,$549.8 K,135268,$0
10/18/2020,$4.19,$4.25,$4.08,$4.12,$381.6 K,91615,$0
10/17/2020,$4.04,$4.20,$3.98,$4.19,$668 K,163017,$0
10/16/2020,$4.13,$4.15,$3.89,$4.04,$1.1 m,272802,$0
10/15/2020,$4.15,$4.23,$4.01,$4.13,$737.6 K,179730,$0
10/14/2020,$4.48,$4.48,$4.02,$4.15,$969.1 K,227568,$0
10/13/2020,$4.41,$4.55,$4.34,$4.48,$1.3 m,292295,$0
10/12/2020,$4.10,$4.67,$3.97,$4.41,$1.4 m,333748,$0
10/11/2020,$4.06,$4.15,$4.01,$4.09,$800.4 K,196103,$0
10/09/2020,$3.92,$4.29,$3.81,$4.25,$999.7 K,247059,$0
10/08/2020,$3.44,$3.95,$3.33,$3.91,$1.4 m,380504,$0
10/07/2020,$3.54,$3.54,$3.22,$3.45,$1.3 m,377186,$0
10/06/2020,$3.98,$4.00,$3.51,$3.54,$1.3 m,352857,$0
10/05/2020,$3.96,$4.09,$3.88,$3.97,$802.1 K,201765,$0
10/04/2020,$3.91,$4.03,$3.84,$3.97,$1 m,257441,$0
10/02/2020,$4.14,$4.21,$3.69,$3.90,$2.7 m,675078,$0
10/01/2020,$4.32,$4.50,$4.05,$4.15,$2 m,473108,$0
09/30/2020,$4.13,$4.41,$4.00,$4.32,$1.4 m,338650,$0
09/29/2020,$4.20,$4.28,$3.98,$4.14,$1.6 m,379791,$0
09/28/2020,$4.65,$4.65,$4.20,$4.20,$1.8 m,420507,$0
09/27/2020,$4.55,$4.70,$4.12,$4.63,$2.4 m,536352,$0
09/26/2020,$4.71,$4.80,$4.38,$4.52,$2.8 m,610461,$0
09/25/2020,$4.62,$4.96,$4.24,$4.68,$5.4 m,1177985,$0
09/24/2020,$3.53,$4.74,$3.46,$4.57,$9.7 m,2408641,$0
09/23/2020,$5.28,$5.30,$3.44,$3.52,$12.6 m,2979048,$0
09/22/2020,$13.43,$13.47,$4.15,$5.23,$25.2 m,3408741,$0
09/21/2020,$13.09,$16.57,$8.05,$13.43,$1.3 m,115276,$0
09/20/2020,$12.51,$13.79,$8.91,$13.09,$1.1 m,91739,$0
09/19/2020,$12.93,$13.28,$7.73,$12.48,$909.5 K,93637,$0
09/18/2020,$6.71,$13.03,$6.67,$12.88,$1.6 m,181273,$0
09/17/2020,$5.56,$8.70,$5.54,$6.69,$1.3 m,204501,$0
09/16/2020,$5.90,$6.50,$5.36,$5.60,$853.7 K,146863,$0
09/15/2020,$6.39,$6.61,$5.82,$6.08,$1.1 m,183036,$0
09/14/2020,$5.63,$7.29,$5.54,$6.03,$1 m,176288,$0
09/13/2020,$5.77,$7,$5.58,$5.61,$902.7 K,153132,$0
09/12/2020,$6.02,$6.45,$5.74,$5.80,$872.4 K,145680,$0
09/11/2020,$5.98,$6.24,$5.82,$6.01,$1 m,168772,$0
09/10/2020,$8.06,$9.84,$5.74,$5.98,$949.4 K,153709,$0
09/09/2020,$9.22,$9.96,$7.33,$9.96,$1.7 m,188820,$0
09/08/2020,$9.06,$9.65,$8.89,$9.33,$1.8 m,195894,$0
09/07/2020,$8.90,$9.94,$8.18,$9.17,$3 m,330536,$0
09/06/2020,$7.71,$10.08,$7.43,$8.90,$5.5 m,671838,$0
09/05/2020,$9.99,$9.99,$7.71,$7.71,$7.2 m,747301,$0
09/04/2020,$6.68,$10.00,$6.68,$8.56,$5.2 m,623254,$0
09/03/2020,$5.03,$6.78,$4.02,$6.68,$4.8 m,760012,$0
09/02/2020,$6.39,$8.00,$2.05,$5.02,$3.5 m,601591,$0
09/01/2020,$5.95,$6.96,$3.10,$6.38,$3.6 m,623906,$0
08/31/2020,$6.62,$6.67,$2,$5.98,$2.3 m,370894,$0
08/30/2020,$5.61,$6.80,$5.41,$6.66,$2.3 m,388896,$0
08/29/2020,$5.90,$5.90,$5.34,$5.60,$1.5 m,267697,$0
08/28/2020,$6.22,$6.34,$4.99,$5.91,$1.7 m,287584,$0
08/27/2020,$6.55,$6.76,$5.37,$6.22,$2.4 m,367779,$0
08/26/2020,$6.49,$8.81,$4.04,$6.58,$1.7 m,244491,$0
08/25/2020,$5.87,$6.67,$5.73,$6.51,$2.8 m,466511,$0
08/24/2020,$5.83,$5.99,$5.70,$5.85,$1.8 m,310503,$0
08/23/2020,$5.82,$6.05,$5.59,$5.83,$1 m,177381,$0
08/22/2020,$5.67,$5.87,$5.39,$5.77,$1.2 m,210483,$0
08/21/2020,$5.40,$5.81,$5.30,$5.67,$1.7 m,307138,$0
08/20/2020,$6.01,$6.03,$5.04,$5.40,$913.6 K,169627,$0
08/19/2020,$4.89,$6.03,$4.80,$6.02,$2.1 m,430064,$0
08/18/2020,$5.06,$5.14,$4.77,$4.89,$1.7 m,337164,$0
08/17/2020,$5.29,$5.36,$4.91,$5.04,$3.8 m,743758,$0
08/16/2020,$4.97,$5.39,$4.94,$5.31,$3.9 m,744530,$0
08/15/2020,$5.49,$5.66,$4.66,$4.95,$3.8 m,720117,$0
08/14/2020,$5.00,$5.57,$4.82,$5.47,$4.7 m,954830,$0
08/13/2020,$3.56,$4.99,$3.23,$4.97,$4.1 m,932333,$0
08/12/2020,$3.55,$4.64,$3.22,$3.36,$2 m,558494,$0
08/11/2020,$3.25,$4.45,$3.07,$3.62,$2.4 m,707187,$0
08/10/2020,$2.81,$3.60,$2.77,$3.30,$2.2 m,711842,$0
08/09/2020,$2.83,$3.41,$2.73,$2.82,$2 m,703059,$0
08/08/2020,$2.66,$3.15,$2.58,$2.82,$1.7 m,600586,$0
08/07/2020,$2.03,$2.83,$2.01,$2.70,$2.3 m,955637,$0
08/06/2020,$2.81,$2.84,$2.01,$2.16,$1.5 m,578042,$0
08/05/2020,$2.86,$3.03,$2.62,$2.84,$2.1 m,733556,$0
08/04/2020,$2.80,$2.87,$2.76,$2.87,$4.2 m,1481755,$0
08/03/2020,$3.05,$3.07,$2.53,$2.79,$4.1 m,1441193,$0
08/02/2020,$2.99,$3.07,$2.99,$3.06,$9.1 m,3024084,$0
08/01/2020,$3.09,$5.84,$2.79,$3.02,$4.6 m,1411658,$0
07/31/2020,$2.55,$3.65,$2.55,$3.14,$3.7 m,1269824,$0