Date,Open,High,Low,Close,Volume,Volume(DOT),Market Cap
03/19/2024,$9.90,$9.97,$8.61,$8.76,$537.5 m,58722969,$12 bn
03/18/2024,$10.06,$10.43,$9.63,$9.90,$418.3 m,41826146,$13.1 bn
03/17/2024,$9.73,$10.24,$9.25,$10.09,$401 m,40630367,$12.9 bn
03/16/2024,$10.77,$10.87,$9.55,$9.70,$513 m,49714698,$13.5 bn
03/15/2024,$11.58,$11.69,$10.10,$10.84,$831 m,77940630,$13.9 bn
03/14/2024,$11.32,$11.86,$10.79,$11.54,$868.6 m,76669966,$14.8 bn
03/13/2024,$10.72,$11.30,$10.66,$11.30,$524.2 m,47913047,$14.3 bn
03/12/2024,$11.04,$11.13,$10.20,$10.73,$510 m,47600093,$14 bn
03/11/2024,$10.26,$11.23,$9.92,$11.03,$670.5 m,62605233,$14 bn
03/10/2024,$10.50,$10.56,$10.01,$10.27,$350.3 m,33825661,$13.5 bn
03/09/2024,$10.63,$10.94,$10.43,$10.50,$401 m,37676834,$13.9 bn
03/08/2024,$10.43,$10.68,$10.01,$10.64,$556 m,53281263,$13.6 bn
03/07/2024,$10.54,$10.98,$10.26,$10.41,$527.9 m,50463186,$13.7 bn
03/06/2024,$9.34,$10.55,$8.95,$10.52,$742.2 m,74986339,$12.9 bn
03/05/2024,$9.83,$10.74,$8.76,$9.32,$1.1 bn,109808323,$13.1 bn
03/04/2024,$9.77,$10.28,$9.65,$9.89,$777.7 m,78503234,$12.9 bn
03/03/2024,$9.45,$9.88,$8.80,$9.79,$622.2 m,66365018,$12.3 bn
03/02/2024,$8.67,$9.44,$8.62,$9.43,$520.6 m,57672532,$11.8 bn
03/01/2024,$8.27,$8.67,$8.27,$8.67,$332.3 m,39494662,$11 bn
02/29/2024,$8.34,$8.90,$8.07,$8.25,$474.4 m,55343260,$11.2 bn
02/28/2024,$8.36,$8.71,$7.98,$8.33,$550.8 m,65915241,$10.9 bn
02/27/2024,$8.11,$8.47,$8.04,$8.39,$396.1 m,48545517,$10.7 bn
02/26/2024,$7.91,$8.11,$7.59,$8.11,$291.9 m,37155032,$10.3 bn
02/25/2024,$7.81,$7.94,$7.69,$7.92,$182.5 m,23477991,$10.2 bn
02/24/2024,$7.60,$7.88,$7.44,$7.81,$231.3 m,29877629,$10.1 bn
02/23/2024,$7.49,$7.64,$7.29,$7.56,$247.9 m,33311813,$9.7 bn
02/22/2024,$7.47,$7.67,$7.29,$7.49,$224.1 m,29877201,$9.8 bn
02/21/2024,$7.72,$7.72,$7.27,$7.47,$261.1 m,35095414,$9.7 bn
02/20/2024,$8.06,$8.11,$7.49,$7.73,$351.1 m,45140710,$10.2 bn
02/19/2024,$7.89,$8.13,$7.68,$8.03,$315.8 m,40387008,$10.2 bn
02/18/2024,$7.74,$7.91,$7.69,$7.89,$194.4 m,24974954,$10.2 bn
02/17/2024,$7.64,$7.75,$7.37,$7.71,$184.8 m,24396629,$9.9 bn
02/16/2024,$7.78,$7.85,$7.56,$7.65,$213.2 m,27615675,$10.1 bn
02/15/2024,$7.65,$7.94,$7.55,$7.77,$307.6 m,39797260,$10.1 bn
02/14/2024,$7.35,$7.70,$7.28,$7.65,$272.2 m,35939880,$9.9 bn
02/13/2024,$7.35,$7.45,$7.16,$7.36,$222.6 m,30399414,$9.6 bn
02/12/2024,$7.09,$7.37,$6.99,$7.34,$229.5 m,32098201,$9.3 bn
02/11/2024,$7.19,$7.33,$7.08,$7.10,$154.9 m,21466855,$9.4 bn
02/10/2024,$7.21,$7.29,$7.07,$7.20,$139.8 m,19472939,$9.4 bn
02/09/2024,$7.01,$7.31,$6.96,$7.19,$240 m,33692961,$9.3 bn
02/08/2024,$6.95,$7.10,$6.87,$7.01,$203 m,29099172,$9.1 bn
02/07/2024,$6.81,$6.96,$6.67,$6.94,$154.6 m,22730663,$8.9 bn
02/06/2024,$6.72,$6.83,$6.66,$6.81,$136.3 m,20211205,$8.8 bn
02/05/2024,$6.67,$6.97,$6.60,$6.73,$149 m,21868819,$8.9 bn
02/04/2024,$6.82,$6.82,$6.66,$6.67,$88.2 m,13036965,$8.8 bn
02/03/2024,$6.95,$7.00,$6.82,$6.83,$99.2 m,14364619,$9 bn
02/02/2024,$6.79,$7.02,$6.77,$6.94,$147.4 m,21422819,$9 bn
02/01/2024,$6.66,$6.81,$6.57,$6.79,$149 m,22244567,$8.8 bn
01/31/2024,$6.85,$6.88,$6.60,$6.66,$182.3 m,26923246,$8.9 bn
01/30/2024,$7.02,$7.07,$6.83,$6.84,$203.9 m,29137067,$9.1 bn
01/29/2024,$6.84,$7.29,$6.72,$7.03,$316.7 m,45759992,$9 bn
01/28/2024,$6.66,$6.84,$6.58,$6.84,$169.8 m,25350260,$8.8 bn
01/27/2024,$6.67,$6.74,$6.54,$6.67,$132.6 m,19935210,$8.7 bn
01/26/2024,$6.42,$6.72,$6.37,$6.67,$174.4 m,26686747,$8.5 bn
01/25/2024,$6.45,$6.56,$6.36,$6.44,$146.1 m,22639225,$8.4 bn
01/24/2024,$6.36,$6.53,$6.27,$6.46,$173.2 m,27132614,$8.3 bn
01/23/2024,$6.34,$6.45,$6.00,$6.36,$240 m,38351406,$8.2 bn
01/22/2024,$6.82,$6.84,$6.33,$6.34,$243 m,36820411,$8.6 bn
01/21/2024,$6.90,$6.97,$6.81,$6.81,$104.4 m,15132835,$9 bn
01/20/2024,$6.87,$6.95,$6.78,$6.90,$127.7 m,18621990,$9 bn
01/19/2024,$7.02,$7.05,$6.60,$6.88,$210.9 m,30538604,$9 bn
01/18/2024,$7.35,$7.38,$6.87,$7.01,$220.6 m,30699601,$9.4 bn
01/17/2024,$7.50,$7.59,$7.27,$7.34,$169.9 m,22940787,$9.7 bn
01/16/2024,$7.51,$7.67,$7.35,$7.49,$180.1 m,23919049,$9.8 bn
01/15/2024,$7.32,$7.67,$7.32,$7.52,$177.2 m,23439296,$9.9 bn
01/14/2024,$7.61,$7.69,$7.33,$7.33,$151.9 m,20052889,$9.9 bn
01/13/2024,$7.59,$7.74,$7.41,$7.62,$201.3 m,26343448,$10 bn
01/12/2024,$8.16,$8.21,$7.41,$7.57,$313.6 m,39369537,$10.4 bn
01/11/2024,$7.97,$8.57,$7.87,$8.16,$491 m,59694163,$10.8 bn
01/10/2024,$7.11,$8.07,$6.86,$7.97,$386.5 m,53662532,$9.4 bn
01/09/2024,$7.47,$7.52,$6.92,$7.12,$253.7 m,34960855,$9.5 bn
01/08/2024,$6.91,$7.50,$6.57,$7.47,$305 m,42981054,$9.3 bn
01/07/2024,$7.14,$7.32,$6.84,$6.90,$174.2 m,24264181,$9.4 bn
01/06/2024,$7.45,$7.45,$6.99,$7.14,$187.9 m,26030450,$9.4 bn
01/05/2024,$7.89,$7.95,$7.25,$7.45,$282.6 m,37521100,$9.8 bn
01/04/2024,$7.63,$7.99,$7.51,$7.89,$271.3 m,35065608,$10.1 bn
01/03/2024,$8.42,$8.56,$6.76,$7.64,$603.2 m,74847143,$10.5 bn
01/02/2024,$8.59,$8.77,$8.35,$8.41,$328.5 m,38313013,$11.2 bn
01/01/2024,$8.21,$8.62,$8.09,$8.60,$238.1 m,28655824,$10.9 bn
12/31/2023,$8.38,$8.62,$8.13,$8.19,$243.4 m,29036968,$11 bn
12/30/2023,$8.28,$8.47,$8.12,$8.38,$198.8 m,23876755,$10.9 bn
12/29/2023,$8.45,$8.66,$8.13,$8.29,$392.8 m,46829313,$11 bn
12/28/2023,$8.67,$8.90,$8.31,$8.43,$354.5 m,41505464,$11.2 bn
12/27/2023,$8.80,$8.99,$8.43,$8.69,$394 m,44997532,$11.4 bn
12/26/2023,$9.26,$9.44,$8.49,$8.82,$576.5 m,63982636,$11.8 bn
12/25/2023,$8.64,$9.37,$8.54,$9.26,$804.9 m,88872964,$11.8 bn
12/24/2023,$8.37,$9.13,$8.34,$8.63,$886.9 m,100949717,$11.5 bn
12/23/2023,$7.95,$8.43,$7.60,$8.34,$392.3 m,49889564,$10.3 bn
12/22/2023,$8.43,$8.52,$7.87,$7.96,$520.5 m,64479222,$10.6 bn
12/21/2023,$6.94,$8.38,$6.92,$8.38,$845.8 m,111113385,$9.9 bn
12/20/2023,$6.72,$7.12,$6.64,$6.94,$248.6 m,35933584,$9 bn
12/19/2023,$6.88,$7.03,$6.63,$6.71,$179.7 m,26288844,$8.9 bn
12/18/2023,$6.79,$6.88,$6.40,$6.88,$237.2 m,35490695,$8.7 bn
12/17/2023,$7.10,$7.16,$6.76,$6.79,$192.9 m,27631297,$9.1 bn
12/16/2023,$6.97,$7.34,$6.91,$7.09,$216.2 m,30323751,$9.3 bn
12/15/2023,$7.50,$7.55,$6.95,$6.95,$299.5 m,41362450,$9.5 bn
12/14/2023,$7.59,$7.73,$7.13,$7.51,$392 m,52981014,$9.7 bn
12/13/2023,$7.11,$7.62,$6.66,$7.61,$375.9 m,53818196,$9.1 bn
12/12/2023,$6.71,$7.30,$6.70,$7.13,$420.5 m,59820811,$8.8 bn
12/11/2023,$7.35,$7.36,$6.41,$6.70,$413.9 m,61530945,$8.5 bn
12/10/2023,$7.13,$7.35,$6.97,$7.34,$282.1 m,39192390,$9.1 bn
12/09/2023,$6.83,$7.67,$6.83,$7.11,$593.8 m,80725699,$9.3 bn
12/08/2023,$6.24,$6.89,$6.17,$6.83,$378.3 m,58684348,$8.1 bn
12/07/2023,$6.04,$6.27,$5.92,$6.23,$270.1 m,44265746,$7.7 bn
12/06/2023,$5.90,$6.19,$5.79,$6.03,$325.5 m,54378055,$7.5 bn
12/05/2023,$5.62,$5.91,$5.51,$5.90,$309.8 m,54866927,$7.1 bn
12/04/2023,$5.54,$5.70,$5.49,$5.62,$249.4 m,44587169,$7 bn
12/03/2023,$5.55,$5.60,$5.43,$5.54,$141 m,25587060,$6.9 bn
12/02/2023,$5.47,$5.60,$5.45,$5.56,$123.5 m,22435826,$6.9 bn
12/01/2023,$5.47,$5.52,$5.37,$5.47,$144.1 m,26432836,$6.9 bn
11/30/2023,$5.15,$5.55,$5.12,$5.46,$266.7 m,50587357,$6.6 bn
11/29/2023,$5.27,$5.37,$5.15,$5.16,$170.4 m,32442915,$6.6 bn
11/28/2023,$5.15,$5.30,$5.11,$5.27,$180.3 m,34632413,$6.6 bn
11/27/2023,$5.33,$5.37,$5.04,$5.15,$196.5 m,37847884,$6.5 bn
11/26/2023,$5.33,$5.40,$5.20,$5.32,$156.6 m,29449717,$6.7 bn
11/25/2023,$5.24,$5.38,$5.22,$5.33,$122.7 m,23110693,$6.7 bn
11/24/2023,$5.14,$5.29,$5.12,$5.24,$182.8 m,35100276,$6.6 bn
11/23/2023,$5.17,$5.22,$5.09,$5.14,$126.7 m,24583535,$6.5 bn
11/22/2023,$4.88,$5.28,$4.88,$5.17,$226.3 m,44447906,$6.4 bn
11/21/2023,$5.30,$5.32,$4.86,$4.88,$261.7 m,50791475,$6.5 bn
11/20/2023,$5.43,$5.56,$5.28,$5.30,$195.1 m,35971428,$6.8 bn
11/19/2023,$5.28,$5.48,$5.19,$5.44,$179.2 m,33726519,$6.7 bn
11/18/2023,$5.24,$5.29,$5.01,$5.29,$175.9 m,33937336,$6.5 bn
11/17/2023,$5.35,$5.48,$5.07,$5.24,$234.4 m,44080966,$6.7 bn
11/16/2023,$5.56,$5.78,$5.31,$5.36,$353.7 m,63812345,$7 bn
11/15/2023,$5.20,$5.63,$5.20,$5.56,$288.2 m,53506356,$6.8 bn
11/14/2023,$5.35,$5.51,$5.07,$5.20,$284.3 m,53302337,$6.7 bn
11/13/2023,$5.70,$5.88,$5.35,$5.36,$315.2 m,56328407,$7 bn
11/12/2023,$5.57,$5.85,$5.39,$5.71,$407.7 m,71736682,$7.1 bn
11/11/2023,$5.31,$5.66,$5.12,$5.55,$424 m,78837937,$6.8 bn
11/10/2023,$5.08,$5.31,$5.01,$5.29,$335.1 m,65279770,$6.5 bn
11/09/2023,$5.04,$5.25,$4.79,$5.09,$411.3 m,81484278,$6.4 bn
11/08/2023,$4.92,$5.08,$4.87,$5.05,$225.8 m,45523755,$6.2 bn
11/07/2023,$4.96,$5.00,$4.73,$4.93,$212.5 m,43297571,$6.2 bn
11/06/2023,$4.76,$4.98,$4.69,$4.97,$213.8 m,44192763,$6.1 bn
11/05/2023,$4.69,$4.89,$4.66,$4.77,$226.5 m,47434389,$6 bn
11/04/2023,$4.61,$4.76,$4.59,$4.68,$130.3 m,28001287,$5.9 bn
11/03/2023,$4.62,$4.64,$4.47,$4.61,$162.7 m,35700545,$5.7 bn
11/02/2023,$4.73,$4.79,$4.55,$4.63,$245.5 m,52526061,$5.9 bn
11/01/2023,$4.45,$4.79,$4.32,$4.73,$275.3 m,61677895,$5.6 bn
10/31/2023,$4.52,$4.60,$4.32,$4.45,$227.3 m,50936521,$5.6 bn
10/30/2023,$4.32,$4.53,$4.24,$4.53,$211.4 m,48789652,$5.5 bn
10/29/2023,$4.18,$4.35,$4.15,$4.31,$120.8 m,28590892,$5.3 bn
10/28/2023,$4.13,$4.22,$4.13,$4.18,$104.5 m,25008619,$5.3 bn
10/27/2023,$4.23,$4.23,$4.06,$4.14,$164.2 m,39570186,$5.2 bn
10/26/2023,$4.29,$4.45,$4.16,$4.23,$210.4 m,49103149,$5.4 bn
10/25/2023,$4.19,$4.35,$4.16,$4.29,$196.9 m,46338049,$5.3 bn
10/24/2023,$4.36,$4.41,$4.14,$4.19,$323.3 m,75813900,$5.4 bn
10/23/2023,$3.97,$4.35,$3.93,$4.35,$316.8 m,77948464,$5.1 bn
10/22/2023,$3.90,$3.97,$3.82,$3.96,$133.3 m,34391326,$4.9 bn
10/21/2023,$3.72,$3.96,$3.71,$3.90,$137.3 m,35990241,$4.8 bn
10/20/2023,$3.65,$3.79,$3.64,$3.72,$132.6 m,35651216,$4.7 bn
10/19/2023,$3.65,$3.66,$3.60,$3.65,$94.3 m,25983697,$4.6 bn
10/18/2023,$3.67,$3.72,$3.63,$3.65,$88.2 m,24027175,$4.6 bn
10/17/2023,$3.78,$3.78,$3.66,$3.67,$96.9 m,26077815,$4.7 bn
10/16/2023,$3.75,$3.88,$3.74,$3.78,$125.9 m,33327319,$4.8 bn
10/15/2023,$3.73,$3.77,$3.71,$3.75,$67.6 m,18070272,$4.7 bn
10/14/2023,$3.72,$3.76,$3.72,$3.73,$50.4 m,13480298,$4.7 bn
10/13/2023,$3.67,$3.76,$3.67,$3.72,$79.4 m,21482754,$4.6 bn
10/12/2023,$3.74,$3.74,$3.64,$3.67,$99.2 m,26914879,$4.6 bn
10/11/2023,$3.81,$3.82,$3.70,$3.74,$99.1 m,26422868,$4.7 bn
10/10/2023,$3.88,$3.89,$3.79,$3.81,$91.8 m,23989821,$4.8 bn
10/09/2023,$4.01,$4.03,$3.80,$3.88,$140.2 m,35857762,$4.9 bn
10/08/2023,$4.05,$4.07,$4.00,$4.01,$62.8 m,15590210,$5.1 bn
10/07/2023,$4.07,$4.11,$4.05,$4.05,$51.4 m,12621714,$5.1 bn
10/06/2023,$4.02,$4.09,$4.00,$4.07,$66.1 m,16304163,$5.1 bn
10/05/2023,$4.04,$4.07,$4.01,$4.02,$71.9 m,17814449,$5.1 bn
10/04/2023,$4.07,$4.07,$3.99,$4.04,$91.9 m,22797610,$5.1 bn
10/03/2023,$4.12,$4.16,$4.06,$4.07,$76.3 m,18538178,$5.2 bn
10/01/2023,$4.10,$4.28,$4.10,$4.26,$104 m,24934691,$5.2 bn
09/30/2023,$4.07,$4.12,$4.07,$4.10,$69.5 m,16990528,$5.1 bn
09/29/2023,$4.07,$4.11,$4.06,$4.08,$98.3 m,24076028,$5.1 bn
09/28/2023,$3.99,$4.09,$3.98,$4.07,$110.1 m,27250513,$5.1 bn
09/27/2023,$4.01,$4.07,$3.97,$3.99,$101.3 m,25266757,$5 bn
09/26/2023,$4.07,$4.09,$3.99,$4.01,$91.3 m,22646557,$5.1 bn
09/25/2023,$3.98,$4.08,$3.97,$4.06,$100.6 m,24892081,$5.1 bn
09/24/2023,$4.03,$4.06,$3.98,$3.99,$62.1 m,15422208,$5.1 bn
09/23/2023,$4.02,$4.04,$4.00,$4.03,$55.3 m,13759811,$5.1 bn
09/22/2023,$4.01,$4.03,$4.00,$4.02,$75.6 m,18816732,$5.1 bn
09/21/2023,$4.14,$4.16,$4.00,$4.01,$93.3 m,22931656,$5.1 bn
09/20/2023,$4.15,$4.16,$4.08,$4.14,$95.7 m,23230591,$5.2 bn
09/19/2023,$4.10,$4.16,$4.08,$4.15,$100 m,24252132,$5.2 bn
09/18/2023,$4.07,$4.22,$4.02,$4.10,$107.7 m,26045900,$5.2 bn
09/17/2023,$4.18,$4.19,$4.05,$4.07,$72.8 m,17687007,$5.2 bn
09/16/2023,$4.14,$4.22,$4.14,$4.18,$82.9 m,19864693,$5.3 bn
09/15/2023,$4.06,$4.17,$4.05,$4.14,$99.2 m,24224978,$5.2 bn
09/14/2023,$4.00,$4.09,$3.98,$4.06,$108.9 m,26997027,$5.1 bn
09/13/2023,$3.98,$4.07,$3.95,$4.00,$118.9 m,29701212,$5 bn
09/12/2023,$3.99,$4.09,$3.97,$3.99,$128.1 m,31979541,$5 bn
09/11/2023,$4.15,$4.15,$3.92,$3.99,$161.7 m,39997404,$5.1 bn
09/10/2023,$4.24,$4.24,$4.12,$4.15,$94.8 m,22729635,$5.2 bn
09/09/2023,$4.25,$4.28,$4.24,$4.24,$53 m,12461646,$5.4 bn
09/08/2023,$4.29,$4.33,$4.21,$4.25,$88 m,20649235,$5.4 bn
09/07/2023,$4.27,$4.30,$4.24,$4.29,$88.1 m,20653021,$5.4 bn
09/06/2023,$4.26,$4.27,$4.19,$4.27,$90.5 m,21344395,$5.3 bn
09/05/2023,$4.26,$4.30,$4.21,$4.25,$79.4 m,18669112,$5.4 bn
09/04/2023,$4.26,$4.31,$4.20,$4.26,$93.4 m,21934932,$5.4 bn
09/03/2023,$4.26,$4.30,$4.23,$4.26,$63.3 m,14829707,$5.4 bn
09/02/2023,$4.22,$4.27,$4.21,$4.26,$69.8 m,16480710,$5.3 bn
09/01/2023,$4.27,$4.29,$4.16,$4.22,$131.1 m,30903670,$5.3 bn
08/31/2023,$4.53,$4.53,$4.25,$4.27,$164.7 m,37278416,$5.6 bn
08/30/2023,$4.68,$4.68,$4.53,$4.53,$95.3 m,20805232,$5.8 bn
08/29/2023,$4.61,$4.79,$4.54,$4.67,$173.8 m,37508248,$5.8 bn
08/28/2023,$4.49,$4.62,$4.43,$4.61,$113.1 m,25090960,$5.7 bn
08/27/2023,$4.51,$4.54,$4.46,$4.49,$62.1 m,13782108,$5.7 bn
08/26/2023,$4.49,$4.51,$4.48,$4.51,$58 m,12907418,$5.7 bn
08/25/2023,$4.42,$4.49,$4.37,$4.49,$90.7 m,20431917,$5.6 bn
08/24/2023,$4.49,$4.51,$4.38,$4.42,$85.2 m,19112685,$5.6 bn
08/23/2023,$4.42,$4.53,$4.38,$4.49,$103.4 m,23281463,$5.6 bn
08/22/2023,$4.43,$4.45,$4.29,$4.42,$109.7 m,24971501,$5.5 bn
08/21/2023,$4.52,$4.54,$4.38,$4.43,$96.5 m,21595445,$5.6 bn
08/20/2023,$4.52,$4.53,$4.47,$4.52,$66.2 m,14705206,$5.7 bn
08/19/2023,$4.51,$4.55,$4.46,$4.52,$71.1 m,15785555,$5.7 bn
08/18/2023,$4.43,$4.55,$4.37,$4.51,$138.7 m,30923362,$5.6 bn
08/17/2023,$4.67,$4.81,$4.33,$4.43,$196.6 m,41839663,$5.9 bn
08/16/2023,$4.82,$4.84,$4.58,$4.67,$121.6 m,25594715,$6 bn
08/15/2023,$4.99,$4.99,$4.73,$4.82,$105.1 m,21316555,$6.2 bn
08/14/2023,$4.98,$5.04,$4.97,$4.99,$86.5 m,17294295,$6.3 bn
08/13/2023,$5.04,$5.04,$4.98,$4.99,$73.1 m,14535430,$6.3 bn
08/12/2023,$5.01,$5.04,$5.00,$5.04,$61.5 m,12255506,$6.3 bn
08/11/2023,$5.01,$5.02,$4.97,$5.01,$73.9 m,14787893,$6.3 bn
08/10/2023,$5.06,$5.07,$4.98,$5.01,$80.7 m,16073883,$6.3 bn
08/09/2023,$5.06,$5.10,$5.01,$5.06,$91.7 m,18166651,$6.4 bn
08/08/2023,$4.96,$5.09,$4.94,$5.06,$95.5 m,19066417,$6.3 bn
08/07/2023,$5.01,$5.05,$4.87,$4.97,$102.2 m,20512069,$6.3 bn
08/06/2023,$4.97,$5.05,$4.96,$5.00,$76.8 m,15361212,$6.3 bn
08/05/2023,$4.99,$5.00,$4.93,$4.97,$66.1 m,13326195,$6.2 bn
08/04/2023,$4.98,$5.04,$4.96,$5.00,$93 m,18600621,$6.3 bn
08/03/2023,$5.05,$5.07,$4.96,$4.98,$111.5 m,22207089,$6.3 bn
08/02/2023,$5.20,$5.21,$5.04,$5.06,$114.2 m,22274575,$6.4 bn
08/01/2023,$5.10,$5.20,$5.00,$5.20,$160.7 m,31553814,$6.4 bn
07/31/2023,$5.18,$5.25,$5.07,$5.11,$132.3 m,25633226,$6.5 bn
07/30/2023,$5.25,$5.28,$5.12,$5.19,$126.8 m,24258301,$6.6 bn
07/29/2023,$5.22,$5.26,$5.21,$5.26,$80.3 m,15318466,$6.6 bn
07/28/2023,$5.24,$5.27,$5.17,$5.22,$100.7 m,19298167,$6 bn
07/27/2023,$5.24,$5.31,$5.19,$5.24,$104.9 m,19945030,$6 bn
07/26/2023,$5.17,$5.29,$5.13,$5.24,$106.5 m,20466840,$5.9 bn
07/25/2023,$5.21,$5.25,$5.14,$5.18,$99.7 m,19224573,$5.9 bn
07/24/2023,$5.39,$5.41,$5.14,$5.21,$157.1 m,29871392,$6 bn
07/23/2023,$5.31,$5.48,$5.29,$5.40,$120.7 m,22329515,$6.2 bn
07/22/2023,$5.48,$5.51,$5.28,$5.31,$123.8 m,22955482,$6.2 bn
07/21/2023,$5.35,$5.69,$5.34,$5.48,$248.6 m,45004488,$6.3 bn
07/20/2023,$5.19,$5.47,$5.19,$5.35,$180.2 m,33896965,$6.1 bn
07/19/2023,$5.18,$5.25,$5.14,$5.20,$113.6 m,21837117,$5.9 bn
07/18/2023,$5.30,$5.38,$5.12,$5.18,$157.3 m,30061164,$6 bn
07/17/2023,$5.31,$5.41,$5.19,$5.30,$159.5 m,30071428,$6.1 bn
07/16/2023,$5.43,$5.44,$5.28,$5.31,$121.3 m,22583160,$6.1 bn
07/15/2023,$5.45,$5.56,$5.39,$5.43,$127.9 m,23438799,$6.2 bn
07/14/2023,$5.55,$5.68,$5.32,$5.45,$240.7 m,43305375,$6.3 bn
07/13/2023,$5.15,$5.55,$5.10,$5.54,$201.6 m,38187902,$6 bn
07/12/2023,$5.22,$5.31,$5.11,$5.15,$109.3 m,20937246,$6 bn
07/11/2023,$5.14,$5.22,$5.10,$5.22,$83.3 m,16183999,$5.9 bn
07/10/2023,$5.09,$5.23,$5.00,$5.14,$104.1 m,20464563,$5.8 bn
07/09/2023,$5.13,$5.17,$5.07,$5.08,$70.6 m,13805823,$5.8 bn
07/08/2023,$5.12,$5.20,$5.06,$5.13,$75.6 m,14686502,$5.9 bn
07/07/2023,$5.01,$5.17,$4.99,$5.12,$94.8 m,18582785,$5.8 bn
07/06/2023,$5.20,$5.36,$5.02,$5.02,$122.1 m,23579408,$5.9 bn
07/05/2023,$5.35,$5.38,$5.13,$5.21,$116.3 m,22078152,$6 bn
07/04/2023,$5.42,$5.50,$5.28,$5.34,$128.9 m,23763857,$6.2 bn
07/03/2023,$5.49,$5.63,$5.39,$5.42,$150.8 m,27522298,$6.2 bn
07/02/2023,$5.35,$5.52,$5.24,$5.50,$164.8 m,30918573,$6.1 bn
07/01/2023,$5.19,$5.36,$5.13,$5.35,$168.4 m,31951474,$6 bn
06/30/2023,$4.98,$5.20,$4.88,$5.18,$217.2 m,42716719,$5.8 bn
06/29/2023,$4.88,$5.22,$4.87,$4.99,$170.2 m,34249724,$5.7 bn
06/28/2023,$5.09,$5.09,$4.80,$4.88,$119.5 m,23959504,$5.7 bn
06/27/2023,$5.02,$5.15,$5.00,$5.10,$100.7 m,19786998,$5.8 bn
06/26/2023,$5.20,$5.22,$5.01,$5.03,$145.2 m,28248847,$5.9 bn
06/25/2023,$5.01,$5.24,$5.01,$5.20,$132.7 m,25789122,$5.9 bn
06/24/2023,$5.10,$5.13,$4.94,$5.01,$102.8 m,20409819,$5.7 bn
06/23/2023,$4.83,$5.14,$4.83,$5.10,$140.9 m,28376254,$5.7 bn
06/22/2023,$4.82,$4.97,$4.78,$4.83,$140 m,28746912,$5.6 bn
06/21/2023,$4.66,$4.85,$4.64,$4.83,$214.3 m,45233005,$5.4 bn
06/20/2023,$4.53,$4.67,$4.38,$4.67,$374 m,82844083,$5.2 bn
06/19/2023,$4.54,$4.59,$4.44,$4.52,$267.6 m,59109248,$5.2 bn
06/18/2023,$4.53,$4.66,$4.49,$4.53,$296.8 m,65004194,$5.2 bn
06/17/2023,$4.42,$4.56,$4.40,$4.53,$212.2 m,47132259,$5.1 bn
06/16/2023,$4.37,$4.46,$4.30,$4.42,$255.3 m,58292783,$5 bn
06/15/2023,$4.56,$4.61,$4.28,$4.37,$400.7 m,90540214,$5 bn
06/14/2023,$4.62,$4.80,$4.52,$4.57,$317.2 m,68158734,$5.3 bn
06/13/2023,$4.53,$4.70,$4.50,$4.62,$192 m,41714826,$5.3 bn
06/12/2023,$4.52,$4.55,$4.44,$4.53,$196.8 m,43646938,$5.1 bn
06/11/2023,$4.52,$4.54,$4.43,$4.52,$162.2 m,36185977,$5.1 bn
06/10/2023,$4.98,$4.98,$4.22,$4.52,$671 m,148376052,$5.2 bn
06/09/2023,$5.02,$5.07,$4.93,$4.98,$193.1 m,38570730,$5.7 bn
06/08/2023,$5.02,$5.06,$4.98,$5.02,$166.5 m,33164410,$5.7 bn
06/07/2023,$5.19,$5.21,$4.99,$5.02,$237.3 m,46482212,$5.8 bn
06/06/2023,$5.07,$5.26,$4.99,$5.20,$224.9 m,44073078,$5.8 bn
06/05/2023,$5.31,$5.32,$4.93,$5.07,$395.1 m,75944711,$5.9 bn
06/04/2023,$5.34,$5.38,$5.31,$5.32,$177.4 m,33200923,$6.1 bn
06/03/2023,$5.28,$5.33,$5.25,$5.33,$126.3 m,23932449,$6 bn
06/02/2023,$5.20,$5.30,$5.18,$5.28,$212.2 m,40378998,$6 bn
06/01/2023,$5.31,$5.33,$5.20,$5.21,$162.3 m,30996018,$6 bn
05/31/2023,$5.44,$5.46,$5.27,$5.32,$123.8 m,23196629,$6.1 bn
05/30/2023,$5.46,$5.53,$5.42,$5.44,$123 m,22508541,$6.2 bn
05/29/2023,$5.50,$5.53,$5.43,$5.46,$147.8 m,27005759,$6.2 bn
05/28/2023,$5.34,$5.56,$5.32,$5.50,$196.2 m,36336804,$6.2 bn
05/27/2023,$5.24,$5.37,$5.23,$5.33,$163.3 m,30856394,$6 bn
05/26/2023,$5.24,$5.27,$5.20,$5.25,$150.2 m,28689021,$6 bn
05/25/2023,$5.25,$5.29,$5.17,$5.24,$168.7 m,32143310,$6 bn
05/24/2023,$5.40,$5.40,$5.20,$5.26,$250 m,47299570,$6 bn
05/23/2023,$5.31,$5.44,$5.30,$5.40,$212.1 m,39423372,$6.1 bn
05/22/2023,$5.27,$5.33,$5.24,$5.31,$178.6 m,33697648,$6 bn
05/21/2023,$5.41,$5.43,$5.26,$5.27,$182.6 m,34170666,$6.1 bn
05/20/2023,$5.37,$5.44,$5.33,$5.41,$157.6 m,29231398,$6.2 bn
05/19/2023,$5.34,$5.38,$5.32,$5.37,$198.7 m,37091051,$6.1 bn
05/18/2023,$5.42,$5.46,$5.26,$5.34,$321.6 m,59671004,$6.1 bn
05/17/2023,$5.30,$5.43,$5.23,$5.41,$347 m,65180234,$6.1 bn
05/16/2023,$5.31,$5.33,$5.24,$5.30,$227.1 m,43005512,$6 bn
05/15/2023,$5.35,$5.43,$5.28,$5.32,$253.1 m,47081741,$6.1 bn
05/14/2023,$5.35,$5.44,$5.32,$5.35,$157.2 m,29310121,$6.1 bn
05/13/2023,$5.35,$5.39,$5.32,$5.35,$164 m,30616476,$6.1 bn
05/12/2023,$5.28,$5.35,$5.15,$5.34,$340.6 m,64946275,$6 bn
05/11/2023,$5.46,$5.46,$5.19,$5.28,$346.3 m,64793607,$6.1 bn
05/10/2023,$5.33,$5.51,$5.28,$5.47,$421.5 m,78228682,$6.1 bn
05/09/2023,$5.37,$5.40,$5.30,$5.33,$212.9 m,39860010,$6.1 bn
05/08/2023,$5.62,$5.65,$5.20,$5.37,$465.8 m,86068439,$6.2 bn
05/07/2023,$5.64,$5.70,$5.61,$5.63,$151.3 m,26737500,$6.5 bn
05/06/2023,$5.85,$5.89,$5.60,$5.64,$284 m,49607220,$6.5 bn
05/05/2023,$5.67,$5.90,$5.67,$5.84,$363.5 m,62787589,$6.6 bn
05/04/2023,$5.77,$5.80,$5.62,$5.67,$199.9 m,34989456,$6.5 bn
05/03/2023,$5.71,$5.81,$5.56,$5.77,$313.6 m,55303686,$6.5 bn
05/02/2023,$5.66,$5.75,$5.63,$5.71,$219.5 m,38610705,$6.5 bn
05/01/2023,$5.88,$5.91,$5.61,$5.67,$338.5 m,58603731,$6.6 bn
04/30/2023,$6.04,$6.08,$5.85,$5.89,$285.3 m,47591780,$6.8 bn
04/29/2023,$5.95,$6.05,$5.93,$6.04,$213.4 m,35640155,$6.8 bn
04/28/2023,$5.97,$5.98,$5.80,$5.95,$325.9 m,55139767,$6.7 bn
04/27/2023,$5.84,$6.04,$5.84,$5.97,$419.4 m,70608367,$6.8 bn
04/26/2023,$5.99,$6.21,$5.66,$5.85,$597.9 m,99156264,$6.9 bn
04/25/2023,$5.89,$6.01,$5.78,$6.00,$287.9 m,49016259,$6.7 bn
04/24/2023,$5.91,$6.01,$5.82,$5.88,$302.7 m,51055779,$6.8 bn
04/23/2023,$5.95,$5.97,$5.78,$5.91,$239.2 m,40507669,$6.7 bn
04/22/2023,$5.85,$5.97,$5.82,$5.95,$194.7 m,32928094,$6.7 bn
04/21/2023,$6.11,$6.16,$5.79,$5.85,$426.2 m,70770655,$6.9 bn
04/20/2023,$6.31,$6.43,$6.08,$6.11,$455 m,72229729,$7.2 bn
04/19/2023,$6.92,$6.92,$6.26,$6.32,$534.7 m,81302924,$7.5 bn
04/18/2023,$6.70,$6.98,$6.60,$6.92,$466.6 m,68199881,$7.8 bn
04/17/2023,$6.83,$6.83,$6.65,$6.69,$386.5 m,57646882,$7.6 bn
04/16/2023,$6.80,$6.87,$6.69,$6.83,$358.6 m,52911350,$7.7 bn
04/15/2023,$6.73,$6.86,$6.64,$6.80,$360.9 m,53528407,$7.7 bn
04/14/2023,$6.64,$6.84,$6.55,$6.73,$603.5 m,89702415,$7.7 bn
04/13/2023,$6.41,$6.65,$6.36,$6.63,$394.4 m,60770747,$7.4 bn
04/12/2023,$6.42,$6.46,$6.23,$6.40,$472.3 m,74526422,$7.2 bn
04/11/2023,$6.30,$6.49,$6.28,$6.42,$410.1 m,64091223,$7.3 bn
04/10/2023,$6.21,$6.31,$6.12,$6.29,$284.9 m,46047399,$7.1 bn
04/09/2023,$6.13,$6.25,$6.10,$6.21,$250.3 m,40654221,$7 bn
04/08/2023,$6.17,$6.23,$6.11,$6.13,$188.1 m,30489809,$7 bn
04/07/2023,$6.28,$6.32,$6.14,$6.18,$230.6 m,37210589,$7.1 bn
04/06/2023,$6.41,$6.41,$6.27,$6.27,$299.3 m,47189874,$7.2 bn
04/05/2023,$6.43,$6.58,$6.33,$6.40,$306.9 m,47484487,$7.4 bn
04/04/2023,$6.42,$6.53,$6.37,$6.44,$350.1 m,54300416,$7.4 bn
04/03/2023,$6.26,$6.49,$6.11,$6.43,$545.3 m,86573382,$7.2 bn
04/02/2023,$6.35,$6.44,$6.20,$6.26,$329.8 m,52006068,$7.2 bn
04/01/2023,$6.35,$6.38,$6.21,$6.35,$246.8 m,39219346,$7.2 bn
03/31/2023,$6.13,$6.37,$6.10,$6.34,$394.4 m,63099252,$7.1 bn
03/30/2023,$6.18,$6.29,$6.03,$6.12,$375.7 m,61210266,$7 bn
03/29/2023,$6.06,$6.28,$6.05,$6.18,$307.2 m,49650433,$7.1 bn
03/28/2023,$5.87,$6.09,$5.80,$6.06,$345 m,58218777,$6.8 bn
03/27/2023,$6.05,$6.10,$5.77,$5.87,$393.9 m,66303767,$6.8 bn
03/26/2023,$5.91,$6.10,$5.89,$6.05,$203.7 m,33887065,$6.9 bn
03/25/2023,$6.02,$6.08,$5.84,$5.91,$195.9 m,32677945,$6.8 bn
03/24/2023,$6.33,$6.33,$5.96,$6.01,$330 m,53561767,$7 bn
03/23/2023,$6.05,$6.42,$6.00,$6.32,$213.7 m,34509488,$7.1 bn
03/22/2023,$6.37,$6.38,$5.95,$6.05,$291.8 m,46747296,$7.1 bn
03/21/2023,$6.09,$6.42,$6.02,$6.38,$306.1 m,49415735,$7.1 bn
03/20/2023,$6.45,$6.47,$6.07,$6.08,$265.6 m,42017399,$7.2 bn
03/19/2023,$6.32,$6.59,$6.32,$6.44,$283.6 m,43901036,$7.4 bn
03/18/2023,$6.62,$6.69,$6.29,$6.31,$323.4 m,49468930,$7.5 bn
03/17/2023,$6.09,$6.62,$6.03,$6.62,$377.7 m,59677236,$7.2 bn
03/16/2023,$5.87,$6.13,$5.79,$6.09,$257.1 m,42874264,$6.8 bn
03/15/2023,$6.22,$6.36,$5.80,$5.87,$408.2 m,66679015,$7 bn
03/14/2023,$6.10,$6.52,$6.00,$6.23,$399.3 m,64188433,$7.1 bn
03/13/2023,$5.89,$6.14,$5.72,$6.08,$446.8 m,75192942,$6.8 bn
03/12/2023,$5.47,$5.87,$5.38,$5.87,$359.4 m,65184703,$6.3 bn
03/11/2023,$5.55,$5.67,$5.25,$5.47,$307.2 m,56626327,$6.2 bn
03/10/2023,$5.40,$5.58,$5.17,$5.54,$495.9 m,91525523,$6.2 bn
03/09/2023,$5.60,$5.78,$5.30,$5.38,$429.4 m,76536845,$6.4 bn
03/08/2023,$5.85,$5.90,$5.55,$5.60,$337.2 m,58941699,$6.5 bn
03/07/2023,$5.93,$6.01,$5.76,$5.86,$325.5 m,55291756,$6.7 bn
03/06/2023,$5.99,$6.04,$5.89,$5.93,$296.6 m,49796892,$6.8 bn
03/05/2023,$5.93,$6.06,$5.92,$5.99,$266.6 m,44364486,$6.9 bn
03/04/2023,$6.03,$6.05,$5.79,$5.92,$273.2 m,45725712,$6.8 bn
03/03/2023,$6.33,$6.33,$5.88,$6.03,$309.7 m,51142973,$6.9 bn
03/02/2023,$6.54,$6.54,$6.24,$6.33,$217.7 m,34272145,$7.2 bn
03/01/2023,$6.34,$6.58,$6.33,$6.53,$267.9 m,41270726,$7.4 bn
02/28/2023,$6.58,$6.59,$6.29,$6.34,$281.6 m,43497967,$7.4 bn
02/27/2023,$6.69,$6.78,$6.50,$6.58,$350 m,52892124,$7.5 bn
02/26/2023,$6.54,$6.72,$6.51,$6.69,$227.5 m,34467292,$7.5 bn
02/25/2023,$6.61,$6.64,$6.37,$6.54,$262.9 m,40067871,$7.5 bn
02/24/2023,$7.09,$7.13,$6.50,$6.62,$402.9 m,58513359,$7.9 bn
02/23/2023,$7.18,$7.38,$7.02,$7.09,$491.6 m,68087609,$8.2 bn
02/22/2023,$7.25,$7.26,$6.89,$7.18,$516.9 m,72967128,$8.1 bn
02/21/2023,$7.55,$7.56,$7.13,$7.25,$507.9 m,69059519,$8.4 bn
02/20/2023,$7.45,$7.55,$7.29,$7.54,$576.5 m,77005606,$8.5 bn
02/19/2023,$7.23,$7.81,$7.19,$7.44,$1 bn,134353137,$8.5 bn
02/18/2023,$7.29,$7.36,$7.13,$7.24,$639.3 m,88334710,$8.3 bn
02/17/2023,$6.33,$7.39,$6.32,$7.28,$1.1 bn,157644618,$7.8 bn
02/16/2023,$6.61,$6.71,$6.34,$6.34,$604.3 m,91650715,$7.5 bn
02/15/2023,$6.23,$6.61,$6.17,$6.61,$462.1 m,73422492,$7.2 bn
02/14/2023,$6.14,$6.25,$6.03,$6.23,$321.9 m,52391302,$7 bn
02/13/2023,$6.18,$6.24,$5.91,$6.12,$383.2 m,62989799,$6.9 bn
02/12/2023,$6.28,$6.37,$6.12,$6.17,$193.8 m,30839631,$7.2 bn
02/11/2023,$6.19,$6.28,$6.17,$6.28,$155.8 m,25079736,$7.1 bn
02/10/2023,$6.23,$6.30,$6.15,$6.19,$347 m,55633296,$7.1 bn
02/09/2023,$6.75,$6.95,$6.12,$6.23,$591.9 m,88644580,$7.6 bn
02/08/2023,$6.94,$6.99,$6.64,$6.75,$323.6 m,47316538,$7.8 bn
02/07/2023,$6.49,$6.94,$6.49,$6.94,$365 m,54549756,$7.6 bn
02/06/2023,$6.64,$6.78,$6.46,$6.49,$318.5 m,47725596,$7.6 bn
02/05/2023,$6.87,$6.89,$6.53,$6.65,$363.6 m,53946256,$7.7 bn
02/04/2023,$7.01,$7.05,$6.83,$6.88,$366.8 m,53011089,$7.9 bn
02/03/2023,$6.54,$7.10,$6.53,$7.01,$688.4 m,101013549,$7.8 bn
02/02/2023,$6.46,$6.82,$6.46,$6.53,$673.6 m,102075891,$7.5 bn
02/01/2023,$6.26,$6.48,$6.05,$6.46,$390.8 m,62822029,$7.1 bn
01/31/2023,$6.19,$6.31,$6.16,$6.27,$277.3 m,44471780,$7.1 bn
01/30/2023,$6.61,$6.64,$6.08,$6.19,$345.1 m,54299601,$7.3 bn
01/29/2023,$6.40,$6.69,$6.34,$6.61,$298.1 m,45502251,$7.5 bn
01/28/2023,$6.58,$6.65,$6.34,$6.39,$250.7 m,38680424,$7.4 bn
01/27/2023,$6.47,$6.61,$6.32,$6.57,$319.9 m,49699997,$7.3 bn
01/26/2023,$6.40,$6.55,$6.32,$6.47,$396.3 m,61579037,$7.3 bn
01/25/2023,$6.19,$6.54,$6.03,$6.41,$451 m,72438142,$7.1 bn
01/24/2023,$6.56,$6.69,$6.14,$6.18,$377.8 m,57897296,$7.4 bn
01/23/2023,$6.21,$6.79,$6.20,$6.57,$650.8 m,100967377,$7.4 bn
01/22/2023,$6.24,$6.44,$6.10,$6.21,$402.8 m,64274548,$7.1 bn
01/21/2023,$6.25,$6.44,$6.11,$6.25,$532.3 m,84977629,$7.1 bn
01/20/2023,$5.80,$6.27,$5.78,$6.25,$480.6 m,81477760,$6.7 bn
01/19/2023,$5.66,$5.83,$5.66,$5.81,$261.4 m,45405445,$6.6 bn
01/18/2023,$5.96,$6.19,$5.64,$5.65,$647.8 m,109487548,$6.7 bn
01/17/2023,$5.81,$6.17,$5.74,$5.96,$582.4 m,97733467,$6.8 bn
01/16/2023,$5.93,$6.08,$5.68,$5.81,$511 m,87082166,$6.7 bn
01/15/2023,$6.03,$6.05,$5.80,$5.92,$531.4 m,89785588,$6.8 bn
01/14/2023,$5.40,$6.43,$5.40,$6.02,$1 bn,174613591,$6.7 bn
01/13/2023,$5.23,$5.41,$5.17,$5.40,$361.9 m,68931672,$6 bn
01/12/2023,$5.13,$5.25,$5.05,$5.23,$429.2 m,83648283,$5.9 bn
01/11/2023,$4.92,$5.13,$4.84,$5.13,$301.3 m,61382337,$5.6 bn
01/10/2023,$4.89,$4.96,$4.84,$4.92,$258.5 m,52646526,$5.6 bn
01/09/2023,$4.82,$5.06,$4.81,$4.89,$497.8 m,100794786,$5.6 bn
01/08/2023,$4.67,$4.80,$4.61,$4.80,$263.2 m,56208576,$5.3 bn
01/07/2023,$4.68,$4.70,$4.64,$4.67,$125.4 m,26872645,$5.3 bn
01/06/2023,$4.62,$4.70,$4.56,$4.68,$321 m,69328130,$5.3 bn
01/05/2023,$4.63,$4.65,$4.55,$4.62,$202.8 m,44140092,$5.2 bn
01/04/2023,$4.53,$4.68,$4.53,$4.63,$282 m,60853328,$5.3 bn
01/03/2023,$4.49,$4.54,$4.48,$4.53,$158.5 m,35162887,$5.1 bn
01/02/2023,$4.37,$4.52,$4.32,$4.49,$229.8 m,51445138,$5.1 bn
01/01/2023,$4.31,$4.38,$4.28,$4.37,$123.7 m,28594548,$4.9 bn
12/31/2022,$4.33,$4.39,$4.30,$4.31,$121.2 m,27949597,$4.9 bn
12/30/2022,$4.30,$4.33,$4.24,$4.32,$165.1 m,38473319,$4.9 bn
12/29/2022,$4.28,$4.35,$4.24,$4.31,$158.7 m,36827290,$4.9 bn
12/28/2022,$4.48,$4.48,$4.26,$4.28,$272.7 m,62576651,$5 bn
12/27/2022,$4.57,$4.57,$4.48,$4.48,$169 m,37457366,$5.1 bn
12/26/2022,$4.49,$4.57,$4.47,$4.57,$138.9 m,30850765,$5.1 bn
12/25/2022,$4.45,$4.49,$4.40,$4.49,$126.8 m,28538243,$5.1 bn
12/24/2022,$4.47,$4.49,$4.43,$4.45,$65.6 m,14700591,$5.1 bn
12/23/2022,$4.53,$4.54,$4.46,$4.47,$164.7 m,36592257,$5.1 bn
12/22/2022,$4.48,$4.53,$4.38,$4.53,$183.2 m,41137755,$5.1 bn
12/21/2022,$4.61,$4.61,$4.45,$4.48,$145.3 m,32246059,$5.1 bn
12/20/2022,$4.48,$4.64,$4.47,$4.61,$162.8 m,35482605,$5.2 bn
12/19/2022,$4.66,$4.70,$4.44,$4.48,$216.6 m,47123765,$5.2 bn
12/18/2022,$4.71,$4.71,$4.63,$4.66,$111.6 m,23894371,$5.3 bn
12/17/2022,$4.65,$4.71,$4.59,$4.71,$228.2 m,48820082,$5.3 bn
12/16/2022,$5.23,$5.25,$4.61,$4.66,$425 m,83407199,$5.8 bn
12/15/2022,$5.21,$5.25,$5.13,$5.23,$261.2 m,50260642,$5.9 bn
12/14/2022,$5.29,$5.35,$5.19,$5.22,$321.3 m,60848467,$6 bn
12/13/2022,$5.18,$5.33,$5.02,$5.28,$352.6 m,67988461,$5.9 bn
12/12/2022,$5.16,$5.19,$5.06,$5.17,$231.4 m,45049305,$5.9 bn
12/11/2022,$5.27,$5.32,$5.15,$5.16,$150.7 m,28598740,$6 bn
12/10/2022,$5.30,$5.32,$5.27,$5.27,$113.3 m,21413731,$6 bn
12/09/2022,$5.43,$5.43,$5.27,$5.29,$183.6 m,34248677,$6.1 bn
12/08/2022,$5.30,$5.45,$5.27,$5.43,$216.2 m,40577799,$6.1 bn
12/07/2022,$5.50,$5.51,$5.25,$5.30,$302.9 m,56620343,$6.1 bn
12/06/2022,$5.48,$5.51,$5.44,$5.50,$132.1 m,24117917,$6.2 bn
12/05/2022,$5.59,$5.72,$5.45,$5.49,$155.7 m,27745546,$6.4 bn
12/04/2022,$5.49,$5.60,$5.49,$5.60,$123.4 m,22248140,$6.3 bn
12/03/2022,$5.62,$5.68,$5.49,$5.50,$166.5 m,29878853,$6.4 bn
12/02/2022,$5.40,$5.67,$5.39,$5.63,$228.1 m,41198401,$6.3 bn
12/01/2022,$5.47,$5.48,$5.34,$5.40,$150.4 m,27877358,$6.2 bn
11/30/2022,$5.31,$5.49,$5.31,$5.48,$186.6 m,34490860,$6.2 bn
11/29/2022,$5.15,$5.34,$5.13,$5.31,$172.5 m,32763958,$6 bn
11/28/2022,$5.32,$5.32,$5.10,$5.15,$195.2 m,37632190,$5.9 bn
11/27/2022,$5.32,$5.43,$5.31,$5.31,$130.1 m,24164407,$6.1 bn
11/26/2022,$5.28,$5.44,$5.27,$5.31,$149.2 m,27828189,$6.1 bn
11/25/2022,$5.40,$5.40,$5.27,$5.28,$149 m,28063115,$6.1 bn
11/24/2022,$5.44,$5.51,$5.36,$5.40,$193.7 m,35740991,$6.2 bn
11/23/2022,$5.29,$5.47,$5.27,$5.44,$233 m,43258433,$6.1 bn
11/22/2022,$5.19,$5.32,$5.02,$5.28,$252.8 m,48750699,$5.9 bn
11/21/2022,$5.31,$5.31,$5.12,$5.20,$227.5 m,43482891,$6 bn
11/20/2022,$5.61,$5.65,$5.29,$5.31,$161.3 m,29211043,$6.3 bn
11/19/2022,$5.65,$5.66,$5.55,$5.61,$99.9 m,17872929,$6.4 bn
11/18/2022,$5.68,$5.77,$5.61,$5.65,$121 m,21215653,$6.5 bn
11/17/2022,$5.72,$5.73,$5.60,$5.68,$137.9 m,24277290,$6.5 bn
11/16/2022,$5.93,$6.00,$5.66,$5.73,$162 m,27819218,$6.6 bn
11/15/2022,$5.87,$6.04,$5.83,$5.93,$156 m,26302151,$6.8 bn
11/14/2022,$5.77,$5.89,$5.49,$5.87,$283.6 m,49434873,$6.5 bn
11/13/2022,$5.79,$5.94,$5.67,$5.77,$319.4 m,54995888,$6.6 bn
11/12/2022,$5.76,$5.90,$5.57,$5.79,$276.3 m,48054762,$6.6 bn
11/11/2022,$5.97,$5.98,$5.54,$5.76,$392.4 m,68304281,$6.6 bn
11/10/2022,$5.40,$6.15,$5.37,$5.96,$618.7 m,106855219,$6.6 bn
11/09/2022,$6.30,$6.35,$5.36,$5.40,$758.2 m,125388183,$6.9 bn
11/08/2022,$7.12,$7.18,$5.96,$6.29,$764.9 m,115995125,$7.5 bn
11/07/2022,$6.82,$7.39,$6.67,$7.12,$408.4 m,58504861,$8 bn
11/06/2022,$7.02,$7.13,$6.81,$6.82,$266.7 m,37935837,$8 bn
11/05/2022,$7.07,$7.23,$6.97,$7.02,$357.4 m,50528986,$8.1 bn
11/04/2022,$6.42,$7.09,$6.40,$7.06,$498.9 m,73797856,$7.7 bn
11/03/2022,$6.25,$6.52,$6.23,$6.42,$270.5 m,42022820,$7.3 bn
11/02/2022,$6.46,$6.51,$6.18,$6.25,$320 m,50308333,$7.3 bn
11/01/2022,$6.62,$6.70,$6.47,$6.47,$201.6 m,30624930,$7.5 bn
10/31/2022,$6.65,$6.81,$6.58,$6.63,$352 m,52721755,$7.6 bn
10/30/2022,$6.63,$6.72,$6.53,$6.65,$254.5 m,38585948,$7.5 bn
10/29/2022,$6.52,$6.74,$6.50,$6.63,$322.4 m,48830399,$7.5 bn
10/28/2022,$6.33,$6.56,$6.30,$6.52,$273.7 m,42562870,$7.3 bn
10/27/2022,$6.46,$6.61,$6.30,$6.34,$297.5 m,46068094,$7.4 bn
10/26/2022,$6.44,$6.58,$6.43,$6.46,$294.7 m,45431374,$7.4 bn
10/25/2022,$5.92,$6.60,$5.90,$6.44,$389.4 m,63663042,$7 bn
10/24/2022,$5.96,$5.98,$5.81,$5.91,$200.6 m,34117499,$6.7 bn
10/23/2022,$5.85,$5.97,$5.78,$5.96,$191.2 m,32638610,$6.7 bn
10/22/2022,$5.84,$5.87,$5.78,$5.84,$192.5 m,33042907,$6.6 bn
10/21/2022,$5.88,$5.89,$5.76,$5.83,$287 m,49130881,$6.7 bn
10/20/2022,$6.10,$6.15,$5.85,$5.88,$202.5 m,33438293,$6.9 bn
10/19/2022,$6.16,$6.25,$6.08,$6.10,$181.9 m,29602908,$7 bn
10/18/2022,$6.26,$6.29,$6.08,$6.16,$178.3 m,28809799,$7.1 bn
10/17/2022,$6.19,$6.27,$6.13,$6.25,$164.5 m,26535890,$7.1 bn
10/16/2022,$6.05,$6.24,$6.05,$6.19,$141.7 m,23038325,$7 bn
10/15/2022,$6.05,$6.10,$6.03,$6.05,$116.9 m,19267130,$6.9 bn
10/14/2022,$6.11,$6.26,$6.02,$6.04,$189.5 m,30787803,$7 bn
10/13/2022,$6.17,$6.18,$5.76,$6.12,$358.3 m,59487000,$6.9 bn
10/12/2022,$6.18,$6.23,$6.14,$6.17,$2.9 bn,474458979,$7.1 bn
10/11/2022,$6.26,$6.26,$6.15,$6.18,$3 bn,478805109,$7.1 bn
10/10/2022,$6.48,$6.54,$6.26,$6.26,$3 bn,471990193,$7.3 bn
10/09/2022,$6.31,$6.49,$6.29,$6.48,$3.1 bn,482365009,$7.3 bn
10/08/2022,$6.33,$6.39,$6.27,$6.31,$3 bn,466175942,$7.2 bn
10/07/2022,$6.34,$6.39,$6.27,$6.33,$3.4 bn,537226189,$7.2 bn
10/06/2022,$6.44,$6.51,$6.32,$6.34,$3.4 bn,534461908,$7.3 bn
10/05/2022,$6.50,$6.50,$6.29,$6.44,$3.5 bn,546160412,$7.3 bn
10/04/2022,$6.37,$6.53,$6.35,$6.49,$3.6 bn,560310600,$7.3 bn
10/03/2022,$6.15,$6.39,$6.12,$6.38,$3.5 bn,564086399,$7.2 bn
10/02/2022,$6.27,$6.32,$6.15,$6.16,$3.4 bn,546144150,$7.1 bn
10/01/2022,$6.32,$6.33,$6.23,$6.27,$3.5 bn,551972322,$7.2 bn
09/30/2022,$6.43,$6.55,$6.23,$6.32,$3.6 bn,565238160,$7.3 bn
09/29/2022,$6.39,$6.47,$6.28,$6.43,$3.6 bn,569960723,$7.3 bn
09/28/2022,$6.39,$6.46,$6.20,$6.39,$3.7 bn,575908999,$7.2 bn
09/27/2022,$6.55,$6.79,$6.26,$6.39,$3.7 bn,560173706,$7.5 bn
09/26/2022,$6.20,$6.56,$6.19,$6.55,$3.8 bn,596452447,$7.3 bn
09/25/2022,$6.27,$6.36,$6.12,$6.21,$3.6 bn,570245201,$7.2 bn
09/24/2022,$6.44,$6.50,$6.25,$6.28,$3.5 bn,537932226,$7.3 bn
09/23/2022,$6.45,$6.62,$6.22,$6.43,$3.7 bn,573973742,$7.3 bn
09/22/2022,$6.14,$6.50,$6.10,$6.45,$3.7 bn,575350681,$7.2 bn
09/21/2022,$6.28,$6.55,$6.00,$6.15,$3.7 bn,584146329,$7.2 bn
09/20/2022,$6.39,$6.40,$6.20,$6.28,$3.6 bn,574421653,$7.2 bn
09/19/2022,$6.44,$6.55,$6.13,$6.40,$3.7 bn,587571637,$7.2 bn
09/18/2022,$7.06,$7.06,$6.43,$6.43,$3.4 bn,497015038,$7.8 bn
09/17/2022,$6.90,$7.15,$6.90,$7.06,$3 bn,421241697,$8 bn
09/16/2022,$6.93,$6.96,$6.74,$6.89,$2.4 bn,347941244,$7.8 bn
09/15/2022,$7.21,$7.22,$6.89,$6.92,$3.5 bn,499800910,$8 bn
09/14/2022,$7.07,$7.28,$7.05,$7.21,$3.7 bn,516547488,$8.2 bn
09/13/2022,$7.66,$7.93,$7.05,$7.08,$3.7 bn,495884153,$8.5 bn
09/12/2022,$7.70,$8.03,$7.58,$7.66,$3.6 bn,470061346,$8.9 bn
09/11/2022,$7.78,$7.86,$7.59,$7.70,$3.6 bn,460264585,$8.8 bn
09/10/2022,$7.75,$7.85,$7.61,$7.79,$3.7 bn,479195204,$8.8 bn
09/09/2022,$7.39,$7.91,$7.37,$7.77,$3.8 bn,489045441,$8.8 bn
09/08/2022,$7.20,$7.44,$7.08,$7.39,$3.6 bn,503415189,$8.3 bn
09/07/2022,$6.87,$7.28,$6.80,$7.19,$3.7 bn,526032139,$8 bn
09/06/2022,$7.37,$7.68,$6.88,$6.88,$3.5 bn,469952008,$8.4 bn
09/05/2022,$7.37,$7.61,$7.28,$7.37,$3.7 bn,500017161,$8.5 bn
09/04/2022,$7.27,$7.38,$7.18,$7.37,$1.2 bn,167937885,$8.3 bn
09/03/2022,$7.29,$7.31,$7.20,$7.27,$3.7 bn,508755249,$8.3 bn
09/02/2022,$7.18,$7.55,$7.13,$7.29,$3.7 bn,511391278,$8.3 bn
09/01/2022,$7.03,$7.19,$6.89,$7.19,$3.9 bn,551209859,$6.3 bn
08/31/2022,$7.01,$7.27,$6.99,$7.02,$3.6 bn,508457812,$6.4 bn
08/30/2022,$7.27,$7.36,$6.92,$7.00,$3.8 bn,530591663,$6.4 bn
08/29/2022,$6.86,$7.29,$6.82,$7.28,$4 bn,561488585,$6.3 bn
08/28/2022,$7.04,$7.14,$6.83,$6.83,$3.5 bn,489159801,$6.3 bn
08/27/2022,$6.92,$7.09,$6.85,$7.05,$3.7 bn,525770681,$6.3 bn
08/26/2022,$7.58,$7.65,$6.89,$6.92,$3.5 bn,468634273,$6.6 bn
08/25/2022,$7.57,$7.74,$7.49,$7.58,$3.7 bn,480725421,$6.8 bn
08/24/2022,$7.63,$7.73,$7.43,$7.57,$3 bn,400745991,$6.8 bn
08/23/2022,$7.39,$7.69,$7.21,$7.63,$3.9 bn,523965566,$6.8 bn
08/22/2022,$7.43,$7.43,$7.02,$7.39,$3.7 bn,511075486,$6.5 bn
08/21/2022,$7.23,$7.51,$7.18,$7.43,$3.6 bn,495687435,$6.6 bn
08/20/2022,$7.33,$7.50,$7.05,$7.23,$3.1 bn,419716005,$6.6 bn
08/19/2022,$8.07,$8.07,$7.28,$7.32,$3.6 bn,475288807,$6.8 bn
08/18/2022,$8.36,$8.56,$8.09,$8.09,$3.8 bn,447851797,$7.6 bn
08/17/2022,$8.84,$9.15,$8.34,$8.35,$3.8 bn,434797785,$7.8 bn
08/16/2022,$8.79,$8.92,$8.66,$8.87,$3.8 bn,436322851,$7.9 bn
08/15/2022,$8.95,$9.33,$8.66,$8.81,$4.1 bn,459563394,$8 bn
08/14/2022,$9.29,$9.54,$8.89,$8.95,$3.8 bn,408907443,$8.3 bn
08/13/2022,$9.50,$9.67,$9.27,$9.29,$3.8 bn,403538854,$8.5 bn
08/12/2022,$9.21,$9.50,$9.06,$9.49,$4.3 bn,458510407,$8.3 bn
08/11/2022,$9.52,$9.61,$9.14,$9.22,$4.2 bn,444422373,$8.4 bn
08/10/2022,$8.89,$9.62,$8.57,$9.53,$4.7 bn,520265304,$8.1 bn
08/09/2022,$9.26,$9.40,$8.69,$8.91,$1.6 bn,178686481,$8.1 bn
08/08/2022,$8.65,$9.36,$8.65,$9.27,$558.6 m,61338776,$8.2 bn
08/07/2022,$8.52,$8.84,$8.40,$8.65,$306.9 m,35739534,$7.7 bn
08/06/2022,$8.80,$8.86,$8.51,$8.52,$341.9 m,39405177,$7.8 bn
08/05/2022,$8.08,$8.81,$8.08,$8.81,$473.5 m,56201302,$7.6 bn
08/04/2022,$7.99,$8.25,$7.92,$8.09,$338.8 m,41883910,$7.3 bn
08/03/2022,$7.94,$8.40,$7.71,$8.00,$408 m,50228530,$7.3 bn
08/02/2022,$8.17,$8.24,$7.70,$7.94,$516.5 m,65226540,$7.1 bn
08/01/2022,$8.62,$8.93,$8.08,$8.19,$528.1 m,62041426,$7.6 bn
07/31/2022,$8.21,$9.18,$8.11,$8.64,$684 m,80636889,$7.6 bn
07/30/2022,$8.21,$8.78,$8.17,$8.21,$575.3 m,67828336,$7.6 bn
07/29/2022,$7.86,$8.39,$7.79,$8.21,$625.8 m,77367601,$7.3 bn
07/28/2022,$7.68,$8.04,$7.53,$7.86,$649.9 m,83874649,$7 bn
07/27/2022,$6.77,$7.67,$6.65,$7.67,$462.6 m,67128274,$6.2 bn
07/26/2022,$6.77,$6.77,$6.54,$6.76,$357.1 m,53638622,$6 bn
07/25/2022,$7.40,$7.42,$6.77,$6.77,$379.1 m,53606891,$6.3 bn
07/24/2022,$7.35,$7.57,$7.33,$7.42,$314.6 m,42327248,$6.7 bn
07/23/2022,$7.30,$7.48,$7.11,$7.33,$298.9 m,40909376,$6.6 bn
07/22/2022,$7.52,$7.84,$7.27,$7.30,$413 m,54609663,$6.8 bn
07/21/2022,$7.47,$7.58,$7.21,$7.53,$376 m,50828624,$6.6 bn
07/20/2022,$7.79,$8.06,$7.41,$7.46,$554.9 m,71249243,$7 bn
07/19/2022,$7.63,$7.98,$7.53,$7.80,$695.4 m,89487384,$7 bn
07/18/2022,$6.92,$7.68,$6.92,$7.68,$547.5 m,74147926,$6.6 bn
07/17/2022,$7.19,$7.31,$6.92,$6.92,$247.8 m,34922645,$6.4 bn
07/16/2022,$6.80,$7.20,$6.59,$7.18,$329.5 m,48285001,$6.1 bn
07/15/2022,$6.73,$6.95,$6.67,$6.80,$292.6 m,42945982,$6.1 bn
07/14/2022,$6.48,$6.75,$6.31,$6.72,$300 m,46148086,$5.8 bn
07/13/2022,$6.27,$6.50,$6.09,$6.47,$363.2 m,57201912,$5.7 bn
07/12/2022,$6.53,$6.61,$6.28,$6.28,$271.9 m,41882031,$5.8 bn
07/11/2022,$6.84,$6.89,$6.52,$6.54,$290.3 m,42801684,$6.1 bn
07/10/2022,$7.25,$7.25,$6.79,$6.86,$380.2 m,54484029,$6.3 bn
07/09/2022,$7.07,$7.35,$7.06,$7.26,$362.1 m,50116938,$6.5 bn
07/08/2022,$7.31,$7.43,$6.96,$7.09,$501 m,70026378,$6.4 bn
07/07/2022,$6.93,$7.33,$6.90,$7.31,$467.2 m,66107980,$6.3 bn
07/06/2022,$6.84,$7.00,$6.73,$6.93,$444.5 m,64639471,$6.2 bn
07/05/2022,$7.17,$7.20,$6.67,$6.85,$580.8 m,84242063,$6.2 bn
07/04/2022,$6.85,$7.19,$6.80,$7.18,$396.7 m,57216443,$6.2 bn
07/03/2022,$6.82,$6.97,$6.65,$6.85,$264 m,39041344,$6.1 bn
07/02/2022,$6.73,$6.89,$6.64,$6.82,$325.6 m,48109354,$6.1 bn
07/01/2022,$7.05,$7.20,$6.58,$6.74,$570.9 m,83784962,$6.1 bn
06/30/2022,$7.01,$7.03,$6.67,$7.03,$526.6 m,77122941,$6.1 bn
06/29/2022,$7.31,$7.42,$6.97,$7.01,$514.1 m,71433334,$6.5 bn
06/28/2022,$7.73,$7.98,$7.29,$7.31,$416.2 m,54415585,$6.9 bn
06/27/2022,$7.84,$8.19,$7.73,$7.73,$339.8 m,42738955,$7.1 bn
06/26/2022,$8.13,$8.45,$7.83,$7.84,$360.8 m,44395608,$7.3 bn
06/25/2022,$8.19,$8.35,$7.80,$8.14,$334.7 m,41300919,$7.3 bn
06/24/2022,$7.79,$8.31,$7.74,$8.20,$447 m,55601233,$7.2 bn
06/23/2022,$7.39,$7.80,$7.39,$7.79,$380.2 m,49976398,$6.8 bn
06/22/2022,$7.75,$7.80,$7.37,$7.39,$363.4 m,48077231,$6.8 bn
06/21/2022,$7.88,$8.24,$7.71,$7.74,$381.8 m,47777448,$7.2 bn
06/20/2022,$7.52,$8.00,$7.20,$7.89,$449.8 m,59067618,$6.8 bn
06/19/2022,$7.05,$7.60,$6.79,$7.51,$444.4 m,61995552,$6.4 bn
06/18/2022,$7.28,$7.39,$6.52,$7.06,$531.3 m,76570897,$6.2 bn
06/17/2022,$7.11,$7.42,$7.06,$7.29,$377.1 m,51808278,$6.5 bn
06/16/2022,$8.51,$8.52,$7.00,$7.10,$565.3 m,73549784,$6.9 bn
06/15/2022,$7.35,$8.69,$6.87,$8.50,$1 bn,139169907,$6.6 bn
06/14/2022,$7.01,$7.51,$6.73,$7.36,$771 m,106314073,$6.5 bn
06/13/2022,$7.43,$7.43,$6.51,$7.01,$971.8 m,140047987,$6.2 bn
06/12/2022,$8.02,$8.09,$7.43,$7.43,$499.5 m,64494931,$7 bn
06/11/2022,$8.65,$8.84,$7.96,$8.01,$410.6 m,48682711,$7.6 bn
06/10/2022,$9.22,$9.35,$8.64,$8.65,$403.2 m,44844702,$8.1 bn
06/09/2022,$9.00,$9.43,$8.93,$9.23,$315.9 m,34352423,$8.3 bn
06/08/2022,$9.23,$9.37,$8.95,$8.99,$291.5 m,32010216,$8.2 bn
06/07/2022,$9.48,$9.48,$8.88,$9.22,$383.8 m,41996422,$8.2 bn
06/06/2022,$9.33,$9.92,$9.33,$9.49,$368.5 m,38082740,$8.7 bn
06/05/2022,$9.45,$9.53,$9.27,$9.34,$205.2 m,21871492,$8.4 bn
06/04/2022,$9.38,$9.53,$9.17,$9.43,$238.1 m,25431178,$8.4 bn
06/03/2022,$9.90,$9.90,$9.23,$9.37,$360.6 m,37789644,$8.6 bn
06/02/2022,$9.43,$9.98,$9.33,$9.89,$445.1 m,46419258,$8.6 bn
06/01/2022,$10.35,$10.67,$9.37,$9.47,$596.5 m,59161672,$9.1 bn
05/31/2022,$10.45,$10.62,$10.03,$10.36,$576.8 m,55658224,$9.3 bn
05/30/2022,$9.98,$10.67,$9.93,$10.46,$604.6 m,58711035,$9.2 bn
05/29/2022,$9.64,$9.99,$9.37,$9.97,$464.9 m,48059607,$8.7 bn
05/28/2022,$9.12,$9.74,$8.99,$9.67,$475.3 m,50664117,$8.4 bn
05/27/2022,$9.18,$9.89,$8.61,$9.13,$1.1 bn,115928863,$8.3 bn
05/26/2022,$9.88,$9.98,$8.91,$9.18,$698.2 m,73718183,$8.5 bn
05/25/2022,$10.19,$10.31,$9.84,$9.85,$438.4 m,43739133,$9 bn
05/24/2022,$9.89,$10.24,$9.63,$10.19,$534.3 m,53679641,$8.9 bn
05/23/2022,$10.17,$10.71,$9.89,$9.89,$709.5 m,68921733,$9.2 bn
05/22/2022,$10.00,$10.29,$9.88,$10.19,$374.5 m,37140230,$9.1 bn
05/21/2022,$9.67,$10.04,$9.53,$9.99,$310 m,31617786,$8.8 bn
05/20/2022,$10.02,$10.22,$9.48,$9.68,$510.2 m,51739993,$8.9 bn
05/19/2022,$9.53,$10.32,$9.25,$10.05,$688.9 m,70145882,$8.8 bn
05/18/2022,$11.07,$11.15,$9.51,$9.51,$688 m,66915671,$9.2 bn
05/17/2022,$10.63,$11.29,$10.49,$11.04,$593.8 m,54183975,$9.8 bn
05/16/2022,$11.75,$11.75,$10.42,$10.61,$713.9 m,65405440,$9.8 bn
05/15/2022,$11.24,$11.82,$10.64,$11.81,$795.8 m,71463387,$10 bn
05/14/2022,$10.43,$11.49,$9.83,$11.33,$1.2 bn,110185406,$9.5 bn
05/13/2022,$8.71,$11.70,$8.58,$10.49,$1.5 bn,146940362,$9.4 bn
05/12/2022,$9.11,$9.42,$7.40,$8.75,$1.5 bn,172166939,$7.6 bn
05/11/2022,$11.36,$11.62,$8.25,$8.95,$2 bn,194340601,$9.1 bn
05/10/2022,$10.71,$12.31,$10.41,$11.35,$1.5 bn,132660514,$10.3 bn
05/09/2022,$13.26,$13.47,$10.73,$10.73,$1.2 bn,102193789,$10.9 bn
05/08/2022,$13.78,$13.82,$13.08,$13.21,$584.2 m,43385885,$12.1 bn
05/07/2022,$14.34,$14.36,$13.50,$13.77,$429.1 m,30376652,$12.7 bn
05/06/2022,$14.56,$14.65,$13.97,$14.31,$676.9 m,47152907,$12.9 bn
05/05/2022,$16.34,$16.38,$14.20,$14.58,$753.8 m,48634700,$13.9 bn
05/04/2022,$14.72,$16.30,$14.69,$16.30,$569.7 m,37091699,$13.8 bn
05/03/2022,$14.97,$15.20,$14.54,$14.72,$331.8 m,22195853,$13.4 bn
05/02/2022,$15.37,$15.57,$14.59,$14.98,$444.4 m,29412294,$13.6 bn
05/01/2022,$15.31,$15.51,$14.59,$15.37,$480.1 m,31928501,$13.5 bn
04/30/2022,$16.23,$16.40,$15.24,$15.31,$343.3 m,21508856,$14.3 bn
04/29/2022,$16.98,$17.05,$16.02,$16.16,$365.4 m,22060549,$14.9 bn
04/28/2022,$16.93,$17.35,$16.78,$16.99,$390.1 m,22909447,$15.3 bn
04/27/2022,$16.67,$17.24,$16.56,$16.94,$393.3 m,23228435,$15.2 bn
04/26/2022,$18.12,$18.27,$16.44,$16.63,$501 m,28516745,$15.8 bn
04/25/2022,$18.17,$18.22,$17.18,$18.11,$545 m,30847558,$15.9 bn
04/24/2022,$18.74,$19.14,$18.11,$18.15,$356.2 m,19105879,$16.7 bn
04/23/2022,$18.27,$19.23,$18.03,$18.72,$405.3 m,21736940,$16.7 bn
04/22/2022,$18.16,$18.52,$18.11,$18.31,$411.7 m,22472238,$16.4 bn
04/21/2022,$19.06,$19.61,$18.14,$18.18,$487.3 m,25522796,$17.1 bn
04/20/2022,$18.87,$19.43,$18.55,$19.08,$566.7 m,29843092,$17 bn
04/19/2022,$18.15,$18.91,$18.06,$18.89,$361.9 m,19677705,$16.5 bn
04/18/2022,$17.74,$18.30,$17.16,$18.15,$484.2 m,27311060,$15.9 bn
04/17/2022,$18.61,$18.80,$17.71,$17.77,$295.8 m,16010685,$16.6 bn
04/16/2022,$18.35,$18.68,$18.26,$18.62,$256 m,13904906,$16.5 bn
04/15/2022,$17.92,$18.38,$17.83,$18.35,$291.1 m,16044419,$16.3 bn
04/14/2022,$18.17,$18.46,$17.53,$17.93,$357.8 m,19831459,$16.2 bn
04/13/2022,$17.77,$18.26,$17.43,$18.19,$399.9 m,22317715,$16.1 bn
04/12/2022,$17.24,$17.99,$17.19,$17.77,$470.8 m,26747453,$15.8 bn
04/11/2022,$19.23,$19.28,$17.03,$17.17,$633.3 m,34663081,$16.4 bn
04/10/2022,$19.75,$20.20,$19.26,$19.26,$358.3 m,18152608,$17.7 bn
04/09/2022,$19.45,$19.78,$19.32,$19.78,$289.2 m,14761115,$17.6 bn
04/08/2022,$20.40,$20.56,$19.23,$19.42,$508.8 m,25246084,$18.1 bn
04/07/2022,$19.89,$20.63,$19.58,$20.42,$530.9 m,26306716,$18.1 bn
04/06/2022,$21.75,$21.77,$19.77,$19.82,$763.4 m,36535184,$18.8 bn
04/05/2022,$22.90,$23.10,$21.76,$21.80,$598.4 m,26453389,$20.3 bn
04/04/2022,$23.20,$23.21,$21.68,$22.68,$740.8 m,32841905,$20.2 bn
04/03/2022,$22.65,$23.54,$22.56,$23.20,$759.1 m,32920756,$20.7 bn
04/02/2022,$22.04,$23.73,$22.03,$22.65,$968.2 m,42551180,$20.4 bn
04/01/2022,$21.31,$22.14,$20.71,$22.02,$756.3 m,35197163,$19.3 bn
03/31/2022,$22.41,$22.97,$21.22,$21.30,$775.4 m,34848624,$20 bn
03/30/2022,$22.38,$22.86,$21.79,$22.45,$751.4 m,33698542,$20 bn
03/29/2022,$22.00,$22.91,$21.96,$22.48,$785.6 m,35016015,$20.1 bn
03/28/2022,$22.45,$23.24,$21.87,$22.00,$833.1 m,36558540,$20.5 bn
03/27/2022,$20.91,$22.43,$20.74,$22.43,$498.6 m,23515078,$19 bn
03/26/2022,$20.54,$21.01,$20.28,$20.89,$335.5 m,16170483,$18.6 bn
03/25/2022,$21.22,$21.32,$20.31,$20.55,$578.2 m,27703059,$18.7 bn
03/24/2022,$21.01,$21.40,$20.39,$21.22,$726.3 m,34693563,$18.8 bn
03/23/2022,$20.22,$21.07,$19.87,$20.99,$793.7 m,38744011,$18.4 bn
03/22/2022,$18.75,$20.43,$18.70,$20.22,$725.5 m,36791048,$17.7 bn
03/21/2022,$18.62,$19.04,$18.48,$18.79,$431.1 m,22943883,$16.9 bn
03/20/2022,$19.61,$19.61,$18.39,$18.62,$399.7 m,20810139,$17.2 bn
03/19/2022,$18.95,$19.74,$18.90,$19.61,$468.2 m,24256612,$17.3 bn
03/18/2022,$18.74,$19.17,$18.15,$18.99,$432.4 m,23206545,$16.7 bn
03/17/2022,$19.05,$19.24,$18.64,$18.74,$453.8 m,23999385,$17 bn
03/16/2022,$17.81,$19.13,$17.74,$19.04,$719.9 m,39338651,$16.4 bn
03/15/2022,$17.69,$17.99,$17.07,$17.81,$392 m,22393670,$15.7 bn
03/14/2022,$17.20,$17.81,$17.06,$17.68,$422 m,24139832,$15.7 bn
03/13/2022,$18.10,$18.37,$17.17,$17.23,$387.9 m,21597497,$16.1 bn
03/12/2022,$17.73,$18.66,$17.73,$18.14,$546 m,29836747,$16.4 bn
03/11/2022,$16.97,$18.40,$16.73,$17.71,$720.4 m,40864488,$15.8 bn
03/10/2022,$17.84,$17.88,$16.72,$16.97,$422.7 m,24734119,$15.3 bn
03/09/2022,$16.98,$18.05,$16.93,$17.86,$483.7 m,27335189,$15.9 bn
03/08/2022,$16.41,$17.22,$16.39,$16.95,$497.9 m,29674081,$15.1 bn
03/07/2022,$16.97,$17.11,$16.09,$16.41,$534.5 m,32289800,$14.9 bn
03/06/2022,$17.30,$17.54,$16.61,$16.97,$405.2 m,23668898,$15.4 bn
03/05/2022,$16.75,$17.70,$16.28,$17.31,$428.2 m,25230190,$15.2 bn
03/04/2022,$17.33,$17.48,$16.54,$16.74,$599.3 m,34969023,$15.4 bn
03/03/2022,$18.56,$18.57,$17.79,$17.95,$704.2 m,38689907,$16.3 bn
03/02/2022,$18.79,$19.16,$18.39,$18.54,$836.9 m,44703633,$16.8 bn
03/01/2022,$18.94,$19.48,$18.37,$18.83,$1.1 bn,60067475,$16.9 bn
02/28/2022,$17.48,$18.98,$16.76,$18.92,$1.2 bn,69229842,$15.7 bn
02/27/2022,$18.01,$18.63,$17.22,$17.47,$892.6 m,49831164,$16.1 bn
02/26/2022,$17.24,$18.68,$17.24,$18.03,$968 m,53533400,$16.2 bn
02/25/2022,$16.16,$17.41,$15.85,$17.26,$821.6 m,50380164,$14.6 bn
02/24/2022,$15.94,$16.52,$14.13,$16.17,$1.4 bn,93006756,$13.8 bn
02/23/2022,$16.57,$17.47,$15.96,$15.99,$722.4 m,43259835,$15 bn
02/22/2022,$16.21,$16.66,$15.84,$16.56,$647.1 m,39891935,$14.6 bn
02/21/2022,$16.91,$17.69,$16.09,$16.21,$767.9 m,45099201,$15.3 bn
02/20/2022,$17.86,$17.86,$16.74,$16.91,$519.8 m,30397277,$15.4 bn
02/19/2022,$17.80,$18.09,$17.40,$17.88,$334.6 m,18839519,$15.9 bn
02/18/2022,$18.13,$18.58,$17.71,$17.80,$530.1 m,29168507,$16.3 bn
02/17/2022,$19.84,$19.98,$17.89,$18.12,$622.6 m,32804949,$17 bn
02/16/2022,$20.12,$20.16,$19.10,$19.79,$525.1 m,26665391,$17.7 bn
02/15/2022,$18.71,$20.28,$18.67,$20.14,$522.9 m,26710629,$17.6 bn
02/14/2022,$18.76,$18.90,$18.06,$18.71,$491.8 m,26613696,$16.6 bn
02/13/2022,$18.80,$19.26,$18.43,$18.85,$415.2 m,21925698,$17 bn
02/12/2022,$18.96,$19.39,$18.38,$18.80,$566.1 m,29985027,$16.9 bn
02/11/2022,$20.48,$20.69,$18.65,$18.96,$782.8 m,38833052,$18.1 bn
02/10/2022,$21.90,$22.41,$20.55,$20.60,$889.7 m,41225992,$19.4 bn
02/09/2022,$21.67,$22.19,$21.12,$21.92,$611.1 m,28094588,$19.5 bn
02/08/2022,$22.42,$23.10,$21.10,$21.67,$1 bn,46655218,$19.6 bn
02/07/2022,$21.17,$22.63,$21.17,$22.38,$954.5 m,42998681,$19.9 bn
02/06/2022,$21.35,$21.86,$20.90,$21.17,$525 m,24614642,$19.1 bn
02/05/2022,$20.44,$22.24,$20.34,$21.34,$887.5 m,41343835,$19.3 bn
02/04/2022,$18.81,$20.42,$18.76,$20.42,$805.6 m,41380878,$17.5 bn
02/03/2022,$18.80,$18.80,$18.10,$18.77,$633.4 m,34217369,$16.6 bn
02/02/2022,$19.61,$20.52,$18.73,$18.78,$815.9 m,41195770,$17.8 bn
02/01/2022,$19.33,$19.91,$19.20,$19.59,$749.8 m,38335019,$17.6 bn
01/31/2022,$18.17,$19.54,$17.20,$19.42,$804.2 m,44429172,$16.2 bn
01/30/2022,$18.66,$18.94,$17.83,$18.18,$533.5 m,28799725,$16.6 bn
01/29/2022,$18.29,$18.94,$18.13,$18.69,$527.5 m,28411660,$16.7 bn
01/28/2022,$18.06,$18.42,$17.43,$18.33,$727.2 m,40371344,$16.2 bn
01/27/2022,$17.99,$18.30,$17.24,$18.13,$863.2 m,48492782,$16 bn
01/26/2022,$18.28,$19.93,$17.62,$18.06,$1.2 bn,63620256,$16.8 bn
01/25/2022,$17.99,$19.00,$17.42,$18.33,$981.1 m,53972455,$16.3 bn
01/24/2022,$18.74,$18.74,$15.93,$18.03,$1.6 bn,94971780,$15.6 bn
01/23/2022,$18.24,$19.15,$17.78,$18.82,$1.1 bn,61500369,$16.5 bn
01/22/2022,$19.82,$20.06,$16.46,$18.21,$2 bn,107935552,$16.5 bn
01/21/2022,$22.98,$23.43,$19.26,$19.62,$1.6 bn,70983152,$19.7 bn
01/20/2022,$24.07,$25.50,$22.93,$22.93,$792.6 m,32255612,$22.1 bn
01/19/2022,$25.14,$25.27,$23.75,$24.11,$746.1 m,30581770,$21.9 bn
01/18/2022,$25.72,$26.00,$24.30,$25.16,$864.2 m,34491835,$22.5 bn
01/17/2022,$27.69,$27.72,$25.20,$25.71,$922.8 m,34976009,$23.7 bn
01/16/2022,$27.64,$28.42,$27.32,$27.66,$854.7 m,30604639,$25.1 bn
01/15/2022,$27.80,$28.37,$26.92,$27.72,$743 m,26973796,$24.7 bn
01/14/2022,$25.78,$27.83,$25.60,$27.71,$1.2 bn,44413922,$24.2 bn
01/13/2022,$27.31,$27.57,$25.76,$25.76,$885.2 m,33177954,$23.9 bn
01/12/2022,$25.59,$27.54,$25.48,$27.31,$938.3 m,35387907,$23.8 bn
01/11/2022,$23.74,$25.96,$23.54,$25.53,$1 bn,41349870,$22.1 bn
01/10/2022,$24.63,$25.17,$22.57,$23.77,$1.2 bn,47795585,$21.7 bn
01/09/2022,$23.98,$25.25,$23.77,$24.61,$842.6 m,34432163,$22 bn
01/08/2022,$24.94,$25.50,$23.28,$24.00,$998.2 m,40324380,$22.2 bn
01/07/2022,$26.74,$26.77,$24.39,$24.86,$1.7 bn,64836059,$22.9 bn
01/06/2022,$26.68,$27.30,$25.58,$26.75,$1.1 bn,42791648,$23.6 bn
01/05/2022,$28.73,$30.32,$25.47,$26.81,$1.3 bn,46020005,$26.1 bn
01/04/2022,$30.18,$30.49,$28.76,$28.76,$1.1 bn,37768107,$26.7 bn
01/03/2022,$29.69,$30.81,$28.70,$30.10,$1.3 bn,43865833,$26.6 bn
01/02/2022,$28.56,$30.54,$27.89,$29.70,$956.9 m,32921033,$26.1 bn
01/01/2022,$26.73,$28.57,$26.73,$28.57,$591.2 m,21511141,$24.7 bn
12/31/2021,$27.59,$28.08,$26.32,$26.70,$911.5 m,33484227,$24.4 bn
12/30/2021,$26.84,$28.36,$26.26,$27.55,$860.1 m,31377131,$24.6 bn
12/29/2021,$27.94,$28.92,$26.64,$26.77,$1.1 bn,39025734,$25.2 bn
12/28/2021,$30.94,$30.94,$27.65,$27.89,$1.6 bn,54212813,$26.1 bn
12/27/2021,$31.37,$32.73,$30.93,$31.00,$1.1 bn,35865030,$28.5 bn
12/26/2021,$28.87,$31.69,$28.37,$31.34,$1.2 bn,38922826,$26.6 bn
12/25/2021,$28.10,$29.06,$28.06,$28.93,$493.2 m,17308362,$25.6 bn
12/24/2021,$29.14,$29.58,$27.95,$28.09,$739.3 m,25481352,$26 bn
12/23/2021,$27.28,$29.70,$26.80,$29.17,$1.2 bn,41232362,$25.1 bn
12/22/2021,$25.20,$28.16,$25.02,$27.21,$1 bn,38654869,$23.9 bn
12/21/2021,$24.10,$25.56,$23.82,$25.19,$675.7 m,27308585,$22.2 bn
12/20/2021,$24.75,$24.93,$23.37,$24.10,$675.8 m,27974725,$21.7 bn
12/19/2021,$25.50,$25.84,$24.71,$24.77,$552.4 m,21943945,$22.6 bn
12/18/2021,$24.71,$25.72,$24.27,$25.50,$669.3 m,26680148,$22.5 bn
12/17/2021,$26.05,$26.18,$24.33,$24.73,$889.1 m,35224789,$22.7 bn
12/16/2021,$27.22,$27.75,$25.87,$25.99,$1.1 bn,42459061,$24.2 bn
12/15/2021,$26.15,$27.94,$24.43,$27.19,$1.2 bn,47251073,$23.4 bn
12/14/2021,$26.38,$26.63,$25.12,$26.17,$913.1 m,35102931,$23.3 bn
12/13/2021,$29.62,$29.80,$25.76,$26.38,$963.1 m,34794019,$24.8 bn
12/12/2021,$27.77,$30.00,$27.36,$29.57,$645.1 m,22706427,$25.5 bn
12/11/2021,$26.52,$28.08,$25.96,$27.80,$863.5 m,31306860,$24.8 bn
12/10/2021,$27.02,$28.37,$25.86,$26.48,$1 bn,38275888,$24.2 bn
12/09/2021,$29.83,$30.04,$26.89,$27.02,$881 m,31108550,$25.4 bn
12/08/2021,$30.55,$30.55,$28.15,$29.87,$1 bn,35617921,$26.3 bn
12/07/2021,$28.25,$31.39,$27.86,$30.48,$1.4 bn,46675123,$26.3 bn
12/06/2021,$28.24,$28.83,$24.95,$28.20,$1.5 bn,55537954,$24.1 bn
12/05/2021,$29.46,$29.63,$26.61,$28.31,$1.1 bn,38692665,$25.4 bn
12/04/2021,$33.76,$33.81,$25.48,$29.37,$2.2 bn,76511216,$26.4 bn
12/03/2021,$35.75,$36.74,$33.06,$33.68,$990 m,28070112,$31.7 bn
12/02/2021,$36.74,$36.74,$35.16,$35.74,$726.4 m,20210878,$32.3 bn
12/01/2021,$37.89,$38.73,$36.35,$36.73,$874.4 m,23236244,$33.8 bn
11/30/2021,$37.20,$39.26,$35.53,$38.00,$1.2 bn,31884239,$33.4 bn
11/29/2021,$35.80,$37.51,$35.53,$37.15,$954.6 m,26287361,$32.6 bn
11/28/2021,$35.08,$35.76,$32.58,$35.76,$1.2 bn,35354573,$30.4 bn
11/27/2021,$34.64,$35.90,$34.52,$34.95,$765.2 m,21674302,$31.7 bn
11/26/2021,$39.48,$39.58,$34.17,$34.44,$1.7 bn,46565255,$32.8 bn
11/25/2021,$38.38,$40.75,$38.15,$39.44,$915.9 m,23236574,$35.4 bn
11/24/2021,$40.81,$40.88,$38.13,$38.34,$854.4 m,21757108,$35.3 bn
11/23/2021,$39.49,$41.45,$38.78,$40.83,$879 m,22006393,$35.9 bn
11/22/2021,$42.04,$42.04,$38.94,$39.51,$1.1 bn,26464752,$36 bn
11/21/2021,$42.09,$43.48,$40.73,$41.92,$888.9 m,21374088,$37.3 bn
11/20/2021,$41.31,$42.06,$40.07,$42.01,$789.1 m,19066902,$37.1 bn
11/19/2021,$39.15,$42.19,$38.45,$41.21,$1.2 bn,29264309,$36.3 bn
11/18/2021,$42.69,$43.22,$37.93,$38.98,$1.7 bn,40842470,$36.4 bn
11/17/2021,$41.00,$42.61,$39.05,$42.61,$1.5 bn,36201449,$36.7 bn
11/16/2021,$44.71,$44.71,$39.18,$40.95,$2.3 bn,55130932,$37.6 bn
11/15/2021,$46.43,$47.38,$44.72,$44.83,$884.3 m,19107289,$41.5 bn
11/14/2021,$47.15,$47.75,$45.08,$46.37,$697.7 m,15081336,$41.5 bn
11/13/2021,$46.03,$47.45,$44.97,$47.12,$867.1 m,18822777,$41.4 bn
11/12/2021,$47.50,$47.67,$44.12,$46.10,$1.6 bn,34179814,$41.4 bn
11/11/2021,$46.71,$49.37,$45.69,$47.67,$1.4 bn,30050244,$43.1 bn
11/10/2021,$50.76,$51.95,$43.61,$46.85,$2.5 bn,50701136,$45.1 bn
11/09/2021,$53.31,$53.31,$50.70,$50.81,$1.5 bn,28565605,$46.7 bn
11/08/2021,$52.17,$53.80,$51.75,$53.36,$1.3 bn,25310095,$47.5 bn
11/07/2021,$51.94,$53.43,$51.35,$52.11,$1.1 bn,21546366,$47 bn
11/06/2021,$51.77,$52.36,$49.15,$51.94,$1.3 bn,26427109,$45.7 bn
11/05/2021,$53.83,$53.87,$50.73,$51.85,$1.4 bn,27662277,$46.8 bn
11/04/2021,$53.29,$54.87,$52.23,$53.86,$2.2 bn,41270692,$47.9 bn
11/03/2021,$51.65,$54.42,$49.29,$53.27,$2.7 bn,51772941,$46.4 bn
11/02/2021,$49.94,$53.04,$48.09,$51.65,$3 bn,59375243,$45.3 bn
11/01/2021,$42.76,$51.27,$41.85,$50.04,$3.5 bn,77067954,$41.2 bn
10/31/2021,$42.68,$43.29,$41.21,$42.79,$907 m,21520959,$37.8 bn
10/30/2021,$44.15,$44.22,$42.34,$42.69,$733 m,16994617,$38.7 bn
10/29/2021,$41.85,$44.31,$41.70,$44.07,$1.2 bn,28516581,$38.8 bn
10/28/2021,$40.55,$43.03,$40.03,$41.85,$1.5 bn,35933528,$37.7 bn
10/27/2021,$45.04,$45.62,$40.09,$40.53,$2.3 bn,55248488,$38.2 bn
10/26/2021,$44.54,$45.97,$43.50,$44.91,$1.4 bn,32262834,$39.6 bn
10/25/2021,$42.35,$44.70,$42.20,$44.52,$1.2 bn,27087659,$39.2 bn
10/24/2021,$43.95,$44.12,$41.46,$42.34,$1.1 bn,25408842,$38.5 bn
10/23/2021,$43.53,$44.72,$43.11,$43.97,$1 bn,23824935,$39.4 bn
10/22/2021,$42.86,$46.19,$42.79,$43.51,$2.1 bn,47652757,$39.9 bn
10/21/2021,$44.36,$45.40,$42.18,$42.92,$2 bn,46146962,$39.2 bn
10/20/2021,$41.34,$45.03,$41.11,$44.35,$1.9 bn,43488877,$38.2 bn
10/19/2021,$41.18,$41.52,$40.23,$41.32,$1.2 bn,30482800,$36.8 bn
10/18/2021,$42.10,$43.07,$40.34,$41.13,$1.5 bn,35464618,$37.5 bn
10/17/2021,$41.70,$42.79,$40.06,$42.06,$1.5 bn,35791479,$37.6 bn
10/16/2021,$43.25,$44.62,$41.36,$41.79,$1.8 bn,41516387,$38.4 bn
10/15/2021,$40.70,$43.97,$39.53,$43.25,$2.9 bn,71699092,$36.8 bn
10/14/2021,$41.73,$42.20,$39.47,$40.75,$2.5 bn,60330200,$36.7 bn
10/13/2021,$35.09,$42.88,$33.97,$41.60,$4 bn,108897980,$33 bn
10/12/2021,$34.12,$35.33,$32.13,$35.03,$1.5 bn,45353072,$30.2 bn
10/11/2021,$34.39,$35.99,$33.31,$34.17,$1.3 bn,37012171,$31.2 bn
10/10/2021,$36.27,$37.24,$34.31,$34.39,$1.5 bn,40714530,$32.3 bn
10/09/2021,$33.29,$36.84,$33.05,$36.29,$1.5 bn,42199741,$31.2 bn
10/08/2021,$33.96,$34.37,$33.20,$33.28,$1.2 bn,37093134,$30.2 bn
10/07/2021,$32.19,$35.13,$31.03,$33.97,$2.2 bn,65491641,$29.8 bn
10/06/2021,$31.42,$32.96,$29.22,$32.43,$1.6 bn,50022204,$28 bn
10/05/2021,$31.13,$32.10,$30.65,$31.44,$993.4 m,31661998,$28.2 bn
10/04/2021,$32.07,$32.07,$30.30,$31.04,$1 bn,32292307,$27.9 bn
10/03/2021,$32.07,$32.60,$31.44,$32.10,$928.6 m,28981844,$28.8 bn
10/02/2021,$31.95,$33.34,$31.62,$32.13,$1 bn,32116823,$29.1 bn
10/01/2021,$28.60,$32.24,$28.55,$31.95,$1.5 bn,48281877,$27.3 bn
09/30/2021,$27.26,$28.80,$27.22,$28.56,$897.2 m,31914281,$25.2 bn
09/29/2021,$26.32,$28.48,$26.20,$27.26,$1.1 bn,39768114,$24.6 bn
09/28/2021,$27.75,$28.28,$26.23,$26.25,$1.1 bn,39920875,$24.6 bn
09/27/2021,$28.79,$30.13,$27.65,$27.75,$1.2 bn,41945617,$25.9 bn
09/26/2021,$29.84,$29.97,$26.86,$28.82,$1.9 bn,64207263,$26 bn
09/25/2021,$30.89,$32.10,$29.53,$29.89,$1.5 bn,48753095,$27.4 bn
09/24/2021,$33.40,$33.40,$28.21,$30.81,$2.7 bn,87454964,$27.9 bn
09/23/2021,$31.57,$33.46,$30.43,$33.46,$1.7 bn,52463923,$28.5 bn
09/22/2021,$26.28,$31.87,$25.97,$31.53,$2.1 bn,70581274,$26.2 bn
09/21/2021,$28.25,$30.27,$25.86,$26.13,$2.2 bn,78732518,$25.6 bn
09/20/2021,$33.82,$33.82,$26.99,$28.13,$2.7 bn,87858682,$27.1 bn
09/19/2021,$34.86,$34.86,$33.16,$33.78,$1 bn,30735741,$30.5 bn
09/18/2021,$33.00,$35.78,$32.55,$34.91,$1.3 bn,36853504,$31.1 bn
09/17/2021,$35.61,$36.86,$32.45,$32.97,$1.7 bn,47909181,$31.2 bn
09/16/2021,$36.54,$36.92,$34.21,$35.58,$1.6 bn,46209940,$31.8 bn
09/15/2021,$37.40,$37.92,$35.63,$36.37,$1.5 bn,42326721,$32.8 bn
09/14/2021,$34.84,$38.44,$34.15,$37.39,$2.7 bn,73166488,$32.8 bn
09/13/2021,$36.11,$37.73,$32.47,$34.78,$5 bn,142407817,$31.6 bn
09/12/2021,$31.50,$36.26,$30.83,$35.86,$3 bn,90891263,$29.6 bn
09/11/2021,$29.26,$32.00,$28.37,$31.41,$1.7 bn,55145892,$27 bn
09/10/2021,$29.87,$32.58,$28.11,$29.17,$2.6 bn,85168720,$27.3 bn
09/09/2021,$27.70,$31.67,$27.09,$29.74,$2.2 bn,74246496,$26.2 bn
09/08/2021,$27.84,$28.84,$25.35,$27.62,$2.4 bn,86455929,$24.9 bn
09/07/2021,$34.32,$35.60,$23.61,$27.83,$4 bn,127490931,$28.2 bn
09/06/2021,$34.35,$34.96,$32.93,$34.23,$1.7 bn,49612395,$30.7 bn
09/05/2021,$32.39,$34.66,$32.05,$34.40,$1.4 bn,42091387,$29.7 bn
09/04/2021,$33.51,$34.01,$32.17,$32.40,$1.2 bn,35709452,$29.7 bn
09/03/2021,$31.95,$33.92,$31.14,$33.58,$1.8 bn,55773346,$29.5 bn
09/02/2021,$32.42,$32.71,$31.52,$31.84,$1.7 bn,52167563,$29 bn
09/01/2021,$31.14,$33.71,$29.69,$33.04,$2.7 bn,87634294,$27.7 bn
08/31/2021,$25.97,$31.83,$25.79,$31.66,$4 bn,140322181,$25.7 bn
08/30/2021,$25.68,$27.46,$24.41,$25.97,$1.4 bn,55451132,$22.9 bn
08/29/2021,$25.96,$26.44,$25.33,$25.73,$757.7 m,29297581,$23.2 bn
08/28/2021,$26.48,$26.71,$25.64,$25.96,$856.6 m,32879537,$23.4 bn
08/27/2021,$23.98,$26.66,$23.52,$26.50,$1.4 bn,54059348,$22.7 bn
08/26/2021,$26.04,$26.37,$23.57,$23.99,$1.3 bn,53222358,$22.1 bn
08/25/2021,$25.22,$26.46,$24.63,$25.94,$1.5 bn,56283341,$23.2 bn
08/24/2021,$27.91,$28.10,$24.79,$25.13,$1.5 bn,57458283,$24 bn
08/23/2021,$27.75,$28.56,$27.39,$27.86,$1.4 bn,49032301,$25.1 bn
08/22/2021,$27.89,$28.44,$26.59,$27.73,$1.4 bn,49124425,$24.7 bn
08/21/2021,$28.08,$29.29,$27.57,$27.88,$1.6 bn,55979211,$25.5 bn
08/20/2021,$26.51,$28.39,$26.17,$28.14,$1.8 bn,67097027,$24.6 bn
08/19/2021,$23.93,$26.79,$23.53,$26.54,$1.8 bn,72158407,$22.3 bn
08/18/2021,$23.69,$24.44,$22.77,$24.00,$1.8 bn,74819530,$21.5 bn
08/17/2021,$24.43,$27.24,$23.15,$23.44,$2.4 bn,94636400,$22.9 bn
08/16/2021,$23.15,$25.62,$22.98,$24.50,$2.1 bn,85111420,$21.9 bn
08/15/2021,$22.88,$23.27,$21.88,$23.12,$1 bn,46138387,$20.2 bn
08/14/2021,$22.64,$23.41,$21.94,$22.84,$1.3 bn,56812902,$20.3 bn
08/13/2021,$20.74,$22.68,$20.61,$22.68,$1.2 bn,54182498,$19.5 bn
08/12/2021,$21.36,$22.26,$19.99,$20.75,$1.3 bn,63043929,$18.8 bn
08/11/2021,$20.60,$22.33,$20.60,$21.44,$1.5 bn,68429979,$19.3 bn
08/10/2021,$20.55,$21.36,$20.17,$20.59,$1.1 bn,53649879,$18.5 bn
08/09/2021,$19.72,$21.20,$18.78,$20.60,$1.1 bn,54210942,$18.1 bn
08/08/2021,$20.92,$21.15,$19.27,$19.64,$1 bn,51455530,$18.2 bn
08/07/2021,$20.41,$21.65,$20.16,$21.01,$1.3 bn,62616284,$18.6 bn
08/06/2021,$19.13,$20.73,$18.57,$20.42,$1.3 bn,67240154,$17.5 bn
08/05/2021,$19.12,$19.44,$17.96,$19.13,$1.2 bn,63473359,$17 bn
08/04/2021,$17.44,$19.49,$17.15,$19.18,$1.2 bn,65593108,$16.3 bn
08/03/2021,$17.98,$18.44,$16.89,$17.35,$1 bn,57602221,$15.7 bn
08/02/2021,$18.46,$18.75,$17.65,$18.00,$1.2 bn,68604457,$16.3 bn
08/01/2021,$16.69,$19.82,$16.60,$18.44,$2 bn,107395928,$16.7 bn
07/31/2021,$15.75,$16.98,$15.63,$16.88,$952.2 m,58591590,$14.6 bn
07/30/2021,$15.24,$15.80,$14.44,$15.80,$860.4 m,56941714,$13.6 bn
07/29/2021,$14.52,$15.36,$14.31,$15.25,$813 m,54825425,$13.3 bn
07/28/2021,$14.36,$14.70,$14.00,$14.54,$852.6 m,59226355,$12.9 bn
07/27/2021,$13.94,$14.50,$13.46,$14.34,$928.9 m,66829542,$12.5 bn
07/26/2021,$13.68,$15.26,$13.67,$13.98,$1.4 bn,93697544,$13.2 bn
07/25/2021,$13.76,$13.81,$13.12,$13.68,$609.9 m,45421107,$12.1 bn
07/24/2021,$13.36,$14.00,$13.15,$13.80,$685.2 m,50572948,$12.2 bn
07/23/2021,$13.19,$13.46,$12.38,$13.38,$715.4 m,55148957,$11.6 bn
07/22/2021,$12.30,$13.30,$11.87,$13.16,$870.1 m,69201089,$11.3 bn
07/21/2021,$10.97,$12.79,$10.70,$12.30,$980.2 m,82455466,$10.7 bn
07/20/2021,$11.45,$11.51,$10.48,$10.98,$705.9 m,64969588,$9.8 bn
07/19/2021,$12.64,$12.71,$11.36,$11.45,$655.1 m,54953886,$10.7 bn
07/18/2021,$12.28,$12.89,$12.28,$12.69,$555.5 m,44024006,$11.3 bn
07/17/2021,$12.00,$12.72,$11.76,$12.28,$679.1 m,55942680,$10.9 bn
07/16/2021,$13.05,$13.29,$12.03,$12.06,$626.8 m,49466996,$11.4 bn
07/15/2021,$13.81,$14.09,$12.78,$13.03,$623 m,46763879,$12 bn
07/14/2021,$14.17,$14.18,$13.21,$13.78,$678.2 m,49467959,$12.3 bn
07/13/2021,$14.81,$15.08,$14.05,$14.16,$496.6 m,34192434,$13 bn
07/12/2021,$15.47,$15.63,$14.45,$14.89,$564.4 m,37176431,$13.6 bn
07/11/2021,$15.32,$15.69,$15.17,$15.48,$441.6 m,28617347,$13.9 bn
07/10/2021,$15.67,$15.97,$15.07,$15.27,$540.3 m,35124669,$13.8 bn
07/09/2021,$15.30,$15.79,$14.89,$15.72,$695.3 m,45084251,$13.8 bn
07/08/2021,$16.86,$16.86,$15.04,$15.34,$866.5 m,55285033,$14.1 bn
07/07/2021,$16.18,$17.64,$16.15,$16.81,$1.1 bn,64687789,$15.1 bn
07/06/2021,$15.27,$16.09,$15.25,$16.08,$791 m,50494157,$14.1 bn
07/05/2021,$15.90,$15.91,$14.86,$15.28,$649.6 m,42195120,$13.8 bn
07/04/2021,$15.51,$16.54,$15.20,$15.99,$570.6 m,36016444,$14.2 bn
07/03/2021,$15.30,$15.72,$15.04,$15.50,$509.5 m,33057119,$13.8 bn
07/02/2021,$15.20,$15.41,$14.66,$15.31,$556.9 m,37110465,$13.5 bn
07/01/2021,$16.33,$16.33,$14.89,$15.23,$651.7 m,42126236,$13.9 bn
06/30/2021,$16.28,$16.59,$15.12,$16.34,$903.8 m,57132536,$14.2 bn
06/29/2021,$15.76,$16.98,$15.76,$16.25,$1 bn,62095871,$14.7 bn
06/28/2021,$15.03,$15.98,$14.70,$15.72,$843.5 m,55546397,$13.6 bn
06/27/2021,$14.41,$14.96,$14.10,$14.96,$711.9 m,49158852,$13 bn
06/26/2021,$14.37,$14.93,$13.68,$14.40,$863.9 m,60634339,$12.8 bn
06/25/2021,$16.23,$16.69,$14.52,$14.52,$955.3 m,62062850,$13.8 bn
06/24/2021,$15.87,$16.53,$14.78,$16.22,$949.7 m,59852932,$14.2 bn
06/23/2021,$14.71,$16.76,$14.03,$15.82,$1.4 bn,89981349,$14.3 bn
06/22/2021,$15.67,$16.85,$13.09,$14.60,$2.2 bn,146774589,$13.7 bn
06/21/2021,$20.71,$20.71,$15.56,$15.73,$1.8 bn,99109835,$16.1 bn
06/20/2021,$20.19,$20.96,$18.97,$20.66,$1 bn,51319266,$18.1 bn
06/19/2021,$21.37,$21.60,$20.33,$20.33,$732.8 m,34900269,$18.8 bn
06/18/2021,$22.52,$22.53,$20.28,$21.33,$997.5 m,46193734,$19.4 bn
06/17/2021,$23.08,$23.95,$22.03,$22.48,$973.6 m,42023311,$20.8 bn
06/16/2021,$23.91,$24.50,$22.63,$22.89,$1.3 bn,57033939,$21.1 bn
06/15/2021,$25.91,$25.91,$23.70,$24.06,$1.7 bn,68375658,$22.1 bn
06/14/2021,$22.16,$25.90,$21.31,$25.84,$2.4 bn,103700721,$20.5 bn
06/13/2021,$20.68,$22.27,$20.01,$22.01,$991.2 m,47663436,$18.7 bn
06/12/2021,$20.89,$21.19,$19.57,$20.76,$1.2 bn,58434837,$18.4 bn
06/11/2021,$22.57,$23.16,$20.41,$20.87,$1.2 bn,54658093,$19.9 bn
06/10/2021,$23.21,$24.47,$22.16,$22.67,$1.7 bn,71354539,$21.1 bn
06/09/2021,$21.76,$23.25,$20.46,$23.14,$1.8 bn,82445576,$19.6 bn
06/08/2021,$21.79,$22.22,$19.79,$21.74,$2 bn,95228819,$19.1 bn
06/07/2021,$24.19,$25.21,$21.46,$21.56,$1.5 bn,61699188,$21.8 bn
06/06/2021,$23.75,$24.40,$23.65,$24.16,$1.1 bn,44152622,$21.6 bn
06/05/2021,$24.93,$26.24,$23.13,$23.80,$1.7 bn,67783818,$22.2 bn
06/04/2021,$26.91,$26.91,$23.77,$25.05,$2.3 bn,92601013,$22.4 bn
06/03/2021,$25.91,$28.49,$25.82,$27.00,$2.3 bn,85544941,$24.4 bn
06/02/2021,$22.84,$26.77,$22.72,$26.08,$2.5 bn,102438283,$22.2 bn
06/01/2021,$23.27,$23.47,$21.77,$22.81,$1.9 bn,82705751,$20.2 bn
05/31/2021,$20.40,$23.38,$19.18,$23.38,$2.3 bn,106491748,$19 bn
05/30/2021,$19.66,$21.18,$18.57,$20.49,$1.6 bn,77817344,$18.3 bn
05/29/2021,$21.50,$22.23,$18.84,$19.83,$1.8 bn,87412311,$18.6 bn
05/28/2021,$23.75,$25.84,$20.19,$21.42,$3.4 bn,150361804,$20.2 bn
05/27/2021,$24.43,$24.76,$21.88,$23.87,$2.2 bn,92854915,$21.1 bn
05/26/2021,$22.23,$24.64,$21.71,$24.53,$2.5 bn,108308190,$21 bn
05/25/2021,$23.08,$24.09,$19.81,$21.99,$2.9 bn,134938886,$19.5 bn
05/24/2021,$18.32,$23.41,$17.33,$23.01,$3.7 bn,182962952,$18.3 bn
05/23/2021,$21.75,$23.36,$13.98,$18.13,$4.6 bn,239463025,$17.1 bn
05/22/2021,$24.53,$24.53,$20.63,$22.03,$3.5 bn,151930912,$20.4 bn
05/21/2021,$29.13,$30.82,$20.14,$24.33,$5.1 bn,193597315,$23.8 bn
05/20/2021,$25.64,$30.83,$21.55,$28.96,$5.6 bn,200649221,$25.2 bn
05/19/2021,$40.49,$41.22,$18.68,$25.39,$7.8 bn,238915298,$29.3 bn
05/18/2021,$38.55,$42.46,$37.90,$40.64,$3.6 bn,88544373,$36 bn
05/17/2021,$42.09,$42.09,$36.08,$38.54,$4.2 bn,107760780,$35.2 bn
05/16/2021,$43.61,$46.48,$39.61,$42.41,$4.1 bn,94239237,$39.3 bn
05/15/2021,$47.63,$49.19,$43.20,$43.53,$6.5 bn,139097013,$41.7 bn
05/14/2021,$39.90,$47.54,$39.55,$47.54,$5.6 bn,131772404,$38.1 bn
05/13/2021,$33.43,$41.54,$33.43,$40.03,$6.8 bn,172988037,$35 bn
05/12/2021,$38.66,$42.20,$35.11,$35.11,$3.6 bn,91035354,$35.5 bn
05/11/2021,$36.34,$38.51,$35.64,$38.50,$2.5 bn,68574977,$33.3 bn
05/10/2021,$40.33,$41.63,$32.91,$36.57,$3.2 bn,81438386,$35.5 bn
05/09/2021,$39.79,$40.39,$38.47,$40.25,$2.5 bn,63209157,$35.5 bn
05/08/2021,$39.65,$40.53,$38.79,$39.81,$2 bn,49439900,$35.7 bn
05/07/2021,$41.37,$42.48,$38.53,$39.89,$3.2 bn,77808394,$36.7 bn
05/06/2021,$40.49,$43.30,$38.20,$41.48,$4.2 bn,103371263,$36.2 bn
05/05/2021,$34.70,$40.48,$34.70,$40.35,$3.5 bn,93297672,$34 bn
05/04/2021,$37.19,$37.70,$34.66,$34.78,$2.7 bn,75261175,$32.4 bn
05/03/2021,$36.68,$38.19,$36.68,$37.32,$2 bn,54677233,$33.6 bn
05/02/2021,$36.83,$37.13,$35.69,$36.58,$1.7 bn,46138265,$32.7 bn
05/01/2021,$36.44,$37.32,$35.98,$36.86,$1.8 bn,49727388,$32.9 bn
04/30/2021,$35.80,$36.70,$35.22,$36.56,$2.5 bn,68661849,$32.4 bn
04/29/2021,$33.96,$35.86,$33.06,$35.86,$2.1 bn,60892433,$30.3 bn
04/28/2021,$34.80,$35.31,$32.68,$33.98,$2.1 bn,61269930,$30.3 bn
04/27/2021,$33.46,$34.83,$33.28,$34.55,$2.1 bn,60611595,$30.5 bn
04/26/2021,$29.83,$33.39,$29.83,$33.39,$2.5 bn,77503778,$29 bn
04/25/2021,$29.01,$31.17,$28.23,$29.79,$1.8 bn,60045917,$26.7 bn
04/24/2021,$32.19,$32.31,$28.66,$29.01,$2.2 bn,72714663,$27.5 bn
04/23/2021,$32.80,$33.37,$27.51,$32.28,$4.4 bn,141304316,$27.6 bn
04/22/2021,$33.80,$36.53,$32.98,$33.00,$3.2 bn,91908083,$30.9 bn
04/21/2021,$35.65,$36.16,$33.20,$33.91,$2.5 bn,71637374,$31.3 bn
04/20/2021,$34.60,$35.64,$31.70,$35.43,$3.1 bn,90943654,$30.5 bn
04/19/2021,$37.15,$38.62,$34.32,$34.84,$2.6 bn,72090889,$32.7 bn
04/18/2021,$42.22,$42.59,$32.57,$37.30,$5.3 bn,142441177,$33.3 bn
04/17/2021,$41.47,$47.93,$41.47,$42.29,$4.2 bn,95048494,$39.2 bn
04/16/2021,$43.46,$43.63,$40.22,$41.54,$2.6 bn,62674538,$37.7 bn
04/15/2021,$42.70,$44.16,$41.51,$43.43,$2.3 bn,53464990,$38.4 bn
04/14/2021,$43.13,$44.49,$40.45,$42.51,$2.9 bn,68237305,$38.1 bn
04/13/2021,$40.50,$43.25,$39.91,$43.04,$2.6 bn,64068552,$37.1 bn
04/12/2021,$41.34,$41.71,$39.53,$40.51,$1.8 bn,44397229,$36.6 bn
04/11/2021,$41.49,$41.75,$40.10,$41.35,$1.6 bn,39519132,$36.6 bn
04/10/2021,$40.84,$42.69,$40.10,$41.59,$1.7 bn,41226235,$37.2 bn
04/09/2021,$41.45,$42.01,$40.22,$40.77,$1.5 bn,36674642,$36.8 bn
04/08/2021,$39.50,$41.50,$39.37,$41.36,$1.8 bn,44845534,$36.4 bn
04/07/2021,$43.32,$43.32,$38.07,$39.64,$3.2 bn,79852645,$36.5 bn
04/06/2021,$45.58,$46.12,$42.01,$43.42,$2.8 bn,63767914,$39.4 bn
04/05/2021,$44.57,$45.66,$42.03,$45.66,$2.7 bn,62445526,$39.1 bn
04/04/2021,$40.91,$44.80,$40.85,$44.36,$2.8 bn,63215165,$39.3 bn
04/03/2021,$41.16,$46.63,$40.94,$41.45,$4.5 bn,101620098,$39.6 bn
04/02/2021,$37.52,$41.20,$36.88,$40.93,$2.6 bn,68637761,$34.6 bn
04/01/2021,$36.97,$38.86,$36.06,$37.52,$2.6 bn,68875641,$33.7 bn
03/31/2021,$33.99,$38.00,$33.40,$36.97,$3.2 bn,89746870,$31.9 bn
03/30/2021,$34.34,$34.78,$33.56,$33.98,$1.3 bn,38992058,$30.6 bn
03/29/2021,$32.18,$34.66,$31.81,$34.33,$1.6 bn,49030270,$30.2 bn
03/28/2021,$32.59,$33.20,$31.38,$32.22,$1.2 bn,38190602,$29.1 bn
03/27/2021,$33.22,$33.45,$31.17,$32.62,$1.5 bn,45725608,$29.1 bn
03/26/2021,$30.03,$33.33,$30.03,$33.08,$1.7 bn,54590849,$28.3 bn
03/25/2021,$30.05,$31.10,$28.69,$29.90,$2.8 bn,93475489,$27 bn
03/24/2021,$34.20,$36.07,$28.43,$30.30,$2.4 bn,69124978,$30.9 bn
03/23/2021,$35.15,$36.20,$34.09,$34.28,$1.6 bn,44051138,$31.6 bn
03/22/2021,$36.60,$37.75,$35.15,$35.37,$1.7 bn,45136191,$33 bn
03/21/2021,$37.05,$38.06,$36.17,$36.74,$1.7 bn,46017228,$33.3 bn
03/20/2021,$38.08,$39.98,$37.27,$37.27,$1.9 bn,49456518,$35.1 bn
03/19/2021,$35.30,$38.77,$34.76,$38.13,$2.2 bn,59256284,$33.2 bn
03/18/2021,$36.25,$36.97,$35.34,$35.41,$1.9 bn,51557669,$32.5 bn
03/17/2021,$35.48,$36.32,$34.53,$36.13,$1.8 bn,49959156,$31.9 bn
03/16/2021,$34.25,$35.45,$32.25,$35.43,$2 bn,58199551,$30.7 bn
03/15/2021,$36.45,$38.43,$34.25,$34.33,$2.3 bn,62946401,$32.1 bn
03/14/2021,$37.25,$37.86,$36.36,$36.65,$1.4 bn,37726664,$33.3 bn
03/13/2021,$35.75,$38.15,$34.81,$37.22,$1.8 bn,48877232,$33 bn
03/12/2021,$36.99,$37.46,$34.76,$36.00,$1.8 bn,49592974,$32.4 bn
03/11/2021,$37.51,$37.95,$36.05,$36.90,$2 bn,54602764,$33.2 bn
03/10/2021,$38.29,$39.33,$36.60,$37.60,$2.6 bn,66873501,$34.2 bn
03/09/2021,$34.95,$38.73,$34.62,$38.26,$2.5 bn,69384617,$32.8 bn
03/08/2021,$35.20,$35.48,$33.58,$34.92,$1.5 bn,43947521,$30.8 bn
03/07/2021,$33.43,$35.20,$33.43,$35.20,$1.4 bn,41650747,$30.8 bn
03/06/2021,$33.71,$34.12,$32.23,$33.43,$1.3 bn,40523370,$29.9 bn
03/05/2021,$35.23,$35.23,$31.62,$33.70,$2.5 bn,75821264,$29.8 bn
03/04/2021,$37.07,$38.28,$34.55,$35.32,$2.2 bn,59723144,$32.5 bn
03/03/2021,$36.22,$38.58,$36.22,$37.08,$2.2 bn,59528930,$33.7 bn
03/02/2021,$35.80,$37.75,$34.56,$36.12,$3.1 bn,85203874,$32.3 bn
03/01/2021,$33.80,$35.56,$33.11,$35.56,$2.8 bn,82476017,$30.9 bn
02/28/2021,$33.23,$34.48,$30.03,$33.55,$3.7 bn,116637594,$28.7 bn
02/27/2021,$31.47,$35.46,$31.47,$33.51,$3.9 bn,114398534,$30.6 bn
02/26/2021,$30.79,$33.45,$28.19,$31.31,$4.3 bn,139210340,$27.7 bn
02/25/2021,$33.72,$35.02,$31.22,$31.22,$2.6 bn,76550699,$30.1 bn
02/24/2021,$34.56,$36.76,$32.01,$33.66,$3.7 bn,106316913,$31.2 bn
02/23/2021,$37.43,$37.71,$27.13,$34.29,$6.5 bn,194712456,$30 bn
02/22/2021,$39.47,$39.47,$31.67,$37.68,$5 bn,136250137,$33.1 bn
02/21/2021,$38.79,$40.43,$38.16,$39.58,$3.4 bn,85907947,$35.1 bn
02/20/2021,$35.11,$42.06,$34.89,$39.26,$5.8 bn,149657864,$34.9 bn
02/19/2021,$31.25,$34.97,$29.67,$34.80,$3.1 bn,95457351,$29.2 bn
02/18/2021,$32.08,$32.52,$30.69,$31.19,$1.8 bn,58324480,$28.2 bn
02/17/2021,$30.07,$32.33,$29.73,$31.98,$2.6 bn,85118499,$27.8 bn
02/16/2021,$27.69,$30.94,$27.01,$30.16,$3 bn,102230801,$26.5 bn
02/15/2021,$27.12,$29.42,$23.70,$27.77,$2.9 bn,106663259,$24.5 bn
02/14/2021,$28.09,$29.32,$26.53,$27.07,$1.9 bn,68722681,$25.1 bn
02/13/2021,$28.79,$30.13,$27.48,$27.99,$2.7 bn,93098954,$25.7 bn
02/12/2021,$25.11,$29.58,$24.57,$28.67,$2.9 bn,108519532,$23.9 bn
02/11/2021,$23.55,$25.62,$23.36,$25.20,$2.5 bn,100102957,$22.3 bn
02/10/2021,$23.15,$24.77,$22.19,$23.57,$2.6 bn,109034125,$21.1 bn
02/09/2021,$23.01,$23.98,$22.41,$23.19,$2.2 bn,96217628,$20.8 bn
02/08/2021,$19.71,$23.61,$19.24,$23.04,$3.1 bn,146398374,$19.2 bn
02/07/2021,$20.37,$20.77,$18.77,$19.76,$1.8 bn,91202095,$17.7 bn
02/06/2021,$20.82,$21.29,$19.90,$20.39,$1.6 bn,77882830,$18.3 bn
02/05/2021,$19.79,$21.28,$19.57,$20.88,$2 bn,98014007,$18.5 bn
02/04/2021,$20.87,$21.58,$19.11,$19.75,$2.6 bn,126626636,$18.3 bn
02/03/2021,$17.23,$20.83,$16.87,$20.80,$2.8 bn,154263041,$16.5 bn
02/02/2021,$16.47,$17.62,$16.07,$17.26,$1.6 bn,96631771,$15 bn
02/01/2021,$16.04,$16.53,$15.75,$16.38,$1.2 bn,75731691,$14.4 bn
01/31/2021,$16.49,$17.45,$15.83,$16.12,$1.4 bn,82368826,$14.8 bn
01/30/2021,$16.81,$17.06,$16.24,$16.51,$1.2 bn,72918301,$14.8 bn
01/29/2021,$16.87,$17.64,$15.99,$16.84,$2.1 bn,126544070,$15.1 bn
01/28/2021,$15.48,$17.42,$15.34,$16.97,$1.8 bn,105836302,$15 bn
01/27/2021,$17.09,$17.09,$15.09,$15.46,$1.6 bn,98156631,$14.3 bn
01/26/2021,$17.20,$17.73,$16.09,$17.11,$1.5 bn,85780881,$15.2 bn
01/25/2021,$17.98,$19.05,$17.15,$17.24,$1.9 bn,104656899,$16.2 bn
01/24/2021,$18.59,$18.59,$17.37,$17.99,$1.6 bn,90457730,$16.1 bn
01/23/2021,$17.12,$18.73,$16.87,$18.58,$2.3 bn,127140957,$15.9 bn
01/22/2021,$15.95,$17.97,$14.99,$17.12,$2.8 bn,164942358,$15.1 bn
01/21/2021,$18.03,$18.03,$15.11,$15.95,$3.1 bn,188663498,$14.9 bn
01/20/2021,$16.38,$18.07,$14.91,$17.96,$3.3 bn,207096698,$14.5 bn
01/19/2021,$16.58,$17.46,$16.07,$16.54,$2.4 bn,140131314,$15.1 bn
01/18/2021,$17.07,$18.01,$15.85,$16.47,$2.5 bn,148847215,$15.4 bn
01/17/2021,$17.78,$18.13,$16.46,$16.96,$4.5 bn,260648965,$15.4 bn
01/16/2021,$13.24,$19.25,$13.24,$18.29,$7.2 bn,446201224,$14.6 bn
01/15/2021,$14.59,$14.84,$11.91,$13.22,$4.2 bn,306970525,$12.3 bn
01/14/2021,$10.99,$14.35,$10.91,$14.35,$3.7 bn,305680210,$10.8 bn
01/13/2021,$8.29,$11.28,$8.02,$11.00,$2 bn,216855556,$8.4 bn
01/12/2021,$8.28,$8.61,$7.98,$8.25,$892.7 m,107660094,$7.4 bn
01/11/2021,$9.29,$9.29,$7.31,$8.28,$1.9 bn,237557947,$7.3 bn
01/10/2021,$9.74,$9.97,$8.81,$9.32,$935.6 m,98426976,$8.5 bn
01/09/2021,$9.30,$9.80,$9.06,$9.77,$812.9 m,86803983,$8.4 bn
01/08/2021,$9.65,$9.79,$8.86,$9.31,$1.2 bn,129326934,$8.4 bn
01/07/2021,$10.08,$10.61,$9.48,$9.62,$1.2 bn,117319860,$9 bn
01/06/2021,$9.75,$10.34,$9.50,$10.07,$1.2 bn,119796082,$8.9 bn
01/05/2021,$9.53,$10.02,$9.06,$9.69,$952.7 m,99237236,$8.6 bn
01/04/2021,$10.13,$10.47,$8.82,$9.45,$1.6 bn,163950814,$8.6 bn
01/03/2021,$9.20,$10.43,$8.88,$10.12,$1.7 bn,183104291,$8.4 bn
01/02/2021,$8.25,$9.73,$7.98,$9.19,$1.6 bn,182639394,$7.9 bn
01/01/2021,$9.31,$9.39,$8.11,$8.30,$1.3 bn,148796831,$7.9 bn
12/31/2020,$7.24,$9.43,$7.18,$9.36,$1.5 bn,188691969,$7.3 bn
12/30/2020,$7.54,$7.64,$7.13,$7.26,$958.4 m,130543789,$6.6 bn
12/29/2020,$6.64,$7.63,$6.21,$7.56,$1.3 bn,200177113,$6 bn
12/28/2020,$5.14,$6.67,$5.13,$6.61,$873.9 m,150794179,$5.2 bn
12/27/2020,$5.19,$5.39,$4.96,$5.15,$392.2 m,74973597,$4.7 bn
12/26/2020,$5.21,$5.27,$5.09,$5.19,$210.7 m,40590825,$4.7 bn
12/25/2020,$5.12,$5.26,$5.05,$5.21,$223.5 m,43499151,$4.6 bn
12/24/2020,$4.72,$5.19,$4.66,$5.13,$293.5 m,59541840,$4.4 bn
12/23/2020,$5.15,$5.18,$4.63,$4.72,$321.2 m,64631304,$4.5 bn
12/22/2020,$4.88,$5.17,$4.83,$5.16,$326.6 m,65326168,$4.5 bn
12/21/2020,$5.17,$5.42,$4.82,$4.89,$322.8 m,63830324,$4.5 bn
12/20/2020,$5.33,$5.42,$5.11,$5.19,$238.2 m,45133882,$4.7 bn
12/19/2020,$5.36,$5.57,$5.29,$5.34,$220.9 m,40724972,$4.9 bn
12/18/2020,$5.34,$5.50,$5.26,$5.36,$230.5 m,43036972,$4.8 bn
12/17/2020,$5.33,$5.72,$5.29,$5.35,$380.1 m,69638991,$4.9 bn
12/16/2020,$5.24,$5.37,$5.12,$5.37,$249.6 m,47910100,$4.7 bn
12/15/2020,$4.90,$5.29,$4.85,$5.25,$202 m,39846562,$4.6 bn
12/14/2020,$4.89,$5.00,$4.84,$4.90,$119.8 m,24470544,$4.4 bn
12/13/2020,$4.74,$4.99,$4.73,$4.89,$139 m,28530183,$4.4 bn
12/12/2020,$4.62,$4.79,$4.62,$4.74,$119.5 m,25246425,$4.2 bn
12/11/2020,$4.81,$4.81,$4.55,$4.62,$145.6 m,31295103,$4.2 bn
12/10/2020,$4.88,$4.91,$4.76,$4.80,$124 m,25717868,$4.3 bn
12/09/2020,$4.75,$4.93,$4.63,$4.86,$184.1 m,38202699,$4.3 bn
12/08/2020,$5.06,$5.07,$4.73,$4.74,$171.9 m,35149936,$4.4 bn
12/07/2020,$5.13,$5.15,$5.02,$5.06,$122.7 m,24151170,$4.6 bn
12/06/2020,$5.19,$5.20,$5.02,$5.13,$127.3 m,24970171,$4.6 bn
12/05/2020,$5.01,$5.19,$4.89,$5.19,$162.8 m,32056027,$4.6 bn
12/04/2020,$5.40,$5.43,$4.97,$5.03,$184.3 m,35252867,$4.7 bn
12/03/2020,$5.46,$5.56,$5.33,$5.41,$177.1 m,32520317,$4.9 bn
12/02/2020,$5.08,$5.53,$5.02,$5.46,$214.2 m,40574627,$4.7 bn
12/01/2020,$5.37,$5.52,$5.04,$5.09,$267.3 m,50603029,$4.7 bn
11/30/2020,$5.20,$5.43,$5.15,$5.37,$282.4 m,53420139,$4.7 bn
11/29/2020,$4.89,$5.20,$4.81,$5.18,$185.1 m,37090192,$4.5 bn
11/28/2020,$4.81,$4.94,$4.68,$4.89,$170.6 m,35532463,$4.3 bn
11/27/2020,$4.80,$5.06,$4.53,$4.78,$352.7 m,73831890,$4.3 bn
11/26/2020,$5.28,$5.37,$4.50,$4.79,$22,4.75,$4.3 bn
11/25/2020,$5.74,$5.81,$5.18,$5.31,$347 m,62407463,$5 bn
11/24/2020,$5.91,$6.06,$5.63,$5.72,$499 m,85659343,$5.2 bn
11/23/2020,$5.55,$5.94,$5.43,$5.90,$456.4 m,80216607,$5.1 bn
11/22/2020,$5.78,$5.83,$5.24,$5.48,$409.8 m,74208311,$5 bn
11/21/2020,$5.23,$5.80,$5.15,$5.76,$447.2 m,82274766,$4.9 bn
11/20/2020,$4.76,$5.46,$4.75,$5.23,$481.8 m,91874826,$4.7 bn
11/19/2020,$4.68,$4.84,$4.55,$4.75,$280 m,59506203,$4.2 bn
11/18/2020,$4.86,$4.92,$4.53,$4.68,$285.3 m,60746773,$4.2 bn
11/17/2020,$4.49,$4.90,$4.49,$4.84,$342.3 m,71979332,$4.3 bn
11/16/2020,$4.36,$4.58,$4.35,$4.49,$182.6 m,41101213,$4 bn
11/15/2020,$4.45,$4.48,$4.32,$4.38,$137 m,30988931,$4 bn
11/14/2020,$4.53,$4.53,$4.38,$4.46,$144.9 m,32541907,$4 bn
11/13/2020,$4.40,$4.57,$4.38,$4.53,$158.2 m,35552128,$4 bn
11/12/2020,$4.45,$4.46,$4.33,$4.39,$145.6 m,33230947,$3.9 bn
11/11/2020,$4.42,$4.61,$4.42,$4.45,$176.3 m,39245043,$4 bn
11/10/2020,$4.34,$4.49,$4.31,$4.41,$153.6 m,34995044,$3.9 bn
11/09/2020,$4.37,$4.44,$4.25,$4.34,$155.8 m,35748833,$3.9 bn
11/08/2020,$4.21,$4.42,$4.14,$4.37,$145.6 m,33758906,$3.9 bn
11/07/2020,$4.58,$4.81,$4.11,$4.23,$300 m,66749414,$4 bn
11/06/2020,$4.22,$4.63,$4.21,$4.58,$210.2 m,47238585,$4 bn
11/05/2020,$4.10,$4.29,$4.02,$4.23,$163.9 m,39523221,$3.7 bn
11/04/2020,$4.03,$4.14,$3.90,$4.10,$187.1 m,46584637,$3.6 bn
11/03/2020,$4.03,$4.06,$3.90,$4.02,$135.8 m,34210387,$3.6 bn
11/02/2020,$4.22,$4.26,$3.99,$4.03,$152.1 m,36944938,$3.7 bn
11/01/2020,$4.18,$4.22,$4.12,$4.22,$89.9 m,21609872,$3.7 bn
10/31/2020,$4.08,$4.27,$4.07,$4.18,$120.5 m,28826356,$3.8 bn
10/30/2020,$4.06,$4.15,$4.00,$4.09,$181.9 m,44552717,$3.7 bn
10/29/2020,$4.36,$4.40,$3.95,$4.05,$217.3 m,51344478,$3.8 bn
10/28/2020,$4.68,$4.76,$4.26,$4.36,$223.7 m,49841737,$4 bn
10/27/2020,$4.71,$4.91,$4.66,$4.68,$287.5 m,60407289,$4.3 bn
10/26/2020,$4.33,$4.72,$4.29,$4.72,$298.8 m,66774824,$4 bn
10/25/2020,$4.35,$4.44,$4.26,$4.33,$128 m,29452589,$3.9 bn
10/24/2020,$4.26,$4.42,$4.24,$4.35,$140.9 m,32414512,$3.9 bn
10/23/2020,$4.27,$4.46,$4.20,$4.26,$190.5 m,44296561,$3.9 bn
10/22/2020,$4.14,$4.33,$4.09,$4.26,$163 m,38466871,$3.8 bn
10/21/2020,$3.90,$4.24,$3.90,$4.14,$191.7 m,47234368,$3.6 bn
10/20/2020,$3.98,$4.13,$3.87,$3.90,$166.8 m,41882309,$3.6 bn
10/19/2020,$4.11,$4.11,$3.96,$3.98,$116.2 m,28778591,$3.6 bn
10/18/2020,$3.96,$4.11,$3.95,$4.10,$105.3 m,25947254,$3.6 bn
10/17/2020,$3.90,$3.96,$3.87,$3.96,$90.4 m,22985088,$3.5 bn
10/16/2020,$4.09,$4.16,$3.83,$3.90,$184.9 m,46623394,$3.6 bn
10/15/2020,$4.18,$4.18,$4.03,$4.09,$167.6 m,40685672,$3.7 bn
10/14/2020,$4.25,$4.37,$4.10,$4.19,$196.1 m,46191132,$3.8 bn
10/13/2020,$4.31,$4.34,$4.16,$4.25,$178.9 m,41930244,$3.8 bn
10/12/2020,$4.25,$4.43,$4.22,$4.31,$217.9 m,50257753,$3.9 bn
10/11/2020,$4.24,$4.32,$4.22,$4.25,$151.6 m,35543591,$3.8 bn
10/09/2020,$4.11,$4.34,$4.02,$4.26,$221.4 m,53179197,$3.7 bn
10/08/2020,$3.85,$4.15,$3.66,$4.11,$256.1 m,65800320,$3.5 bn
10/07/2020,$3.74,$3.88,$3.61,$3.85,$253.8 m,67221546,$3.4 bn
10/06/2020,$4.17,$4.18,$3.64,$3.75,$256.5 m,64321177,$3.6 bn
10/05/2020,$4.17,$4.23,$4.12,$4.17,$152.1 m,36360102,$3.8 bn
10/04/2020,$4.08,$4.19,$4.06,$4.17,$120 m,29203518,$3.7 bn
10/02/2020,$4.34,$4.36,$3.93,$4.11,$242.9 m,58793939,$3.7 bn
10/01/2020,$4.35,$4.56,$4.26,$4.34,$222.4 m,50378557,$4 bn
09/30/2020,$4.45,$4.46,$4.25,$4.34,$161.1 m,37015159,$3.9 bn
09/29/2020,$4.42,$4.60,$4.36,$4.49,$237.4 m,53056255,$4 bn
09/28/2020,$4.30,$4.58,$4.26,$4.39,$272.1 m,61697880,$4 bn
09/27/2020,$4.32,$4.35,$4.15,$4.30,$152.5 m,36059173,$3.8 bn
09/26/2020,$4.42,$4.46,$4.24,$4.33,$157.8 m,36274308,$3.9 bn
09/25/2020,$4.39,$4.52,$4.25,$4.41,$218.4 m,50034140,$3.9 bn
09/24/2020,$4.02,$4.46,$3.98,$4.39,$269.9 m,63713522,$3.8 bn
09/23/2020,$4.16,$4.31,$3.97,$4.02,$278 m,67503168,$3.7 bn
09/22/2020,$4.06,$4.20,$3.91,$4.17,$280.9 m,68555958,$3.7 bn
09/21/2020,$4.65,$4.69,$3.94,$4.09,$457.3 m,106268524,$3.9 bn
09/20/2020,$4.92,$4.94,$4.45,$4.67,$355.2 m,75757951,$4.2 bn
09/19/2020,$5.24,$5.24,$4.83,$4.92,$234 m,45919409,$4.6 bn
09/18/2020,$5.33,$5.44,$5.11,$5.23,$289.1 m,55004293,$4.7 bn
09/17/2020,$5.06,$5.41,$5.05,$5.33,$390.1 m,74504118,$4.7 bn
09/16/2020,$5.06,$5.26,$4.98,$5.07,$347.8 m,68246374,$4.6 bn
09/15/2020,$5.36,$5.44,$5.09,$5.09,$378.3 m,71986041,$4.7 bn
09/14/2020,$5.29,$5.55,$5.11,$5.34,$443.2 m,83443528,$4.8 bn
09/13/2020,$5.13,$5.45,$4.81,$5.30,$506.9 m,98569134,$4.6 bn
09/12/2020,$4.65,$5.27,$4.51,$5.14,$398.6 m,83672384,$4.3 bn
09/11/2020,$4.60,$4.71,$4.35,$4.64,$277.4 m,61897450,$4 bn
09/10/2020,$4.71,$4.87,$4.46,$4.58,$324.8 m,69962442,$0
09/09/2020,$4.26,$4.78,$4.15,$4.70,$307.3 m,68963067,$0
09/08/2020,$4.61,$4.61,$4.14,$4.28,$265.6 m,60933943,$0
09/07/2020,$4.79,$4.82,$4.04,$4.59,$399 m,89538509,$0
09/06/2020,$4.13,$4.90,$3.75,$4.79,$598.7 m,135417038,$0
09/05/2020,$5.11,$5.29,$3.63,$4.11,$683.4 m,148240730,$0
09/04/2020,$5.70,$5.96,$4.60,$5.13,$787.8 m,146285408,$0
09/03/2020,$6.14,$6.29,$5.66,$5.69,$706.7 m,117050587,$0
09/02/2020,$6.25,$6.43,$5.61,$6.14,$570.7 m,93734574,$0
09/01/2020,$6.27,$6.83,$6.15,$6.25,$574.7 m,89496964,$0
08/31/2020,$5.92,$6.43,$5.77,$6.29,$506.4 m,83543428,$0
08/30/2020,$6.18,$6.20,$5.76,$5.86,$457.2 m,76109843,$0
08/29/2020,$6.19,$6.52,$6.02,$6.15,$499.4 m,79588429,$0
08/28/2020,$5.71,$6.32,$5.55,$6.16,$710.9 m,119396547,$0
08/27/2020,$6.12,$6.77,$5.30,$5.63,$1.1 bn,190187446,$0
08/26/2020,$5.57,$6.53,$5.14,$6.07,$968.2 m,167973875,$0
08/25/2020,$4.58,$5.73,$4.50,$5.50,$863.4 m,173720351,$0
08/24/2020,$4.67,$4.78,$4.55,$4.60,$465.4 m,99422084,$0