Date,Open,High,Low,Close,Volume,Volume(SOL),Market Cap
03/19/2024,$196.10,$198.20,$166.68,$169.86,$9.8 bn,54029950,$77.2 bn
03/18/2024,$201.41,$209.59,$195.09,$195.95,$7.8 bn,38721376,$86.2 bn
03/17/2024,$183.25,$203.68,$179.23,$202.30,$7.5 bn,39406009,$81.3 bn
03/16/2024,$183.35,$197.65,$177.78,$181.93,$8.6 bn,45942657,$80.1 bn
03/15/2024,$177.01,$188.35,$166.24,$183.03,$11.6 bn,65341526,$76 bn
03/14/2024,$163.89,$177.58,$160.44,$176.57,$7 bn,41495935,$71.9 bn
03/13/2024,$151.00,$165.82,$148.92,$163.77,$4.7 bn,30209396,$66 bn
03/12/2024,$148.80,$154.74,$143.01,$151.01,$5.1 bn,33901789,$64 bn
03/11/2024,$144.25,$149.94,$137.65,$148.74,$4.1 bn,28247547,$62.1 bn
03/10/2024,$144.27,$148.43,$140.97,$144.42,$2.5 bn,17289331,$62.1 bn
03/09/2024,$144.84,$149.06,$144.00,$144.36,$2.3 bn,15388242,$62.4 bn
03/08/2024,$144.18,$152.20,$142.33,$144.94,$4.6 bn,31335308,$62.4 bn
03/07/2024,$130.80,$148.95,$130.79,$144.03,$6 bn,42531108,$60.6 bn
03/06/2024,$125.66,$134.76,$120.55,$130.74,$4.7 bn,36379632,$54.9 bn
03/05/2024,$132.80,$142.14,$115.88,$125.49,$7.9 bn,60327080,$55.5 bn
03/04/2024,$130.46,$134.75,$127.93,$133.05,$4.1 bn,31123760,$55.7 bn
03/03/2024,$129.85,$131.89,$125.77,$130.35,$2.8 bn,21987338,$55.2 bn
03/02/2024,$129.85,$131.24,$127.62,$129.68,$2.6 bn,20228793,$55 bn
03/01/2024,$126.03,$137.34,$126.03,$129.98,$4.5 bn,33892623,$56.6 bn
02/29/2024,$119.53,$134.53,$117.55,$125.67,$6.3 bn,49886653,$54.2 bn
02/28/2024,$108.51,$117.93,$107.45,$117.93,$4.8 bn,43341671,$47.5 bn
02/27/2024,$110.18,$112.17,$106.07,$108.32,$2.5 bn,23000075,$46.8 bn
02/26/2024,$103.94,$110.38,$100.50,$109.86,$2.2 bn,21373830,$44.8 bn
02/25/2024,$104.62,$104.89,$102.14,$104.09,$903.5 m,8723248,$44.2 bn
02/24/2024,$100.07,$105.18,$98.62,$104.12,$1.1 bn,10538568,$43.6 bn
02/23/2024,$101.84,$103.02,$99.01,$99.95,$1.4 bn,13709855,$43.4 bn
02/22/2024,$104.87,$106.95,$101.70,$101.72,$1.6 bn,15455351,$44.5 bn
02/21/2024,$108.27,$108.30,$100.38,$105.11,$2 bn,19380871,$44.5 bn
02/20/2024,$111.78,$111.81,$105.06,$108.43,$2.4 bn,21718894,$46.4 bn
02/19/2024,$112.23,$114.67,$111.20,$111.45,$1.7 bn,15136329,$47.9 bn
02/18/2024,$108.83,$113.93,$107.60,$112.17,$1.4 bn,12498598,$47.3 bn
02/17/2024,$110.26,$111.03,$106.11,$108.94,$1.2 bn,10958694,$46.4 bn
02/16/2024,$113.61,$114.15,$108.33,$110.37,$1.6 bn,14691896,$47.5 bn
02/15/2024,$117.00,$118.27,$111.69,$113.57,$2.1 bn,18134132,$49.2 bn
02/14/2024,$112.34,$118.24,$110.82,$116.87,$2.1 bn,17928580,$48.9 bn
02/13/2024,$111.95,$114.83,$108.61,$112.55,$2.3 bn,20302162,$48.1 bn
02/12/2024,$107.46,$112.08,$103.66,$112.05,$2.3 bn,21769060,$45.8 bn
02/11/2024,$108.97,$110.48,$107.31,$107.51,$1.1 bn,10525695,$46.4 bn
02/10/2024,$107.01,$110.70,$106.98,$109.07,$1.6 bn,14290068,$46.4 bn
02/09/2024,$102.86,$108.89,$102.86,$106.82,$2.5 bn,23330771,$44.9 bn
02/08/2024,$101.14,$104.83,$100.62,$102.79,$1.9 bn,18863671,$43.6 bn
02/07/2024,$96.92,$101.19,$94.82,$100.97,$1.5 bn,15615416,$41.2 bn
02/06/2024,$95.56,$97.84,$93.47,$96.87,$1.5 bn,15168981,$40.8 bn
02/05/2024,$95.48,$98.56,$94.42,$95.64,$1.4 bn,14376746,$41.1 bn
02/04/2024,$97.86,$98.47,$95.30,$95.53,$1.1 bn,11289806,$41.5 bn
02/03/2024,$100.36,$101.11,$96.87,$97.84,$1.1 bn,11482516,$42.1 bn
02/02/2024,$97.77,$102.34,$97.55,$100.44,$2.2 bn,22140115,$42.6 bn
02/01/2024,$97.26,$97.94,$93.29,$97.84,$2.6 bn,26610751,$40.9 bn
01/31/2024,$101.62,$102.40,$96.12,$97.10,$3.2 bn,31901019,$42.6 bn
01/30/2024,$101.43,$106.18,$101.07,$101.37,$2.8 bn,26762623,$44.2 bn
01/29/2024,$95.64,$101.72,$95.14,$101.53,$2.2 bn,22541711,$41.9 bn
01/28/2024,$94.21,$99.29,$93.54,$95.94,$2 bn,21136219,$41 bn
01/27/2024,$92.21,$94.42,$90.86,$94.15,$1.1 bn,11439451,$39.4 bn
01/26/2024,$86.81,$93.56,$86.15,$92.34,$1.7 bn,19059750,$38.4 bn
01/25/2024,$88.62,$89.44,$85.39,$86.93,$1.4 bn,16133880,$37.3 bn
01/24/2024,$84.39,$89.22,$83.44,$88.86,$2 bn,23357559,$36.7 bn
01/23/2024,$83.92,$85.89,$79.21,$84.27,$2.6 bn,31149807,$35.2 bn
01/22/2024,$91.15,$91.66,$83.09,$83.62,$2.2 bn,24754160,$37.4 bn
01/21/2024,$92.75,$93.71,$90.93,$90.93,$735.5 m,7946221,$39.5 bn
01/20/2024,$93.43,$93.99,$90.55,$92.61,$1 bn,10966590,$39.4 bn
01/19/2024,$94.23,$95.20,$87.65,$93.43,$2.2 bn,23722349,$39.8 bn
01/18/2024,$102.70,$102.98,$92.32,$94.31,$2.2 bn,22362489,$41.9 bn
01/17/2024,$97.73,$102.42,$97.08,$102.02,$2.7 bn,27199066,$42.6 bn
01/16/2024,$94.50,$98.56,$94.42,$97.61,$1.5 bn,15756217,$41.2 bn
01/15/2024,$93.99,$96.75,$93.38,$94.49,$1.5 bn,15261536,$40.6 bn
01/14/2024,$95.81,$102.09,$94.04,$94.13,$2.2 bn,22764203,$41.5 bn
01/13/2024,$92.22,$96.87,$89.84,$95.70,$1.6 bn,17208015,$39.6 bn
01/12/2024,$99.98,$100.29,$88.21,$91.65,$2.3 bn,24076846,$41.4 bn
01/11/2024,$101.52,$106.95,$98.32,$99.94,$3.4 bn,33786655,$43.2 bn
01/10/2024,$99.17,$105.04,$92.52,$102.15,$3.7 bn,38243638,$41.6 bn
01/09/2024,$97.67,$103.70,$95.92,$99.34,$3.5 bn,35037892,$42.7 bn
01/08/2024,$89.41,$99.49,$85.74,$97.76,$3.7 bn,40356034,$39.6 bn
01/07/2024,$93.93,$96.70,$88.23,$89.29,$2 bn,20851462,$40.2 bn
01/06/2024,$99.90,$100.09,$92.30,$93.89,$2 bn,20853221,$40.8 bn
01/05/2024,$105.06,$105.12,$96.07,$99.94,$2.7 bn,27220635,$42.8 bn
01/04/2024,$98.44,$107.87,$96.94,$105.06,$3 bn,29369800,$43.3 bn
01/03/2024,$106.84,$109.79,$90.93,$98.53,$7.5 bn,72332720,$44 bn
01/02/2024,$109.47,$116.75,$106.17,$106.56,$5 bn,45092086,$47.4 bn
01/01/2024,$101.74,$109.44,$101.65,$109.44,$3 bn,28279371,$44.7 bn
12/31/2023,$102.25,$105.14,$100.14,$101.44,$1.9 bn,18904235,$43.8 bn
12/30/2023,$106.15,$107.13,$101.06,$102.25,$2.1 bn,20092218,$44.1 bn
12/29/2023,$101.85,$109.47,$99.91,$106.16,$5 bn,47039195,$45.1 bn
12/28/2023,$106.70,$109.40,$97.74,$101.93,$4.7 bn,45876950,$43.9 bn
12/27/2023,$113.05,$114.96,$105.41,$106.82,$4.4 bn,39865957,$47 bn
12/26/2023,$123.17,$123.18,$104.49,$112.55,$6.3 bn,55377993,$48.6 bn
12/25/2023,$112.82,$123.35,$108.76,$123.17,$6.3 bn,54651055,$49.2 bn
12/24/2023,$108.11,$117.38,$107.88,$112.48,$6.6 bn,58348710,$48.1 bn
12/23/2023,$97.69,$109.20,$93.02,$107.75,$4.2 bn,42962362,$41.7 bn
12/22/2023,$94.33,$99.12,$90.99,$97.96,$5.5 bn,57307577,$40.7 bn
12/21/2023,$81.91,$95.21,$81.48,$93.86,$5 bn,56529829,$37.4 bn
12/20/2023,$73.19,$83.83,$73.11,$82.13,$3.9 bn,49731688,$33.2 bn
12/19/2023,$74.29,$76.28,$71.97,$72.98,$1.9 bn,25867782,$31.7 bn
12/18/2023,$71.06,$75.34,$67.47,$74.35,$2.4 bn,33306718,$30.2 bn
12/17/2023,$73.96,$74.76,$70.89,$70.91,$1.5 bn,21183162,$31.2 bn
12/16/2023,$72.99,$77.10,$71.75,$73.63,$1.8 bn,24456281,$31.8 bn
12/15/2023,$75.50,$79.10,$72.37,$72.50,$3 bn,39893472,$32.4 bn
12/14/2023,$70.64,$75.99,$69.83,$75.62,$2.7 bn,37516351,$30.8 bn
12/13/2023,$68.45,$72.26,$64.27,$70.70,$2.7 bn,39621531,$28.8 bn
12/12/2023,$70.71,$72.28,$66.16,$68.61,$2.5 bn,36448081,$28.1 bn
12/11/2023,$74.37,$74.37,$67.27,$70.35,$4.6 bn,66172624,$28.1 bn
12/10/2023,$72.86,$74.65,$71.12,$74.65,$2.5 bn,33660833,$29.4 bn
12/09/2023,$74.83,$77.32,$72.24,$72.35,$3.5 bn,47294168,$30.2 bn
12/08/2023,$67.99,$75.08,$67.99,$74.89,$4.5 bn,62201069,$29 bn
12/07/2023,$61.79,$69.07,$61.75,$67.76,$3.7 bn,57593107,$25.9 bn
12/06/2023,$61.07,$66.20,$61.07,$61.78,$3.5 bn,54671665,$25.6 bn
12/05/2023,$61.43,$62.33,$59.57,$60.83,$2.1 bn,35193183,$24.4 bn
12/04/2023,$63.14,$65.04,$60.25,$61.49,$2.6 bn,41684809,$25.2 bn
12/03/2023,$63.63,$65.39,$62.36,$63.10,$1.8 bn,28421632,$25.6 bn
12/02/2023,$59.76,$63.76,$59.76,$63.76,$1.8 bn,29375317,$24.9 bn
12/01/2023,$59.28,$61.75,$58.69,$59.80,$1.8 bn,30327385,$24.4 bn
11/30/2023,$59.22,$61.44,$58.89,$59.22,$1.7 bn,27970014,$24.1 bn
11/29/2023,$58.18,$61.64,$57.80,$59.26,$2.5 bn,42630929,$24 bn
11/28/2023,$54.99,$58.56,$54.05,$58.15,$1.9 bn,33612618,$22.6 bn
11/27/2023,$57.53,$57.97,$53.81,$55.06,$1.6 bn,29703845,$22.4 bn
11/26/2023,$58.87,$58.94,$56.36,$57.63,$1.2 bn,20409150,$23.3 bn
11/25/2023,$56.44,$59.62,$56.23,$58.82,$1.6 bn,26924608,$23.6 bn
11/24/2023,$56.50,$58.63,$56.27,$56.83,$1.5 bn,26001622,$23.1 bn
11/23/2023,$57.66,$59.36,$56.23,$56.50,$1.9 bn,33222828,$23.1 bn
11/22/2023,$52.12,$58.69,$52.12,$57.52,$2.7 bn,49764897,$22.2 bn
11/21/2023,$56.45,$57.29,$51.61,$51.98,$3.1 bn,55979363,$22.3 bn
11/20/2023,$60.98,$61.11,$56.31,$56.54,$2.5 bn,41771516,$23.8 bn
11/19/2023,$58.37,$61.97,$56.79,$61.27,$2.6 bn,43305301,$24.1 bn
11/18/2023,$58.26,$59.23,$54.90,$58.49,$2.5 bn,43648202,$23.1 bn
11/17/2023,$57.92,$60.36,$54.55,$58.33,$4.2 bn,73062529,$23.4 bn
11/16/2023,$65.55,$68.02,$56.75,$57.90,$5 bn,77914425,$25.6 bn
11/15/2023,$56.82,$66.87,$56.30,$65.53,$5.1 bn,83595443,$24.5 bn
11/14/2023,$52.14,$57.67,$52.14,$56.85,$4.3 bn,78636532,$22 bn
11/13/2023,$56.39,$59.43,$51.89,$51.89,$3.8 bn,66639076,$22.7 bn
11/12/2023,$57.00,$61.75,$54.87,$56.18,$3.9 bn,66729975,$23.3 bn
11/11/2023,$56.93,$63.72,$54.00,$56.17,$5.3 bn,91776090,$23 bn
11/10/2023,$45.21,$57.45,$45.21,$56.67,$5.1 bn,101946431,$20.2 bn
11/09/2023,$43.09,$48.72,$42.59,$45.38,$3.6 bn,79914100,$18.2 bn
11/08/2023,$42.91,$43.77,$42.34,$43.17,$1.3 bn,29663265,$17.4 bn
11/07/2023,$42.07,$44.41,$40.27,$43.06,$2.2 bn,53506534,$16.9 bn
11/06/2023,$41.08,$42.12,$39.73,$42.12,$1.2 bn,29605438,$16.3 bn
11/05/2023,$42.46,$42.81,$40.34,$41.20,$1.1 bn,25522320,$16.7 bn
11/04/2023,$39.42,$42.64,$39.11,$42.34,$1.9 bn,44768226,$16.7 bn
11/03/2023,$40.11,$40.11,$38.16,$39.48,$2.3 bn,59278429,$15.8 bn
11/02/2023,$41.28,$44.43,$38.95,$40.20,$3.4 bn,81243621,$16.9 bn
11/01/2023,$38.45,$46.04,$37.92,$41.34,$4.8 bn,119553736,$16.1 bn
10/31/2023,$34.93,$38.51,$34.89,$38.46,$2 bn,55372575,$14.6 bn
10/30/2023,$32.89,$35.16,$32.40,$34.95,$1.4 bn,41296494,$13.7 bn
10/29/2023,$31.60,$33.12,$31.44,$32.81,$637.8 m,19732747,$13 bn
10/28/2023,$31.68,$32.46,$31.48,$31.65,$501.3 m,15670233,$12.9 bn
10/27/2023,$32.75,$33.28,$31.52,$31.73,$1.1 bn,34851747,$13 bn
10/26/2023,$32.33,$33.16,$30.81,$32.73,$1.3 bn,40468545,$12.9 bn
10/25/2023,$30.18,$33.70,$30.07,$32.43,$2.4 bn,75719396,$12.9 bn
10/24/2023,$31.87,$32.40,$29.64,$30.14,$2.4 bn,75319850,$12.6 bn
10/23/2023,$28.99,$32.73,$28.78,$31.84,$2.7 bn,91204941,$12.1 bn
10/22/2023,$29.28,$29.95,$28.14,$29.02,$1.1 bn,39590088,$11.7 bn
10/21/2023,$27.08,$30.12,$26.68,$29.35,$2 bn,70209289,$11.4 bn
10/20/2023,$24.93,$27.31,$24.75,$27.02,$1.5 bn,56325977,$10.7 bn
10/19/2023,$23.41,$25.39,$23.26,$24.92,$974.2 m,40202660,$9.8 bn
10/18/2023,$23.94,$24.30,$23.41,$23.41,$549.3 m,23038614,$9.6 bn
10/17/2023,$23.93,$24.49,$23.61,$23.95,$829.3 m,34485342,$9.7 bn
10/16/2023,$21.92,$24.51,$21.92,$23.96,$973.5 m,42241687,$9.3 bn
10/15/2023,$21.99,$22.15,$21.69,$21.91,$224.1 m,10234048,$8.8 bn
10/14/2023,$21.82,$22.19,$21.82,$22.00,$225.2 m,10235487,$8.9 bn
10/13/2023,$21.28,$22.14,$21.12,$21.83,$346.6 m,16137508,$8.6 bn
10/12/2023,$21.98,$22.01,$21.06,$21.30,$384.5 m,17920797,$8.6 bn
10/11/2023,$22.12,$22.39,$21.64,$22.00,$374.5 m,16975318,$8.9 bn
10/10/2023,$22.10,$22.41,$21.71,$22.09,$332.2 m,15027397,$8.9 bn
10/09/2023,$23.21,$23.36,$21.80,$22.10,$496.6 m,21985656,$9.1 bn
10/08/2023,$23.30,$23.60,$23.12,$23.23,$264.2 m,11309862,$9.4 bn
10/07/2023,$23.37,$24.06,$23.10,$23.28,$374.5 m,15955009,$9.5 bn
10/06/2023,$22.69,$23.70,$22.69,$23.41,$561.8 m,24143639,$9.4 bn
10/05/2023,$23.12,$23.71,$22.61,$22.67,$492.5 m,21356106,$9.3 bn
10/04/2023,$23.59,$23.77,$22.63,$23.12,$594.3 m,25634590,$9.3 bn
10/03/2023,$23.43,$24.66,$23.27,$23.56,$876.1 m,36735649,$9.6 bn
10/01/2023,$21.35,$24.40,$21.15,$23.85,$875.1 m,39179009,$9 bn
09/30/2023,$20.28,$21.71,$20.11,$21.38,$433.7 m,20898027,$8.4 bn
09/29/2023,$19.97,$20.42,$19.86,$20.28,$282.4 m,13988405,$8.1 bn
09/28/2023,$19.13,$19.95,$19.11,$19.95,$278.7 m,14370941,$7.8 bn
09/27/2023,$19.02,$19.45,$18.78,$19.13,$261.8 m,13754509,$7.7 bn
09/26/2023,$19.39,$19.51,$18.93,$19.03,$205.2 m,10645324,$7.8 bn
09/25/2023,$19.35,$19.70,$19.21,$19.40,$199.6 m,10246521,$7.8 bn
09/24/2023,$19.49,$19.65,$19.29,$19.37,$139.9 m,7162004,$7.9 bn
09/23/2023,$19.43,$19.55,$19.30,$19.47,$112.2 m,5772829,$7.8 bn
09/22/2023,$19.45,$19.77,$19.20,$19.43,$166.4 m,8516512,$7.9 bn
09/21/2023,$20.29,$20.29,$19.36,$19.46,$344.2 m,17434856,$7.9 bn
09/20/2023,$20.05,$20.46,$19.84,$20.31,$369.6 m,18385904,$8.1 bn
09/19/2023,$19.67,$20.35,$19.59,$20.02,$363 m,18185887,$8 bn
09/18/2023,$18.81,$20.08,$18.64,$19.63,$436.1 m,22424485,$7.8 bn
09/17/2023,$19.12,$19.12,$18.69,$18.82,$227.7 m,12019106,$7.6 bn
09/16/2023,$19.18,$19.41,$18.89,$19.13,$254.1 m,13293862,$7.7 bn
09/15/2023,$18.84,$19.39,$18.58,$19.15,$324.2 m,17094197,$7.6 bn
09/14/2023,$18.43,$19.27,$18.43,$18.83,$461.9 m,24476310,$7.6 bn
09/13/2023,$17.92,$18.49,$17.73,$18.39,$463.3 m,25541704,$7.3 bn
09/12/2023,$17.73,$18.67,$17.58,$17.92,$475.9 m,26436276,$7.2 bn
09/11/2023,$18.22,$18.41,$17.47,$17.73,$481.4 m,26920456,$7.2 bn
09/10/2023,$19.43,$19.43,$17.87,$18.24,$610 m,33003463,$7.4 bn
09/09/2023,$19.60,$19.60,$19.40,$19.44,$116.3 m,5963484,$7.9 bn
09/08/2023,$19.91,$20.21,$19.41,$19.60,$246.8 m,12521932,$7.9 bn
09/07/2023,$19.61,$19.97,$19.36,$19.90,$280.2 m,14278272,$7.9 bn
09/06/2023,$20.27,$20.36,$19.23,$19.63,$374.7 m,18967078,$8 bn
09/05/2023,$19.51,$20.54,$19.09,$20.28,$471.4 m,23864680,$8 bn
09/04/2023,$19.58,$19.91,$19.23,$19.50,$256.3 m,13082154,$7.9 bn
09/03/2023,$19.49,$19.65,$19.28,$19.57,$185.8 m,9543752,$7.8 bn
09/02/2023,$19.32,$19.67,$19.17,$19.48,$221.9 m,11388516,$7.8 bn
09/01/2023,$19.74,$19.91,$19.09,$19.32,$332.3 m,16940355,$7.9 bn
08/31/2023,$20.79,$21.00,$19.62,$19.73,$412.1 m,20183587,$8.2 bn
08/30/2023,$21.84,$21.92,$20.62,$20.81,$342.8 m,16111711,$8.6 bn
08/29/2023,$20.58,$21.93,$20.13,$21.77,$636.3 m,30448954,$8.4 bn
08/28/2023,$20.77,$20.77,$20.15,$20.56,$255.6 m,12484577,$8.2 bn
08/27/2023,$20.27,$20.87,$20.25,$20.79,$210.2 m,10221018,$8.3 bn
08/26/2023,$20.42,$20.44,$20.24,$20.31,$163.7 m,8051683,$8.2 bn
08/25/2023,$21.07,$21.07,$20.20,$20.44,$341.7 m,16597055,$8.3 bn
08/24/2023,$21.75,$22.00,$20.78,$21.06,$400.3 m,18653694,$8.6 bn
08/23/2023,$20.60,$21.75,$20.50,$21.72,$563 m,26856160,$8.4 bn
08/22/2023,$21.25,$21.29,$19.86,$20.60,$639.6 m,30702367,$8.4 bn
08/21/2023,$21.79,$21.80,$20.75,$21.24,$485.8 m,22785262,$8.6 bn
08/20/2023,$21.94,$22.11,$21.65,$21.80,$209.9 m,9606733,$8.8 bn
08/19/2023,$21.35,$22.23,$21.35,$21.92,$280.9 m,12917528,$8.8 bn
08/18/2023,$21.66,$22.15,$21.10,$21.36,$500.7 m,23058645,$8.7 bn
08/17/2023,$22.82,$23.40,$20.77,$21.70,$797.2 m,34650517,$9.3 bn
08/16/2023,$23.89,$24.01,$22.58,$22.86,$564.5 m,24141061,$9.4 bn
08/15/2023,$25.20,$25.25,$23.76,$23.92,$537 m,21723460,$10 bn
08/14/2023,$24.22,$25.19,$24.15,$25.15,$465.9 m,18935895,$9.9 bn
08/13/2023,$24.90,$24.90,$24.25,$24.26,$316.6 m,12843584,$9.9 bn
08/12/2023,$24.62,$25.07,$24.42,$24.89,$309 m,12550131,$9.9 bn
08/11/2023,$24.66,$24.89,$24.37,$24.61,$394.4 m,16041887,$9.9 bn
08/10/2023,$24.40,$24.79,$24.16,$24.63,$417.3 m,17057863,$9.9 bn
08/09/2023,$24.26,$24.95,$24.20,$24.39,$561.3 m,22915047,$9.9 bn
08/08/2023,$23.12,$24.64,$23.04,$24.21,$650.8 m,27587058,$9.5 bn
08/07/2023,$23.22,$23.51,$22.50,$23.10,$459 m,19898713,$9.3 bn
08/06/2023,$22.66,$23.39,$22.61,$23.22,$399.6 m,17323271,$9.3 bn
08/05/2023,$22.79,$22.92,$22.37,$22.66,$306.5 m,13508304,$9.1 bn
08/04/2023,$22.66,$23.51,$22.54,$22.81,$481.7 m,20972930,$9.2 bn
08/03/2023,$23.14,$23.37,$22.56,$22.67,$451.3 m,19681722,$9.2 bn
08/02/2023,$24.02,$24.22,$23.02,$23.17,$465 m,19778688,$9.5 bn
08/01/2023,$23.71,$23.98,$23.09,$23.97,$579.5 m,24659065,$9.5 bn
07/31/2023,$24.24,$24.76,$23.67,$23.73,$546.3 m,22513208,$9.8 bn
07/30/2023,$25.17,$25.19,$23.95,$24.27,$562.9 m,22649579,$10 bn
07/29/2023,$24.80,$25.37,$24.80,$25.17,$390.6 m,15541620,$10.1 bn
07/28/2023,$25.09,$25.48,$24.59,$24.84,$405.5 m,16261481,$10 bn
07/27/2023,$25.17,$25.57,$24.71,$25.12,$585.4 m,23278057,$10.1 bn
07/26/2023,$23.29,$25.53,$23.21,$25.16,$796.5 m,32896904,$9.7 bn
07/25/2023,$23.37,$23.54,$22.93,$23.29,$367.5 m,15801626,$8.7 bn
07/24/2023,$24.75,$24.80,$23.11,$23.39,$533.4 m,22353032,$9 bn
07/23/2023,$24.51,$25.21,$24.26,$24.77,$367.5 m,14862646,$9.3 bn
07/22/2023,$25.51,$25.94,$24.30,$24.51,$373.6 m,14605535,$9.6 bn
07/21/2023,$25.39,$25.89,$25.18,$25.55,$458.9 m,18024139,$9.6 bn
07/20/2023,$26.38,$27.36,$25.19,$25.40,$677.3 m,25704693,$9.9 bn
07/19/2023,$25.54,$26.93,$25.43,$26.38,$719.6 m,27297315,$9.9 bn
07/18/2023,$26.83,$27.06,$24.88,$25.58,$853 m,33046092,$9.7 bn
07/17/2023,$27.40,$28.38,$25.89,$26.89,$1.3 bn,46070811,$10.2 bn
07/16/2023,$27.51,$28.55,$26.90,$27.39,$959.3 m,34551899,$10.4 bn
07/15/2023,$26.67,$29.02,$26.67,$27.40,$2.8 bn,100645785,$10.5 bn
07/14/2023,$25.98,$30.11,$25.45,$26.75,$1.9 bn,69982831,$10.4 bn
07/13/2023,$21.96,$26.45,$21.52,$26.02,$1.4 bn,62266141,$8.7 bn
07/12/2023,$22.05,$22.66,$21.83,$21.97,$495.4 m,22392713,$8.3 bn
07/11/2023,$21.33,$22.30,$21.25,$22.07,$413.6 m,18852111,$8.2 bn
07/10/2023,$21.36,$21.74,$20.61,$21.32,$471.2 m,22375760,$7.9 bn
07/09/2023,$21.82,$22.33,$21.10,$21.36,$365.9 m,16958437,$8.1 bn
07/08/2023,$21.49,$22.41,$21.35,$21.87,$645.1 m,29591608,$8.2 bn
07/07/2023,$19.61,$21.60,$19.33,$21.47,$944.6 m,45869618,$7.7 bn
07/06/2023,$18.98,$20.92,$18.87,$19.77,$800.2 m,40335747,$7.4 bn
07/05/2023,$19.18,$19.38,$18.52,$19.00,$241.6 m,12732862,$7.1 bn
07/04/2023,$19.26,$19.90,$19.11,$19.16,$275.8 m,14237144,$7.3 bn
07/03/2023,$19.46,$19.62,$18.96,$19.25,$288.9 m,14946135,$7.3 bn
07/02/2023,$18.72,$19.71,$18.60,$19.46,$472.1 m,24650162,$7.2 bn
07/01/2023,$18.90,$18.97,$17.94,$18.69,$300.5 m,16350139,$6.9 bn
06/30/2023,$18.05,$19.92,$17.43,$18.88,$976.6 m,52007358,$7 bn
06/29/2023,$15.96,$18.20,$15.88,$17.99,$618.8 m,36252989,$6.4 bn
06/28/2023,$16.60,$16.60,$15.73,$15.97,$265.4 m,16405889,$6.1 bn
06/27/2023,$16.22,$16.92,$16.16,$16.63,$211.9 m,12781695,$6.2 bn
06/26/2023,$16.93,$17.10,$15.99,$16.28,$217 m,13032579,$6.2 bn
06/25/2023,$16.62,$17.35,$16.59,$16.97,$203.1 m,11930158,$6.4 bn
06/24/2023,$17.12,$17.52,$16.46,$16.65,$205.5 m,12068004,$6.4 bn
06/23/2023,$16.65,$17.51,$16.20,$17.14,$291.9 m,17374698,$6.3 bn
06/22/2023,$17.26,$17.69,$16.62,$16.65,$220.5 m,12859295,$6.4 bn
06/21/2023,$16.64,$17.38,$16.57,$17.25,$271 m,16025418,$6.3 bn
06/20/2023,$16.07,$16.66,$15.76,$16.65,$247.7 m,15382090,$6 bn
06/19/2023,$15.46,$16.07,$15.41,$16.06,$182.5 m,11690250,$5.9 bn
06/18/2023,$15.62,$15.82,$15.36,$15.44,$176.7 m,11311366,$5.9 bn
06/17/2023,$15.29,$16.07,$15.19,$15.64,$260.8 m,16644330,$5.9 bn
06/16/2023,$14.74,$15.42,$14.50,$15.32,$246.4 m,16504456,$5.6 bn
06/15/2023,$14.45,$15.01,$14.23,$14.76,$357.9 m,24390841,$5.5 bn
06/14/2023,$15.01,$15.32,$14.25,$14.49,$326.2 m,21704147,$5.6 bn
06/13/2023,$15.18,$15.90,$14.81,$15.02,$370.6 m,24363439,$5.7 bn
06/12/2023,$15.52,$15.61,$14.77,$15.19,$422.4 m,27735299,$5.7 bn
06/11/2023,$15.66,$16.10,$15.17,$15.55,$478.4 m,30760558,$5.8 bn
06/10/2023,$17.36,$17.36,$13.39,$15.62,$1.4 bn,94566232,$5.7 bn
06/09/2023,$18.87,$19.30,$17.15,$17.39,$482.6 m,26074359,$6.9 bn
06/08/2023,$18.58,$19.06,$18.29,$18.90,$296.4 m,15813549,$7 bn
06/07/2023,$20.35,$20.49,$18.54,$18.63,$415.5 m,21182776,$7.4 bn
06/06/2023,$20.01,$20.68,$19.29,$20.39,$470.7 m,23492982,$7.5 bn
06/05/2023,$21.79,$22.04,$19.48,$20.04,$589 m,27979609,$7.9 bn
06/04/2023,$21.20,$22.29,$21.05,$21.81,$370.7 m,17058016,$8.2 bn
06/03/2023,$21.26,$21.34,$21.01,$21.16,$170.5 m,8064564,$7.9 bn
06/02/2023,$20.48,$21.35,$20.41,$21.24,$269.8 m,12814991,$7.9 bn
06/01/2023,$20.82,$20.96,$20.46,$20.49,$230.5 m,11139707,$7.8 bn
05/31/2023,$21.24,$21.31,$20.46,$20.82,$244.6 m,11784076,$7.8 bn
05/30/2023,$20.57,$21.38,$20.48,$21.25,$374.6 m,17803570,$7.9 bn
05/29/2023,$20.83,$20.97,$20.29,$20.58,$241.9 m,11708437,$7.8 bn
05/28/2023,$20.43,$21.14,$20.31,$20.80,$312 m,15148482,$7.7 bn
05/27/2023,$19.36,$20.51,$19.34,$20.42,$195.7 m,9981697,$7.4 bn
05/26/2023,$19.25,$19.54,$19.11,$19.35,$155.7 m,8053375,$7.3 bn
05/25/2023,$19.23,$19.52,$18.89,$19.25,$201.8 m,10455341,$7.2 bn
05/24/2023,$20.03,$20.07,$18.89,$19.22,$320.2 m,16499347,$7.3 bn
05/23/2023,$19.54,$20.15,$19.45,$20.03,$294.1 m,14763596,$7.5 bn
05/22/2023,$19.61,$19.94,$19.39,$19.56,$245.5 m,12472692,$7.4 bn
05/21/2023,$20.27,$20.38,$19.50,$19.60,$223.5 m,11121356,$7.5 bn
05/20/2023,$20.35,$20.35,$20.14,$20.28,$142.4 m,7039277,$7.6 bn
05/19/2023,$20.34,$20.54,$20.31,$20.34,$178.4 m,8744495,$7.7 bn
05/18/2023,$21.05,$21.08,$20.18,$20.35,$344.2 m,16632720,$7.8 bn
05/17/2023,$20.65,$21.16,$20.47,$21.06,$351.7 m,16918151,$7.8 bn
05/16/2023,$21.00,$21.12,$20.46,$20.67,$326.7 m,15699887,$7.8 bn
05/15/2023,$20.94,$21.49,$20.64,$21.00,$369.4 m,17388373,$8 bn
05/14/2023,$20.85,$21.24,$20.66,$20.95,$233.5 m,11121399,$7.9 bn
05/13/2023,$20.97,$21.26,$20.82,$20.86,$279 m,13282764,$7.9 bn
05/12/2023,$20.17,$20.94,$19.85,$20.92,$441 m,21713557,$7.6 bn
05/11/2023,$20.92,$20.92,$19.83,$20.22,$462.7 m,22691987,$7.7 bn
05/10/2023,$20.65,$21.27,$20.16,$20.94,$603.9 m,28990748,$7.8 bn
05/09/2023,$20.61,$20.96,$20.44,$20.68,$352.5 m,17072311,$7.7 bn
05/08/2023,$21.64,$21.77,$20.16,$20.65,$661.8 m,31364848,$7.9 bn
05/07/2023,$21.91,$22.71,$21.75,$21.77,$369.5 m,16667520,$8.3 bn
05/06/2023,$22.85,$23.19,$21.70,$21.94,$418.1 m,18717336,$8.4 bn
05/05/2023,$21.72,$23.02,$21.67,$22.80,$526.6 m,23713995,$8.3 bn
05/04/2023,$22.26,$22.44,$21.63,$21.72,$369.2 m,16751582,$8.3 bn
05/03/2023,$22.23,$22.27,$21.28,$22.21,$561.4 m,25853211,$8.1 bn
05/02/2023,$21.90,$22.36,$21.77,$22.25,$390.7 m,17739902,$8.3 bn
05/01/2023,$22.79,$22.87,$21.63,$21.98,$537.4 m,24292783,$8.3 bn
04/30/2023,$23.18,$23.89,$22.82,$22.82,$444.4 m,19043127,$8.8 bn
04/29/2023,$23.37,$23.73,$22.96,$23.16,$450.1 m,19321382,$8.7 bn
04/28/2023,$22.35,$23.45,$22.21,$23.35,$629.3 m,27765425,$8.5 bn
04/27/2023,$21.25,$22.47,$21.22,$22.34,$635.2 m,28985086,$8.2 bn
04/26/2023,$21.89,$22.92,$20.70,$21.27,$811.1 m,36712667,$8.3 bn
04/25/2023,$21.38,$21.93,$20.75,$21.92,$480.2 m,22725027,$7.9 bn
04/24/2023,$21.47,$21.94,$21.08,$21.39,$441.3 m,20522054,$8.1 bn
04/23/2023,$21.78,$22.21,$21.04,$21.47,$375.9 m,17316038,$8.1 bn
04/22/2023,$21.27,$21.94,$21.10,$21.80,$311.3 m,14475739,$8.1 bn
04/21/2023,$22.20,$22.37,$21.14,$21.27,$548.7 m,25028407,$8.2 bn
04/20/2023,$22.64,$23.10,$21.63,$22.19,$774.3 m,34386930,$8.4 bn
04/19/2023,$24.81,$24.94,$22.29,$22.70,$981.4 m,41565210,$8.9 bn
04/18/2023,$24.58,$25.41,$24.09,$24.84,$708.1 m,28540488,$9.3 bn
04/17/2023,$25.37,$25.96,$24.39,$24.55,$1 bn,41372830,$9.4 bn
04/16/2023,$24.04,$25.45,$23.89,$25.34,$679.9 m,27843250,$9.2 bn
04/15/2023,$24.73,$24.75,$23.84,$24.07,$546.2 m,22509721,$9.1 bn
04/14/2023,$24.39,$25.43,$23.79,$24.75,$1.2 bn,46877114,$9.3 bn
04/13/2023,$23.83,$25.11,$23.69,$24.41,$1.1 bn,43461916,$9.1 bn
04/12/2023,$23.01,$24.32,$22.41,$23.80,$1.7 bn,73718388,$8.8 bn
04/11/2023,$20.89,$23.66,$20.83,$22.99,$1.3 bn,58197905,$8.4 bn
04/10/2023,$20.29,$20.93,$20.10,$20.87,$295.6 m,14504604,$7.6 bn
04/09/2023,$20.04,$20.40,$19.94,$20.29,$215 m,10667786,$7.6 bn
04/08/2023,$20.45,$20.70,$19.92,$20.03,$256.4 m,12560635,$7.7 bn
04/07/2023,$20.62,$20.77,$20.27,$20.46,$228.8 m,11177646,$7.7 bn
04/06/2023,$20.95,$20.96,$20.50,$20.61,$290.9 m,14047126,$7.8 bn
04/05/2023,$20.92,$21.30,$20.66,$20.96,$368.7 m,17538191,$7.9 bn
04/04/2023,$20.46,$21.19,$20.34,$20.91,$343.9 m,16582871,$7.8 bn
04/03/2023,$20.51,$20.93,$20.02,$20.44,$482 m,23697335,$7.6 bn
04/02/2023,$21.09,$21.28,$20.32,$20.52,$267.8 m,12858181,$7.8 bn
04/01/2023,$21.20,$21.30,$20.84,$21.07,$275 m,13065430,$7.9 bn
03/31/2023,$20.55,$21.44,$20.12,$21.18,$406 m,19658437,$7.7 bn
03/30/2023,$21.12,$21.57,$20.23,$20.55,$521.9 m,25174085,$7.8 bn
03/29/2023,$20.46,$21.50,$20.46,$21.11,$427.9 m,20316034,$7.9 bn
03/28/2023,$19.91,$20.71,$19.65,$20.46,$396.4 m,19753549,$7.5 bn
03/27/2023,$20.96,$20.97,$19.50,$19.92,$383 m,18862431,$7.6 bn
03/26/2023,$20.44,$21.09,$20.33,$20.97,$201.3 m,9673382,$7.8 bn
03/25/2023,$20.66,$20.93,$20.17,$20.43,$228 m,11055405,$7.7 bn
03/24/2023,$22.20,$22.25,$20.33,$20.66,$475.1 m,22146811,$8.1 bn
03/23/2023,$21.41,$22.66,$21.20,$22.22,$566.1 m,25993904,$8.2 bn
03/22/2023,$22.58,$23.02,$21.13,$21.45,$838.4 m,37686817,$8.3 bn
03/21/2023,$22.16,$23.18,$21.60,$22.60,$769 m,34213545,$8.4 bn
03/20/2023,$21.87,$23.79,$21.56,$22.19,$1.1 bn,49303311,$8.5 bn
03/19/2023,$21.22,$22.38,$21.22,$21.87,$538.1 m,24674654,$8.2 bn
03/18/2023,$21.61,$22.82,$21.11,$21.17,$761.3 m,34462504,$8.3 bn
03/17/2023,$19.68,$21.61,$19.47,$21.58,$646.7 m,31976624,$7.6 bn
03/16/2023,$19.25,$19.86,$18.95,$19.70,$445.6 m,22904966,$7.3 bn
03/15/2023,$20.87,$21.42,$18.81,$19.23,$708.9 m,34991758,$7.6 bn
03/14/2023,$20.39,$21.98,$19.83,$20.87,$913.8 m,44111053,$7.8 bn
03/13/2023,$20.18,$21.25,$18.95,$20.33,$988.9 m,49545940,$7.5 bn
03/12/2023,$18.09,$20.23,$17.79,$20.18,$687.8 m,37696304,$6.8 bn
03/11/2023,$18.18,$18.78,$17.02,$18.11,$595.4 m,33463634,$6.7 bn
03/10/2023,$17.00,$18.31,$16.11,$18.19,$840.4 m,48506410,$6.5 bn
03/09/2023,$18.47,$18.74,$16.94,$17.35,$610 m,33406691,$6.9 bn
03/08/2023,$20.25,$20.35,$18.40,$18.47,$495.9 m,25678664,$7.2 bn
03/07/2023,$20.69,$20.95,$19.81,$20.26,$405.1 m,19744064,$7.7 bn
03/06/2023,$21.00,$21.12,$20.54,$20.69,$375.2 m,18011081,$7.8 bn
03/05/2023,$20.98,$21.64,$20.89,$21.01,$410.8 m,19334619,$8 bn
03/04/2023,$21.50,$21.62,$20.41,$20.96,$370.5 m,17553754,$7.9 bn
03/03/2023,$21.99,$21.99,$20.59,$21.49,$487.9 m,22984282,$8 bn
03/02/2023,$22.51,$22.58,$21.72,$21.97,$346.7 m,15751950,$8.3 bn
03/01/2023,$21.89,$22.82,$21.70,$22.52,$379 m,16882104,$8.4 bn
02/28/2023,$22.68,$22.73,$21.81,$21.89,$386.7 m,17306056,$8.4 bn
02/27/2023,$23.26,$23.38,$22.39,$22.68,$640.6 m,28020098,$8.6 bn
02/26/2023,$22.39,$23.50,$22.26,$23.24,$415.6 m,18213312,$8.6 bn
02/25/2023,$23.08,$23.29,$21.56,$22.42,$564.2 m,24968097,$8.5 bn
02/24/2023,$23.92,$24.06,$22.60,$23.08,$608.9 m,25894754,$8.8 bn
02/23/2023,$24.17,$24.66,$23.65,$23.92,$598 m,24763049,$9.1 bn
02/22/2023,$24.97,$25.15,$23.34,$24.19,$836.5 m,35006932,$9 bn
02/21/2023,$26.27,$26.43,$24.68,$24.96,$909 m,35695211,$9.6 bn
02/20/2023,$24.85,$26.97,$24.27,$26.12,$1.3 bn,51659734,$9.8 bn
02/19/2023,$23.45,$25.55,$23.26,$24.85,$950 m,39529573,$9 bn
02/18/2023,$23.15,$23.77,$22.96,$23.46,$393.3 m,16836524,$8.8 bn
02/17/2023,$22.27,$23.52,$22.25,$23.18,$561.9 m,24648105,$8.6 bn
02/16/2023,$23.86,$24.03,$22.27,$22.29,$769.9 m,32665934,$8.8 bn
02/15/2023,$21.85,$23.90,$21.48,$23.90,$738.4 m,33209573,$8.3 bn
02/14/2023,$20.77,$22.30,$20.69,$21.84,$813.6 m,38114670,$8 bn
02/13/2023,$21.49,$21.54,$19.81,$20.80,$658.7 m,31912944,$7.7 bn
02/12/2023,$20.81,$22.31,$20.64,$21.45,$521.1 m,24610418,$7.9 bn
02/11/2023,$20.12,$20.86,$20.12,$20.82,$292.7 m,14346857,$7.7 bn
02/10/2023,$20.48,$21.12,$19.79,$20.14,$598.7 m,28860920,$7.2 bn
02/09/2023,$23.22,$23.32,$20.15,$20.41,$672.9 m,29967861,$7.8 bn
02/08/2023,$23.84,$24.15,$22.87,$23.20,$540.2 m,22934577,$8.2 bn
02/07/2023,$22.67,$23.91,$22.60,$23.86,$626.9 m,27003911,$8.1 bn
02/06/2023,$23.48,$23.69,$22.58,$22.72,$450.8 m,19375120,$8.1 bn
02/05/2023,$24.33,$24.43,$23.10,$23.50,$584.3 m,24411037,$8.3 bn
02/04/2023,$24.68,$24.90,$24.30,$24.32,$376.9 m,15328810,$8.6 bn
02/03/2023,$24.31,$24.98,$24.10,$24.68,$665.7 m,27196364,$8.5 bn
02/02/2023,$25.01,$26.11,$24.25,$24.25,$947.5 m,37780575,$8.7 bn
02/01/2023,$23.92,$25.16,$22.61,$25.01,$956.7 m,40345580,$8.3 bn
01/31/2023,$23.99,$24.37,$23.59,$23.99,$619.5 m,25830542,$8.4 bn
01/30/2023,$26.08,$26.25,$23.41,$23.97,$968.4 m,39265111,$8.6 bn
01/29/2023,$24.00,$26.67,$23.80,$26.11,$1 bn,42242874,$8.7 bn
01/28/2023,$24.43,$25.05,$23.82,$23.96,$498.2 m,20540358,$8.5 bn
01/27/2023,$24.35,$24.86,$23.48,$24.42,$666.7 m,27776307,$8.4 bn
01/26/2023,$24.53,$25.15,$23.95,$24.33,$784.9 m,31984974,$8.6 bn
01/25/2023,$22.76,$25.18,$22.38,$24.56,$1.1 bn,46972952,$8.2 bn
01/24/2023,$24.32,$25.13,$22.67,$22.77,$749.4 m,30697023,$8.5 bn
01/23/2023,$24.22,$24.86,$23.94,$24.38,$837.8 m,34272778,$8.5 bn
01/22/2023,$24.58,$25.38,$23.78,$24.25,$942.6 m,37849634,$8.7 bn
01/21/2023,$25.55,$26.30,$24.60,$24.66,$1.8 bn,71404835,$8.8 bn
01/20/2023,$21.45,$25.64,$21.04,$25.56,$1.4 bn,65404683,$7.7 bn
01/19/2023,$20.83,$21.78,$20.54,$21.46,$811 m,38123310,$7.4 bn
01/18/2023,$22.88,$23.41,$20.68,$20.87,$1.2 bn,55320677,$7.8 bn
01/17/2023,$23.59,$23.79,$22.88,$22.88,$898 m,38414834,$8.2 bn
01/16/2023,$22.89,$24.75,$22.49,$23.58,$1.5 bn,63512723,$8.2 bn
01/15/2023,$24.24,$24.59,$22.17,$22.83,$1.6 bn,70828625,$8 bn
01/14/2023,$18.26,$24.51,$18.26,$24.32,$3.4 bn,149412573,$7.8 bn
01/13/2023,$16.59,$18.53,$16.35,$18.27,$1 bn,60219014,$5.9 bn
01/12/2023,$16.34,$16.77,$15.94,$16.62,$834.8 m,51207711,$5.7 bn
01/11/2023,$16.19,$16.49,$15.36,$16.37,$606.9 m,38089797,$5.6 bn
01/10/2023,$16.36,$16.65,$15.71,$16.20,$816.5 m,50470822,$5.6 bn
01/09/2023,$14.26,$17.31,$14.26,$16.30,$1.7 bn,101996300,$5.7 bn
01/08/2023,$13.08,$14.07,$12.92,$14.07,$494.8 m,36664415,$4.7 bn
01/07/2023,$13.47,$13.47,$13.06,$13.09,$190 m,14366786,$4.6 bn
01/06/2023,$13.40,$13.54,$12.76,$13.52,$455 m,34488615,$4.6 bn
01/05/2023,$13.43,$13.79,$12.98,$13.42,$478.6 m,36058916,$4.6 bn
01/04/2023,$13.32,$14.06,$12.89,$13.44,$996 m,73512129,$4.7 bn
01/03/2023,$11.25,$13.48,$11.06,$13.36,$1.1 bn,86318965,$4.2 bn
01/02/2023,$9.97,$11.39,$9.84,$11.27,$492.6 m,45661581,$3.8 bn
01/01/2023,$9.98,$10.07,$9.72,$9.97,$173.7 m,17542046,$3.5 bn
12/31/2022,$9.90,$10.15,$9.68,$9.96,$263.2 m,26554744,$3.5 bn
12/30/2022,$9.52,$10.03,$9.05,$9.89,$624.6 m,65314506,$3.3 bn
12/29/2022,$9.76,$9.85,$8.13,$9.70,$595.3 m,63456463,$3.3 bn
12/28/2022,$11.10,$11.10,$9.51,$9.76,$339.5 m,33398117,$3.5 bn
12/27/2022,$11.36,$11.38,$10.78,$11.09,$171.6 m,15439106,$3.9 bn
12/26/2022,$11.40,$11.46,$11.15,$11.32,$88.5 m,7828912,$3.9 bn
12/25/2022,$11.45,$11.54,$11.29,$11.40,$72.1 m,6317913,$4 bn
12/24/2022,$11.78,$11.78,$11.24,$11.46,$131 m,11419098,$4 bn
12/23/2022,$11.81,$12.09,$11.76,$11.78,$107.2 m,9020860,$4.1 bn
12/22/2022,$12.14,$12.17,$11.71,$11.79,$117.1 m,9758731,$4.2 bn
12/21/2022,$12.26,$12.28,$11.91,$12.12,$113.5 m,9403201,$4.2 bn
12/20/2022,$11.93,$12.43,$11.87,$12.27,$118.8 m,9680068,$4.3 bn
12/19/2022,$12.41,$12.57,$11.73,$11.93,$131.6 m,10770498,$4.3 bn
12/18/2022,$12.51,$12.57,$12.31,$12.42,$79.5 m,6395516,$4.3 bn
12/17/2022,$12.22,$12.51,$11.97,$12.50,$143.6 m,11683442,$4.3 bn
12/16/2022,$14.04,$14.15,$12.10,$12.27,$229.5 m,17076436,$4.7 bn
12/15/2022,$14.13,$14.46,$13.89,$14.03,$185.9 m,13179770,$4.9 bn
12/14/2022,$13.86,$14.89,$13.82,$14.14,$293 m,20714535,$4.9 bn
12/13/2022,$13.35,$14.05,$12.83,$13.83,$218.9 m,16308129,$4.7 bn
12/12/2022,$13.42,$13.46,$12.95,$13.32,$134.7 m,10229608,$4.6 bn
12/11/2022,$13.56,$13.78,$13.40,$13.42,$78.4 m,5749801,$4.8 bn
12/10/2022,$13.58,$13.69,$13.55,$13.56,$73.7 m,5413856,$4.8 bn
12/09/2022,$13.70,$13.98,$13.53,$13.58,$145 m,10573548,$4.8 bn
12/08/2022,$13.48,$13.75,$13.29,$13.69,$134.6 m,9955985,$4.7 bn
12/07/2022,$14.30,$14.30,$13.48,$13.51,$151 m,10982162,$4.8 bn
12/06/2022,$13.83,$14.33,$13.83,$14.28,$192 m,13668524,$4.9 bn
12/05/2022,$13.70,$14.13,$13.62,$13.83,$224.4 m,16139488,$4.8 bn
12/04/2022,$13.29,$13.73,$13.29,$13.72,$93.8 m,6955978,$4.7 bn
12/03/2022,$13.70,$13.73,$13.25,$13.30,$100 m,7385032,$4.7 bn
12/02/2022,$13.49,$13.77,$13.35,$13.70,$155 m,11430846,$4.7 bn
12/01/2022,$14.14,$14.15,$13.42,$13.48,$137.7 m,10023363,$4.8 bn
11/30/2022,$13.36,$14.21,$13.31,$14.09,$172.8 m,12638353,$4.8 bn
11/29/2022,$13.31,$13.92,$13.20,$13.36,$155.1 m,11468205,$4.7 bn
11/28/2022,$14.12,$14.16,$12.82,$13.33,$271.9 m,20343295,$4.7 bn
11/27/2022,$14.17,$14.42,$14.09,$14.11,$131.1 m,9174712,$5 bn
11/26/2022,$14.03,$14.90,$14.00,$14.16,$191.7 m,13335685,$5 bn
11/25/2022,$14.56,$14.56,$13.92,$14.04,$186.4 m,13183537,$4.9 bn
11/24/2022,$14.31,$14.89,$13.88,$14.60,$358.3 m,24944606,$5 bn
11/23/2022,$12.46,$14.41,$12.43,$14.36,$504.2 m,38063125,$4.6 bn
11/22/2022,$11.82,$12.48,$10.98,$12.43,$298.3 m,25550689,$4.1 bn
11/21/2022,$12.31,$12.31,$11.37,$11.84,$271.3 m,22871744,$4.1 bn
11/20/2022,$12.86,$13.50,$12.25,$12.32,$446.1 m,34765199,$4.5 bn
11/19/2022,$13.28,$13.28,$12.67,$12.86,$336.8 m,26135108,$4.5 bn
11/18/2022,$13.73,$13.90,$13.06,$13.28,$365 m,26977055,$4.7 bn
11/17/2022,$14.36,$14.56,$13.06,$13.72,$545.1 m,39000831,$4.9 bn
11/16/2022,$14.39,$14.64,$13.84,$14.38,$471.6 m,33000123,$5 bn
11/15/2022,$14.13,$15.02,$14.01,$14.39,$685.4 m,47419574,$5 bn
11/14/2022,$13.33,$14.94,$12.23,$14.10,$1.1 bn,76292432,$4.8 bn
11/13/2022,$14.64,$14.76,$13.27,$13.33,$642.6 m,45660549,$4.9 bn
11/12/2022,$16.40,$16.40,$14.61,$14.63,$640 m,41719796,$5.3 bn
11/11/2022,$17.73,$18.17,$15.34,$16.39,$1.7 bn,99354606,$5.9 bn
11/10/2022,$13.95,$18.60,$13.40,$17.72,$3.5 bn,217804486,$5.5 bn
11/09/2022,$24.27,$24.27,$12.50,$14.05,$3 bn,165523007,$6.4 bn
11/08/2022,$29.61,$30.84,$20.80,$24.30,$4 bn,146710308,$9.4 bn
11/07/2022,$32.67,$33.04,$28.57,$29.59,$1.5 bn,48675325,$11.1 bn
11/06/2022,$36.86,$36.86,$32.54,$32.70,$1.1 bn,29998841,$12.3 bn
11/05/2022,$33.84,$38.59,$33.72,$36.75,$1.6 bn,46198332,$12.4 bn
11/04/2022,$30.85,$34.08,$30.70,$33.76,$907.6 m,27857134,$11.4 bn
11/03/2022,$30.77,$32.14,$30.63,$30.85,$556.2 m,17700832,$11 bn
11/02/2022,$32.22,$32.81,$30.28,$30.79,$829 m,26275060,$11 bn
11/01/2022,$32.54,$33.27,$32.11,$32.22,$458.2 m,14043382,$11.4 bn
10/31/2022,$32.90,$34.23,$32.24,$32.59,$820.8 m,24850201,$11.5 bn
10/30/2022,$32.85,$33.40,$32.10,$32.90,$516.2 m,15849744,$11.4 bn
10/29/2022,$32.05,$33.63,$31.87,$32.82,$776.2 m,23611852,$11.5 bn
10/28/2022,$30.56,$32.36,$30.17,$32.06,$728.7 m,23463275,$10.8 bn
10/27/2022,$31.27,$32.07,$30.55,$30.60,$855.1 m,27269743,$10.9 bn
10/26/2022,$30.94,$31.82,$30.73,$31.25,$899.2 m,28794194,$10.9 bn
10/25/2022,$28.32,$32.07,$28.11,$30.92,$1.1 bn,36283207,$10.2 bn
10/24/2022,$29.30,$29.45,$28.19,$28.30,$489.4 m,17089347,$10 bn
10/23/2022,$28.02,$29.34,$27.87,$29.27,$500 m,17617926,$9.9 bn
10/22/2022,$28.11,$28.15,$27.53,$28.02,$384.7 m,13800354,$9.7 bn
10/21/2022,$28.00,$28.26,$27.00,$28.10,$769.3 m,27628742,$9.7 bn
10/20/2022,$28.85,$29.44,$28.05,$28.07,$639.6 m,22130779,$10.1 bn
10/19/2022,$30.16,$30.21,$28.86,$28.89,$576.9 m,19337852,$10.4 bn
10/18/2022,$31.23,$31.43,$29.84,$30.17,$585.6 m,19092188,$10.7 bn
10/17/2022,$30.16,$31.25,$29.86,$31.22,$729.4 m,23885684,$10.6 bn
10/16/2022,$29.59,$30.46,$29.59,$30.16,$564.8 m,18872229,$10.4 bn
10/15/2022,$30.00,$30.17,$29.52,$29.56,$490.3 m,16388973,$10.4 bn
10/14/2022,$30.50,$31.93,$29.75,$30.02,$667.2 m,21519604,$10.8 bn
10/13/2022,$31.15,$31.19,$28.11,$30.52,$1.1 bn,36137404,$10.5 bn
10/12/2022,$30.81,$31.44,$30.71,$31.16,$439.1 m,14093591,$10.9 bn
10/11/2022,$31.96,$31.96,$30.53,$30.77,$595.8 m,18953561,$11 bn
10/10/2022,$32.91,$33.30,$31.97,$31.97,$523.9 m,16020148,$11.4 bn
10/09/2022,$32.58,$33.10,$32.46,$32.92,$363.3 m,11078442,$11.4 bn
10/08/2022,$32.98,$33.05,$32.43,$32.58,$316.8 m,9648790,$11.5 bn
10/07/2022,$33.35,$33.74,$32.56,$32.99,$516.9 m,15570187,$11.6 bn
10/06/2022,$34.06,$34.47,$33.32,$33.33,$549.5 m,16177955,$11.8 bn
10/05/2022,$34.11,$34.33,$33.28,$34.10,$523.8 m,15468748,$11.8 bn
10/04/2022,$32.92,$34.34,$32.86,$34.12,$556.7 m,16542822,$11.7 bn
10/03/2022,$32.03,$33.21,$31.94,$32.95,$502.6 m,15422698,$11.4 bn
10/02/2022,$32.43,$33.00,$31.98,$32.07,$427.6 m,13105779,$11.4 bn
10/01/2022,$33.22,$33.22,$32.45,$32.45,$410 m,12473790,$11.5 bn
09/30/2022,$33.92,$35.12,$32.70,$33.22,$928 m,27254971,$11.9 bn
09/29/2022,$33.24,$34.36,$32.80,$33.96,$744.4 m,22122367,$11.7 bn
09/28/2022,$32.87,$33.75,$31.81,$33.21,$779.3 m,23821396,$11.4 bn
09/27/2022,$33.85,$35.25,$32.20,$32.87,$939.2 m,27563452,$11.9 bn
09/26/2022,$32.32,$33.89,$31.93,$33.89,$739.5 m,22494253,$11.5 bn
09/25/2022,$33.43,$33.98,$32.04,$32.34,$478.3 m,14352470,$11.6 bn
09/24/2022,$33.69,$34.74,$33.31,$33.48,$683 m,20168199,$11.8 bn
09/23/2022,$32.44,$33.91,$31.32,$33.66,$793.2 m,24507801,$11.3 bn
09/22/2022,$30.76,$32.76,$30.65,$32.42,$677.9 m,21319628,$11.1 bn
09/21/2022,$31.40,$33.13,$30.20,$30.82,$1 bn,31697650,$11 bn
09/20/2022,$32.68,$32.82,$31.39,$31.45,$656.4 m,20433930,$11.2 bn
09/19/2022,$31.11,$33.00,$30.68,$32.69,$806.6 m,25448295,$11.1 bn
09/18/2022,$33.72,$33.97,$30.97,$31.00,$567.9 m,17204234,$11.5 bn
09/17/2022,$32.23,$33.87,$32.23,$33.75,$417.6 m,12658862,$11.5 bn
09/16/2022,$33.11,$33.19,$31.63,$32.21,$621.5 m,19102339,$11.3 bn
09/15/2022,$34.08,$34.70,$32.74,$33.03,$937.3 m,27943131,$11.7 bn
09/14/2022,$32.98,$34.29,$32.82,$34.08,$807.7 m,24115271,$11.7 bn
09/13/2022,$37.43,$38.82,$33.01,$33.02,$1.4 bn,37065792,$12.7 bn
09/12/2022,$34.97,$38.20,$34.50,$37.44,$1.3 bn,36788092,$12.8 bn
09/11/2022,$35.09,$35.90,$34.10,$34.96,$601.1 m,17207365,$12.2 bn
09/10/2022,$34.69,$35.38,$34.34,$35.12,$590 m,16974358,$12.1 bn
09/09/2022,$33.61,$35.75,$33.60,$34.73,$901 m,25816662,$12.2 bn
09/08/2022,$32.72,$33.78,$32.12,$33.61,$798.3 m,24241801,$11.5 bn
09/07/2022,$30.87,$32.89,$30.50,$32.69,$615.9 m,19577371,$11 bn
09/06/2022,$32.16,$33.76,$30.64,$30.88,$919 m,28307799,$11.3 bn
09/05/2022,$32.14,$32.38,$31.20,$32.21,$411.7 m,12938109,$11.1 bn
09/04/2022,$31.06,$32.16,$31.06,$32.12,$331.1 m,10483761,$11 bn
09/03/2022,$31.24,$31.24,$30.89,$31.06,$263.9 m,8489073,$10.8 bn
09/02/2022,$31.59,$32.37,$30.83,$31.21,$522.6 m,16579397,$11 bn
09/01/2022,$31.47,$31.72,$30.53,$31.59,$534 m,17116102,$10.8 bn
08/31/2022,$31.45,$32.86,$31.24,$31.46,$590.9 m,18359509,$11.2 bn
08/30/2022,$32.43,$33.06,$30.79,$31.41,$652 m,20321530,$11.1 bn
08/29/2022,$30.44,$32.55,$30.13,$32.46,$690.4 m,22199535,$10.8 bn
08/28/2022,$31.51,$32.08,$30.36,$30.36,$424.5 m,13424864,$11 bn
08/27/2022,$31.72,$32.13,$30.96,$31.55,$569.4 m,17992420,$11 bn
08/26/2022,$35.26,$35.58,$31.51,$31.70,$974.9 m,28433925,$11.9 bn
08/25/2022,$34.93,$36.41,$34.93,$35.33,$555.7 m,15544774,$12.4 bn
08/24/2022,$35.64,$36.29,$34.40,$34.93,$572.8 m,16212516,$12.2 bn
08/23/2022,$35.44,$36.03,$34.32,$35.66,$585.8 m,16574219,$12.2 bn
08/22/2022,$36.48,$36.48,$34.01,$35.47,$756.9 m,21581733,$12.2 bn
08/21/2022,$35.29,$36.96,$34.77,$36.50,$649.5 m,18121537,$12.4 bn
08/20/2022,$35.92,$37.22,$34.43,$35.26,$766.3 m,21146658,$12.6 bn
08/19/2022,$39.50,$39.50,$35.72,$35.87,$1.3 bn,34098297,$12.9 bn
08/18/2022,$40.46,$41.59,$39.54,$39.54,$622.7 m,15233893,$14.2 bn
08/17/2022,$43.09,$44.61,$40.29,$40.39,$916.2 m,21621566,$14.7 bn
08/16/2022,$43.73,$44.16,$42.75,$43.18,$785.6 m,18117384,$15 bn
08/15/2022,$44.85,$47.12,$42.91,$43.82,$912.3 m,20481537,$15.4 bn
08/14/2022,$46.57,$47.90,$44.67,$44.91,$769.2 m,16633598,$16 bn
08/13/2022,$45.41,$48.19,$45.35,$46.49,$1 bn,22215932,$16.2 bn
08/12/2022,$42.81,$45.33,$42.25,$45.33,$774.4 m,17854701,$15 bn
08/11/2022,$42.32,$45.12,$42.32,$42.78,$1.1 bn,26187788,$15.2 bn
08/10/2022,$40.27,$42.49,$39.21,$42.12,$907.5 m,22293142,$14.1 bn
08/09/2022,$42.14,$42.72,$39.95,$40.36,$593.6 m,14388273,$14.3 bn
08/08/2022,$40.60,$43.57,$40.59,$42.16,$813.5 m,19225717,$14.7 bn
08/07/2022,$40.03,$41.45,$39.30,$40.61,$409.4 m,10166392,$14 bn
08/06/2022,$40.62,$40.83,$40.01,$40.07,$387.2 m,9561472,$14 bn
08/05/2022,$38.83,$41.25,$38.78,$40.62,$807.1 m,20119348,$12.3 bn
08/04/2022,$38.49,$39.71,$38.05,$38.84,$792.7 m,20378563,$11.9 bn
08/03/2022,$39.87,$40.74,$37.96,$38.53,$1.5 bn,38213933,$12 bn
08/02/2022,$41.67,$42.31,$39.76,$39.83,$733.6 m,17956823,$12.5 bn
08/01/2022,$42.40,$43.16,$40.73,$41.77,$705.6 m,16722905,$12.9 bn
07/31/2022,$43.84,$45.01,$42.39,$42.47,$739.6 m,16857274,$13.4 bn
07/30/2022,$42.00,$46.43,$41.61,$43.81,$1.1 bn,25813871,$13.3 bn
07/29/2022,$42.89,$44.25,$41.32,$42.02,$1.1 bn,25701907,$13 bn
07/28/2022,$40.21,$44.00,$39.11,$42.82,$1.4 bn,33776773,$12.5 bn
07/27/2022,$36.21,$40.38,$35.72,$40.29,$1.1 bn,29336441,$11.4 bn
07/26/2022,$36.71,$36.71,$34.80,$36.17,$810.6 m,22693427,$10.9 bn
07/25/2022,$40.98,$41.04,$36.70,$36.70,$823.6 m,21323145,$11.8 bn
07/24/2022,$40.06,$41.97,$39.59,$41.01,$685.4 m,16843690,$12.4 bn
07/23/2022,$40.58,$41.81,$38.70,$40.03,$682.3 m,16872199,$12.4 bn
07/22/2022,$43.13,$44.23,$40.20,$40.60,$905 m,21319488,$13 bn
07/21/2022,$42.07,$43.92,$39.76,$43.15,$1.2 bn,28256672,$12.8 bn
07/20/2022,$44.85,$46.06,$41.68,$42.11,$1.2 bn,28070745,$13.6 bn
07/19/2022,$43.41,$47.12,$42.74,$44.90,$1.7 bn,37172658,$13.7 bn
07/18/2022,$38.61,$43.74,$38.61,$43.74,$1.2 bn,29814317,$12.6 bn
07/17/2022,$39.64,$40.98,$38.51,$38.58,$691 m,17465481,$12.1 bn
07/16/2022,$37.38,$40.16,$36.41,$39.58,$784.6 m,20744383,$11.6 bn
07/15/2022,$37.20,$38.81,$36.64,$37.41,$830.5 m,22083568,$11.5 bn
07/14/2022,$35.02,$37.19,$33.68,$37.14,$908.4 m,25950888,$10.7 bn
07/13/2022,$32.66,$34.95,$31.99,$34.91,$966 m,28887926,$10.2 bn
07/12/2022,$33.41,$34.51,$32.73,$32.74,$621.3 m,18443031,$10.3 bn
07/11/2022,$36.63,$36.63,$33.33,$33.47,$611.2 m,17338915,$10.8 bn
07/10/2022,$38.04,$38.05,$36.38,$36.71,$486.6 m,13108723,$11.3 bn
07/09/2022,$38.25,$38.82,$37.88,$38.09,$500.6 m,13046364,$11.7 bn
07/08/2022,$38.47,$39.46,$36.56,$38.34,$1 bn,26870461,$11.6 bn
07/07/2022,$37.10,$39.16,$36.48,$38.52,$789.5 m,21009648,$11.5 bn
07/06/2022,$35.39,$37.50,$34.90,$37.06,$982.5 m,27279164,$11 bn
07/05/2022,$36.71,$36.89,$33.29,$35.39,$1.1 bn,30194723,$10.7 bn
07/04/2022,$33.41,$36.83,$33.20,$36.83,$763.3 m,22340072,$10.4 bn
07/03/2022,$33.36,$33.60,$32.23,$33.41,$450.1 m,13679223,$10.1 bn
07/02/2022,$32.78,$33.85,$32.03,$33.38,$522.3 m,15906354,$10 bn
07/01/2022,$33.59,$35.26,$31.97,$32.83,$1 bn,31544612,$10.1 bn
06/30/2022,$33.92,$34.06,$31.09,$33.58,$1 bn,32408601,$9.8 bn
06/29/2022,$35.33,$36.01,$33.32,$33.90,$1.1 bn,30700691,$10.6 bn
06/28/2022,$38.47,$39.79,$35.22,$35.34,$1 bn,27260964,$11.5 bn
06/27/2022,$39.46,$41.13,$38.09,$38.48,$969.9 m,24523616,$12.1 bn
06/26/2022,$42.17,$42.32,$39.34,$39.39,$884.9 m,21595835,$12.5 bn
06/25/2022,$41.92,$42.56,$39.89,$42.38,$1 bn,24413441,$12.6 bn
06/24/2022,$38.16,$42.77,$37.85,$42.16,$1.4 bn,34224950,$12.2 bn
06/23/2022,$34.12,$38.38,$34.12,$38.20,$1.2 bn,33972317,$11.2 bn
06/22/2022,$36.26,$36.73,$33.77,$34.13,$1.1 bn,32580680,$10.7 bn
06/21/2022,$35.32,$38.80,$34.37,$36.17,$1.4 bn,37184788,$11.3 bn
06/20/2022,$34.17,$36.71,$31.85,$35.43,$1.5 bn,45210723,$10.4 bn
06/19/2022,$31.77,$35.13,$28.86,$34.27,$1.6 bn,50740681,$9.7 bn
06/18/2022,$30.69,$31.89,$27.42,$31.89,$1.5 bn,49287300,$9.1 bn
06/17/2022,$29.96,$32.05,$29.41,$30.72,$972.6 m,31208918,$9.5 bn
06/16/2022,$34.76,$35.62,$29.71,$30.03,$1.5 bn,45875630,$9.9 bn
06/15/2022,$29.61,$34.58,$26.93,$34.52,$2.1 bn,71502934,$9 bn
06/14/2022,$28.41,$31.44,$26.03,$29.72,$1.8 bn,62078359,$8.9 bn
06/13/2022,$30.72,$30.90,$26.22,$28.38,$2 bn,71306089,$8.6 bn
06/12/2022,$33.87,$34.24,$30.73,$30.73,$1.1 bn,34659517,$10 bn
06/11/2022,$37.10,$37.88,$33.35,$33.81,$843.2 m,23556361,$10.9 bn
06/10/2022,$39.88,$40.75,$37.01,$37.11,$882.9 m,22706175,$11.9 bn
06/09/2022,$38.84,$41.77,$38.49,$39.97,$923.3 m,23113541,$12.2 bn
06/08/2022,$39.42,$40.63,$38.41,$38.79,$920.2 m,23439698,$12 bn
06/07/2022,$42.21,$42.37,$37.69,$39.36,$1.5 bn,37951144,$12 bn
06/06/2022,$38.43,$44.47,$38.43,$42.43,$1.5 bn,34742085,$13 bn
06/05/2022,$38.93,$40.00,$38.00,$38.47,$743.7 m,19015396,$11.9 bn
06/04/2022,$38.33,$38.97,$36.01,$38.93,$855.2 m,22831265,$11.4 bn
06/03/2022,$40.88,$41.49,$37.79,$38.25,$1 bn,26299440,$12 bn
06/02/2022,$40.01,$41.29,$38.25,$40.89,$1.2 bn,29808720,$12.3 bn
06/01/2022,$45.76,$45.91,$39.97,$40.22,$1 bn,23331415,$13.3 bn
05/31/2022,$47.17,$48.06,$44.83,$45.73,$1.1 bn,24344100,$14.2 bn
05/30/2022,$44.90,$47.79,$44.34,$47.20,$1.3 bn,28510821,$14.1 bn
05/29/2022,$44.25,$45.40,$42.26,$44.91,$1 bn,22865733,$13.4 bn
05/28/2022,$41.18,$44.67,$40.49,$44.38,$955.8 m,22574112,$12.9 bn
05/27/2022,$43.71,$43.80,$40.12,$41.00,$1.7 bn,40194356,$12.8 bn
05/26/2022,$48.11,$48.59,$42.33,$43.56,$1.6 bn,34835400,$13.9 bn
05/25/2022,$49.64,$50.43,$47.69,$47.96,$907.4 m,18579637,$14.9 bn
05/24/2022,$49.11,$50.57,$47.51,$49.69,$1 bn,20854751,$15.1 bn
05/23/2022,$52.54,$54.49,$48.99,$49.08,$1.2 bn,22345225,$16 bn
05/22/2022,$50.36,$53.07,$49.90,$52.79,$778.4 m,15197329,$15.6 bn
05/21/2022,$49.47,$51.01,$48.74,$50.34,$660.1 m,13222559,$15.3 bn
05/20/2022,$52.20,$53.48,$47.98,$49.54,$1.3 bn,25450470,$15.6 bn
05/19/2022,$50.23,$53.66,$48.61,$52.28,$1.4 bn,27646589,$15.6 bn
05/18/2022,$57.22,$57.75,$49.68,$49.86,$1.3 bn,23425013,$16.3 bn
05/17/2022,$53.84,$58.10,$53.56,$57.26,$1.3 bn,23819561,$17.1 bn
05/16/2022,$58.51,$58.51,$52.23,$53.66,$1.5 bn,26988570,$16.7 bn
05/15/2022,$52.32,$58.97,$49.80,$58.86,$1.4 bn,25566676,$16.2 bn
05/14/2022,$48.78,$53.21,$46.29,$52.39,$1.5 bn,30120294,$15.3 bn
05/13/2022,$44.69,$55.90,$44.11,$48.60,$2 bn,39857027,$15.6 bn
05/12/2022,$50.97,$53.71,$38.49,$44.82,$3.4 bn,74995877,$13.8 bn
05/11/2022,$66.94,$68.05,$43.83,$50.26,$3.1 bn,53053537,$17.9 bn
05/10/2022,$62.86,$73.84,$60.77,$66.71,$2.8 bn,40896190,$20.8 bn
05/09/2022,$75.39,$77.03,$63.37,$63.37,$2.1 bn,28984870,$21.8 bn
05/08/2022,$79.00,$79.26,$74.29,$75.12,$1.1 bn,13865187,$23.6 bn
05/07/2022,$81.74,$82.16,$77.73,$78.93,$819.7 m,10121781,$24.7 bn
05/06/2022,$84.41,$84.59,$80.32,$81.69,$1.2 bn,14180405,$25.2 bn
05/05/2022,$92.92,$94.94,$81.84,$84.60,$1.4 bn,15320707,$27.4 bn
05/04/2022,$85.86,$92.94,$85.69,$92.80,$1.1 bn,12197904,$26.9 bn
05/03/2022,$87.52,$88.73,$84.83,$85.83,$723.8 m,8293258,$26.7 bn
05/02/2022,$89.67,$90.64,$85.32,$87.55,$850 m,9628891,$27 bn
05/01/2022,$89.05,$92.54,$84.80,$89.55,$999.4 m,11284063,$27.1 bn
04/30/2022,$94.06,$94.92,$88.56,$89.05,$689.6 m,7421762,$28.4 bn
04/29/2022,$98.25,$98.61,$92.71,$94.01,$825.8 m,8586710,$29.4 bn
04/28/2022,$98.31,$100.47,$96.62,$98.25,$900.5 m,9103722,$30.2 bn
04/27/2022,$95.68,$100.61,$95.30,$98.35,$864.9 m,8820646,$30 bn
04/26/2022,$101.09,$101.70,$95.10,$95.75,$883.9 m,8900910,$30.3 bn
04/25/2022,$99.31,$101.43,$94.85,$101.19,$1.1 bn,10992540,$29.9 bn
04/24/2022,$100.80,$102.19,$98.94,$99.21,$561.6 m,5570725,$30.8 bn
04/23/2022,$100.51,$102.74,$98.69,$100.72,$557.8 m,5505951,$31 bn
04/22/2022,$101.68,$103.47,$99.51,$100.62,$898.1 m,8832112,$31.1 bn
04/21/2022,$105.48,$109.75,$100.54,$101.81,$1.3 bn,12195582,$32.5 bn
04/20/2022,$108.60,$110.57,$104.60,$105.50,$1.3 bn,11909466,$32.9 bn
04/19/2022,$102.24,$108.61,$101.33,$108.61,$1.3 bn,12058076,$31.7 bn
04/18/2022,$100.20,$102.40,$95.27,$102.15,$1.4 bn,13944720,$30.3 bn
04/17/2022,$102.11,$105.28,$99.94,$100.41,$755.9 m,7362795,$31.4 bn
04/16/2022,$101.43,$102.83,$101.02,$102.15,$529.5 m,5199083,$31.1 bn
04/15/2022,$100.78,$102.72,$99.89,$101.29,$734.1 m,7239784,$31 bn
04/14/2022,$104.89,$107.25,$99.17,$100.81,$1.2 bn,11478813,$31.7 bn
04/13/2022,$103.34,$105.68,$100.41,$105.00,$1.2 bn,11589796,$31.7 bn
04/12/2022,$99.94,$108.79,$98.81,$103.17,$1.7 bn,16215013,$31.5 bn
04/11/2022,$111.30,$111.84,$98.61,$99.39,$1.6 bn,14739830,$32.4 bn
04/10/2022,$112.98,$115.75,$109.96,$111.80,$878.1 m,7808263,$34.4 bn
04/09/2022,$110.19,$113.12,$108.67,$113.01,$853 m,7723642,$33.7 bn
04/08/2022,$118.52,$122.28,$108.43,$109.75,$7.6 bn,64548750,$35.7 bn
04/07/2022,$112.96,$119.64,$111.62,$118.68,$7.8 bn,67297643,$35.3 bn
04/06/2022,$126.73,$127.24,$112.52,$112.68,$8 bn,66210729,$37.1 bn
04/05/2022,$132.23,$136.23,$126.59,$126.96,$7.8 bn,58991866,$40.3 bn
04/04/2022,$136.68,$137.81,$126.63,$132.30,$8.3 bn,62349291,$40.7 bn
04/03/2022,$132.55,$140.16,$131.29,$136.83,$8.3 bn,61089995,$41.7 bn
04/02/2022,$134.34,$142.98,$132.16,$132.25,$8.7 bn,64041576,$41.7 bn
04/01/2022,$122.61,$137.68,$118.60,$134.41,$10 bn,77861924,$39.2 bn
03/31/2022,$120.50,$129.02,$120.13,$122.68,$9.1 bn,73725940,$37.8 bn
03/30/2022,$111.27,$124.30,$107.74,$120.67,$8.3 bn,72286278,$35.3 bn
03/29/2022,$105.98,$115.47,$105.98,$111.79,$8 bn,72270590,$34 bn
03/28/2022,$106.90,$113.40,$105.44,$106.36,$7.6 bn,69794994,$33.4 bn
03/27/2022,$101.74,$107.27,$99.09,$106.98,$6.6 bn,64869295,$31.2 bn
03/26/2022,$98.66,$103.21,$97.81,$101.71,$5.9 bn,58733760,$30.8 bn
03/25/2022,$102.24,$104.58,$97.30,$98.63,$6.3 bn,62249652,$31 bn
03/24/2022,$95.07,$103.49,$94.04,$102.24,$6.3 bn,63859090,$30.2 bn
03/23/2022,$90.44,$96.10,$89.52,$95.07,$3 bn,32756307,$28.2 bn
03/22/2022,$88.61,$93.78,$88.18,$90.48,$2.8 bn,31113856,$27.9 bn
03/21/2022,$88.54,$90.97,$87.09,$88.75,$2.6 bn,29519681,$27.2 bn
03/20/2022,$92.70,$92.70,$88.20,$88.58,$2.5 bn,26910520,$27.9 bn
03/19/2022,$89.86,$94.32,$89.34,$92.70,$2.2 bn,24499825,$27.9 bn
03/18/2022,$87.77,$91.78,$84.59,$89.77,$2 bn,23234130,$26.7 bn
03/17/2022,$87.88,$90.67,$86.73,$87.85,$1.9 bn,21823177,$27 bn
03/16/2022,$82.85,$87.83,$81.64,$87.83,$2 bn,24106768,$25.6 bn
03/15/2022,$81.25,$85.41,$79.04,$82.85,$1.7 bn,20869109,$24.8 bn
03/14/2022,$78.77,$82.03,$78.34,$81.12,$1.7 bn,21662962,$24.5 bn
03/13/2022,$81.42,$82.99,$78.06,$78.94,$1.5 bn,18953945,$24.8 bn
03/12/2022,$80.87,$82.68,$80.73,$81.51,$1.4 bn,17033021,$25 bn
03/11/2022,$82.96,$83.98,$80.31,$80.72,$1.8 bn,22060409,$25 bn
03/10/2022,$88.08,$88.50,$81.11,$82.97,$2 bn,24280991,$25.4 bn
03/09/2022,$82.33,$89.50,$82.27,$88.19,$2.3 bn,26211552,$26.7 bn
03/08/2022,$81.89,$84.79,$81.56,$82.26,$1.9 bn,23051322,$25.4 bn
03/07/2022,$84.52,$86.43,$80.35,$82.06,$2.1 bn,24820351,$25.4 bn
03/06/2022,$89.52,$89.84,$84.39,$84.62,$1.6 bn,18241566,$26.8 bn
03/05/2022,$88.22,$91.00,$86.34,$89.65,$1.6 bn,18416034,$27.1 bn
03/04/2022,$91.77,$93.57,$87.44,$88.21,$2.2 bn,23839575,$27.9 bn
03/03/2022,$100.68,$101.27,$94.31,$95.70,$2.4 bn,24605240,$30 bn
03/02/2022,$98.41,$105.69,$96.93,$100.59,$3.1 bn,30286436,$31.1 bn
03/01/2022,$99.71,$101.44,$95.06,$98.62,$2.9 bn,30141233,$29.8 bn
02/28/2022,$85.58,$100.56,$84.50,$99.45,$3 bn,33324617,$27.9 bn
02/27/2022,$90.19,$91.94,$84.43,$85.58,$2.1 bn,24224787,$26.9 bn
02/26/2022,$92.65,$94.46,$89.69,$90.17,$2.1 bn,22496964,$28 bn
02/25/2022,$89.19,$94.69,$87.26,$92.51,$2.7 bn,30627557,$27.4 bn
02/24/2022,$84.51,$92.25,$78.84,$89.16,$3.7 bn,44378666,$25.8 bn
02/23/2022,$86.35,$93.00,$84.81,$84.81,$2.1 bn,23154055,$27.2 bn
02/22/2022,$83.22,$87.12,$81.26,$86.44,$1.6 bn,19550731,$25.8 bn
02/21/2022,$90.77,$95.92,$83.05,$83.10,$2.3 bn,25491204,$27.8 bn
02/20/2022,$91.40,$93.17,$86.07,$90.69,$1.6 bn,18229232,$27.4 bn
02/19/2022,$90.35,$92.28,$88.95,$91.48,$1.1 bn,12460037,$27.6 bn
02/18/2022,$93.59,$96.21,$89.64,$90.35,$1.4 bn,14529251,$28.5 bn
02/17/2022,$101.97,$102.60,$92.83,$93.43,$1.5 bn,15002408,$30 bn
02/16/2022,$105.02,$105.02,$98.54,$101.82,$1.6 bn,15535114,$31.2 bn
02/15/2022,$96.49,$105.17,$96.49,$104.87,$1.8 bn,17424286,$31.1 bn
02/14/2022,$93.00,$97.67,$91.20,$96.39,$1.5 bn,15951487,$28.8 bn
02/13/2022,$95.83,$97.09,$91.87,$93.25,$1.1 bn,11732202,$29.1 bn
02/12/2022,$96.31,$99.50,$93.49,$95.82,$1.4 bn,14963973,$29.4 bn
02/11/2022,$106.11,$107.77,$95.63,$96.36,$1.7 bn,16810850,$31.8 bn
02/10/2022,$113.88,$114.65,$106.01,$106.10,$2 bn,18333579,$34 bn
02/09/2022,$113.47,$116.50,$109.91,$113.98,$1.9 bn,16520575,$34.6 bn
02/08/2022,$117.70,$119.94,$110.26,$113.48,$2.3 bn,19891074,$35 bn
02/07/2022,$112.68,$121.51,$112.68,$117.46,$2.3 bn,19112823,$36 bn
02/06/2022,$113.88,$115.76,$112.22,$112.68,$1.6 bn,14082069,$34.7 bn
02/05/2022,$112.13,$118.30,$110.48,$113.74,$2.2 bn,19122060,$34.9 bn
02/04/2022,$101.43,$112.30,$100.64,$112.19,$2.8 bn,26166616,$32.4 bn
02/03/2022,$101.98,$102.62,$94.61,$101.39,$2.4 bn,24649597,$30.1 bn
02/02/2022,$110.27,$111.97,$97.64,$101.92,$2.9 bn,26642589,$33 bn
02/01/2022,$99.43,$112.93,$99.43,$109.99,$2.9 bn,27160508,$32.7 bn
01/31/2022,$93.37,$100.68,$89.53,$99.67,$1.7 bn,17819352,$28.5 bn
01/30/2022,$95.88,$97.20,$91.65,$93.25,$1.1 bn,11569582,$29 bn
01/29/2022,$91.23,$98.28,$90.92,$96.12,$1.7 bn,17393483,$29 bn
01/28/2022,$89.40,$93.36,$87.54,$91.30,$1.8 bn,20248586,$27.7 bn
01/27/2022,$91.77,$94.04,$86.18,$89.60,$2.2 bn,24395828,$27.5 bn
01/26/2022,$94.43,$103.61,$89.78,$92.08,$2.6 bn,27397229,$29.3 bn
01/25/2022,$91.50,$99.65,$87.78,$94.77,$2.4 bn,26369108,$28.2 bn
01/24/2022,$99.24,$99.24,$81.16,$91.67,$3.7 bn,41941892,$27.1 bn
01/23/2022,$94.33,$104.42,$93.56,$99.52,$2.5 bn,25290696,$30 bn
01/22/2022,$112.67,$113.16,$89.38,$94.06,$3.6 bn,35957481,$30.7 bn
01/21/2022,$127.48,$128.50,$107.40,$112.11,$3.5 bn,28316351,$37.3 bn
01/20/2022,$135.37,$143.44,$127.20,$127.20,$1.8 bn,13326647,$42.1 bn
01/19/2022,$141.43,$142.27,$133.31,$135.49,$1.8 bn,12770746,$41.9 bn
01/18/2022,$140.03,$141.98,$134.60,$141.57,$1.8 bn,12803234,$42.3 bn
01/17/2022,$147.82,$148.08,$137.59,$139.87,$1.6 bn,11044748,$43.5 bn
01/16/2022,$147.72,$151.69,$146.27,$147.78,$1.3 bn,8689581,$45.4 bn
01/15/2022,$146.26,$149.28,$144.38,$147.77,$1.4 bn,9504912,$44.8 bn
01/14/2022,$146.17,$150.38,$142.40,$146.16,$2.2 bn,14915874,$44.8 bn
01/13/2022,$151.43,$157.39,$145.85,$145.89,$2.4 bn,16125175,$46.1 bn
01/12/2022,$140.35,$152.82,$138.51,$151.62,$2.4 bn,16339602,$44.3 bn
01/11/2022,$135.91,$143.32,$134.00,$140.15,$1.6 bn,11888839,$42.1 bn
01/10/2022,$140.95,$143.49,$130.68,$135.92,$1.5 bn,11112003,$42.2 bn
01/09/2022,$142.37,$145.43,$138.24,$140.74,$1.3 bn,9222481,$43.3 bn
01/08/2022,$136.79,$147.78,$134.14,$142.38,$2.1 bn,14835579,$43.4 bn
01/07/2022,$150.32,$150.32,$135.06,$136.27,$2.2 bn,16004100,$42.9 bn
01/06/2022,$154.26,$154.40,$146.59,$150.33,$1.6 bn,10749361,$46 bn
01/05/2022,$167.87,$171.10,$148.04,$155.05,$1.5 bn,8789910,$50.7 bn
01/04/2022,$170.30,$173.70,$166.71,$167.89,$1.1 bn,6761811,$51.7 bn
01/03/2022,$176.35,$176.35,$167.54,$170.36,$1 bn,5836459,$52.7 bn
01/02/2022,$178.60,$179.34,$174.88,$176.46,$757.6 m,4292468,$53.9 bn
01/01/2022,$170.23,$178.81,$170.23,$178.34,$907.3 m,5219560,$53.1 bn
12/31/2021,$172.66,$177.40,$168.53,$170.31,$1.1 bn,6470938,$52.8 bn
12/30/2021,$171.07,$175.56,$168.85,$172.61,$1.2 bn,6748081,$52.8 bn
12/29/2021,$177.52,$180.31,$170.74,$170.89,$1.6 bn,9130978,$53.8 bn
12/28/2021,$195.58,$195.58,$177.21,$177.93,$2 bn,10824339,$57.1 bn
12/27/2021,$198.10,$204.42,$195.53,$195.99,$1.4 bn,6894386,$61.1 bn
12/26/2021,$192.74,$200.12,$191.00,$198.00,$1.6 bn,7951853,$59.9 bn
12/25/2021,$190.35,$194.73,$189.56,$193.83,$1.1 bn,5833922,$58.7 bn
12/24/2021,$190.07,$196.99,$185.99,$190.02,$1.9 bn,10135132,$58.2 bn
12/23/2021,$178.65,$192.89,$176.06,$190.21,$1.7 bn,9253444,$55.7 bn
12/22/2021,$179.88,$187.11,$177.86,$178.55,$1.4 bn,7672123,$55.8 bn
12/21/2021,$173.90,$181.88,$170.87,$180.11,$1.5 bn,8251921,$54.5 bn
12/20/2021,$179.81,$180.71,$169.02,$174.03,$2 bn,11430651,$53.4 bn
12/19/2021,$182.51,$188.14,$179.00,$179.98,$1.9 bn,10486814,$56.1 bn
12/18/2021,$175.55,$183.95,$171.37,$182.53,$2 bn,11099353,$54.6 bn
12/17/2021,$176.64,$182.07,$168.79,$175.84,$2.7 bn,15081351,$54.1 bn
12/16/2021,$177.95,$188.81,$174.90,$176.38,$2.8 bn,15504047,$55.4 bn
12/15/2021,$160.91,$180.88,$158.24,$178.17,$3.4 bn,20313026,$50.8 bn
12/14/2021,$157.73,$162.18,$150.31,$161.29,$2.2 bn,13834801,$47.8 bn
12/13/2021,$172.77,$172.77,$150.07,$157.73,$1.8 bn,10867470,$49.7 bn
12/12/2021,$171.76,$176.44,$167.94,$173.58,$773.1 m,4517721,$52.3 bn
12/11/2021,$167.92,$173.35,$162.58,$171.80,$1.4 bn,8007906,$51.9 bn
12/10/2021,$181.96,$183.98,$168.89,$168.89,$1.7 bn,9800437,$54.1 bn
12/09/2021,$194.35,$196.23,$179.03,$181.74,$1.6 bn,8356443,$57.2 bn
12/08/2021,$190.12,$195.56,$184.61,$194.44,$2.1 bn,10825009,$58.2 bn
12/07/2021,$194.18,$203.44,$188.28,$190.39,$2.3 bn,11496301,$60.2 bn
12/06/2021,$196.05,$197.12,$177.39,$193.54,$3.2 bn,16800280,$57.4 bn
12/05/2021,$201.34,$203.29,$183.10,$196.42,$2.4 bn,12094206,$59.4 bn
12/04/2021,$211.75,$212.25,$174.46,$200.82,$4.9 bn,24518263,$60.7 bn
12/03/2021,$234.00,$238.59,$209.86,$211.40,$3.4 bn,14867764,$69.4 bn
12/02/2021,$228.88,$242.69,$220.71,$232.82,$3.6 bn,15795054,$69.9 bn
12/01/2021,$208.36,$231.78,$208.18,$229.40,$2.9 bn,12977622,$67.6 bn
11/30/2021,$204.32,$217.36,$200.19,$208.92,$2.6 bn,12362630,$61.8 bn
11/29/2021,$201.08,$211.93,$199.96,$204.26,$1.7 bn,8114568,$60.9 bn
11/28/2021,$192.17,$201.26,$183.12,$200.25,$1.6 bn,8243763,$56.3 bn
11/27/2021,$192.28,$199.14,$191.05,$192.07,$1.2 bn,6202076,$58.1 bn
11/26/2021,$209.93,$210.04,$184.86,$191.66,$2.5 bn,12772715,$58.6 bn
11/25/2021,$206.05,$215.86,$202.55,$209.82,$2.3 bn,10761313,$62.3 bn
11/24/2021,$222.01,$222.22,$200.57,$205.55,$2.2 bn,10298482,$63.2 bn
11/23/2021,$215.71,$225.76,$211.36,$221.86,$2.1 bn,9759726,$64.8 bn
11/22/2021,$230.82,$230.82,$213.22,$216.30,$2.9 bn,13072907,$65.4 bn
11/21/2021,$217.67,$234.49,$210.53,$231.19,$2.7 bn,12467065,$64.6 bn
11/20/2021,$214.95,$220.59,$207.24,$217.77,$1.8 bn,8213898,$63.8 bn
11/19/2021,$195.60,$218.86,$189.89,$214.58,$2.9 bn,14105677,$61.1 bn
11/18/2021,$218.65,$222.34,$189.33,$194.98,$3.5 bn,16906464,$61.4 bn
11/17/2021,$220.00,$221.08,$210.45,$218.60,$2.6 bn,12292559,$64 bn
11/16/2021,$237.63,$237.63,$217.61,$219.27,$3.3 bn,14468647,$67 bn
11/15/2021,$238.09,$245.72,$235.67,$238.07,$2.1 bn,8520858,$71.5 bn
11/14/2021,$241.12,$241.12,$230.90,$238.20,$1.3 bn,5408202,$70.1 bn
11/13/2021,$229.28,$241.22,$225.38,$241.02,$1.9 bn,8029532,$68.5 bn
11/12/2021,$233.78,$238.33,$221.38,$228.97,$2.3 bn,9970058,$68.2 bn
11/11/2021,$232.64,$245.89,$230.13,$234.24,$2.4 bn,10234208,$71 bn
11/10/2021,$239.14,$247.60,$222.66,$232.52,$3.6 bn,15046137,$71 bn
11/09/2021,$248.52,$252.63,$238.66,$239.20,$2.8 bn,11305944,$72.6 bn
11/08/2021,$249.55,$252.30,$241.03,$248.61,$3.2 bn,12961188,$73 bn
11/07/2021,$257.91,$258.37,$246.04,$249.37,$3 bn,11763472,$74.8 bn
11/06/2021,$236.18,$259.44,$235.21,$258.51,$3.3 bn,13423222,$73.3 bn
11/05/2021,$247.04,$247.84,$231.39,$236.38,$2.4 bn,9849348,$70.9 bn
11/04/2021,$242.35,$249.53,$235.91,$247.25,$4.2 bn,17381088,$71.7 bn
11/03/2021,$219.49,$245.86,$216.88,$241.33,$5.2 bn,22661676,$68.3 bn
11/02/2021,$203.31,$221.58,$201.55,$219.89,$2.5 bn,11862335,$61.6 bn
11/01/2021,$202.90,$211.19,$198.35,$203.53,$2.9 bn,14399558,$60.6 bn
10/31/2021,$195.01,$204.51,$186.29,$202.84,$2.5 bn,12885682,$57.4 bn
10/30/2021,$200.05,$200.20,$188.49,$194.26,$1.6 bn,8229805,$58 bn
10/29/2021,$195.19,$204.75,$195.19,$200.00,$2.3 bn,11710870,$59.3 bn
10/28/2021,$184.69,$200.33,$182.43,$194.75,$3.3 bn,16847669,$57.5 bn
10/27/2021,$199.44,$205.07,$182.41,$183.73,$3.9 bn,20226555,$57.4 bn
10/26/2021,$209.84,$213.72,$197.88,$199.83,$3.2 bn,15466875,$61.5 bn
10/25/2021,$202.08,$218.15,$198.58,$210.35,$3.9 bn,18665738,$61.9 bn
10/24/2021,$197.50,$203.88,$185.92,$202.38,$2.9 bn,14811897,$57.5 bn
10/23/2021,$197.01,$205.16,$193.26,$197.38,$4.5 bn,22626812,$59.1 bn
10/22/2021,$190.10,$213.77,$189.00,$196.67,$5.7 bn,28131384,$60.1 bn
10/21/2021,$177.35,$192.71,$177.35,$190.39,$5 bn,26880757,$55.1 bn
10/20/2021,$155.98,$175.77,$155.46,$175.77,$2.3 bn,14333109,$48.4 bn
10/19/2021,$157.07,$159.12,$153.46,$156.06,$1 bn,6467675,$46.5 bn
10/18/2021,$160.06,$162.39,$155.25,$156.90,$1.2 bn,7688685,$47 bn
10/17/2021,$157.64,$167.06,$155.14,$159.52,$1.9 bn,11564078,$47.9 bn
10/16/2021,$162.58,$164.31,$156.92,$157.79,$1.2 bn,7414654,$47.3 bn
10/15/2021,$149.76,$164.32,$147.23,$162.42,$3.1 bn,19789207,$46.8 bn
10/14/2021,$148.22,$155.00,$147.49,$149.79,$1.3 bn,8493965,$44.8 bn
10/13/2021,$152.10,$154.85,$144.73,$148.02,$1.2 bn,8437430,$43.8 bn
10/12/2021,$144.75,$152.66,$138.19,$152.59,$2.2 bn,14995212,$43 bn
10/11/2021,$147.32,$153.43,$140.58,$144.60,$1.3 bn,8809417,$44 bn
10/10/2021,$156.62,$157.61,$147.16,$147.52,$1.2 bn,7621769,$45.7 bn
10/09/2021,$158.35,$161.02,$155.01,$156.91,$1.2 bn,7742400,$47 bn
10/08/2021,$154.28,$168.14,$152.91,$158.33,$2 bn,12671535,$47.5 bn
10/07/2021,$153.79,$160.13,$150.57,$154.10,$2 bn,12765075,$46.1 bn
10/06/2021,$163.96,$164.74,$150.87,$154.01,$2.4 bn,15408173,$46.7 bn
10/05/2021,$166.90,$169.52,$160.32,$163.65,$2 bn,11823828,$49.1 bn
10/04/2021,$172.08,$172.25,$163.90,$166.74,$2.4 bn,14262473,$49.9 bn
10/03/2021,$169.11,$176.56,$166.32,$172.18,$2.5 bn,14311310,$51 bn
10/02/2021,$160.89,$174.54,$156.45,$169.00,$2.4 bn,14368266,$48.7 bn
10/01/2021,$141.06,$164.33,$138.56,$161.24,$3.3 bn,21776372,$44.6 bn
09/30/2021,$135.25,$142.05,$134.68,$140.88,$1.6 bn,11702256,$41.1 bn
09/29/2021,$131.99,$139.78,$131.72,$135.14,$1.6 bn,11938268,$40.5 bn
09/28/2021,$136.74,$138.96,$128.58,$131.27,$1.7 bn,12491778,$39.8 bn
09/27/2021,$135.70,$147.99,$134.29,$136.76,$2.2 bn,15639246,$42.1 bn
09/26/2021,$135.87,$139.72,$125.18,$135.77,$2 bn,15243788,$39.8 bn
09/25/2021,$139.31,$143.59,$134.12,$136.57,$1.6 bn,11195696,$41.2 bn
09/24/2021,$149.98,$150.42,$129.62,$139.25,$2.7 bn,19410934,$41.8 bn
09/23/2021,$147.90,$151.76,$143.32,$149.77,$2.8 bn,18610777,$43.9 bn
09/22/2021,$123.81,$150.54,$122.70,$148.05,$3.4 bn,25040988,$40.3 bn
09/21/2021,$132.26,$144.09,$119.83,$123.10,$3.9 bn,28794682,$40.2 bn
09/20/2021,$153.15,$153.15,$131.48,$132.77,$4.2 bn,29487825,$42.2 bn
09/19/2021,$169.31,$170.45,$151.45,$152.75,$2.4 bn,15283060,$47.6 bn
09/18/2021,$147.38,$170.71,$144.80,$169.80,$3.8 bn,24333635,$46.7 bn
09/17/2021,$152.16,$152.83,$135.52,$147.70,$3.2 bn,21984607,$42.8 bn
09/16/2021,$158.97,$162.26,$148.43,$152.40,$2.8 bn,18121817,$46.3 bn
09/15/2021,$157.87,$165.20,$154.69,$158.89,$3.8 bn,23861368,$42.7 bn
09/14/2021,$168.85,$170.61,$143.53,$158.89,$4.8 bn,29815495,$43.2 bn
09/13/2021,$174.29,$174.30,$151.42,$169.25,$5.3 bn,32629231,$43.2 bn
09/12/2021,$178.23,$181.35,$171.33,$174.71,$2.3 bn,12701818,$47.4 bn
09/11/2021,$180.45,$192.05,$175.84,$178.09,$4.5 bn,24796589,$49 bn
09/10/2021,$188.17,$196.22,$169.21,$178.43,$5.2 bn,28652505,$48.8 bn
09/09/2021,$191.05,$213.93,$183.15,$187.69,$9.9 bn,49322169,$53.8 bn
09/08/2021,$172.56,$196.75,$147.98,$189.98,$8.5 bn,49887726,$45.8 bn
09/07/2021,$163.78,$194.05,$143.47,$172.77,$12 bn,67812621,$47.3 bn
09/06/2021,$141.82,$165.20,$139.18,$164.41,$4 bn,26818825,$39.8 bn
09/05/2021,$139.29,$144.65,$135.48,$142.10,$2.2 bn,15700003,$37.4 bn
09/04/2021,$144.09,$148.35,$136.88,$139.21,$2.5 bn,17742238,$38.3 bn
09/03/2021,$127.03,$146.20,$127.03,$144.17,$5.2 bn,37550761,$37 bn
09/02/2021,$114.19,$129.44,$113.36,$126.32,$3.3 bn,27193488,$32.7 bn
09/01/2021,$106.81,$117.39,$105.93,$109.54,$2.6 bn,23450021,$29.8 bn
08/31/2021,$108.56,$128.08,$103.45,$107.58,$5 bn,43971199,$30.6 bn
08/30/2021,$94.02,$113.42,$93.98,$108.43,$3.4 bn,33386601,$27.4 bn
08/29/2021,$96.07,$97.62,$91.17,$94.20,$1.3 bn,14178045,$25.1 bn
08/28/2021,$88.00,$97.54,$85.88,$96.78,$1.8 bn,19428453,$24.2 bn
08/27/2021,$75.07,$88.60,$73.31,$87.97,$2.3 bn,28138396,$22.2 bn
08/26/2021,$71.99,$77.50,$66.63,$75.51,$1.7 bn,23458356,$19.3 bn
08/25/2021,$70.88,$72.47,$66.74,$71.82,$1.1 bn,15914011,$18.8 bn
08/24/2021,$75.64,$79.01,$69.19,$70.55,$1.5 bn,20559769,$20 bn
08/23/2021,$73.08,$76.34,$71.78,$75.67,$1 bn,13759808,$19.6 bn
08/22/2021,$73.87,$77.30,$71.60,$73.04,$804.1 m,10776070,$20 bn
08/21/2021,$78.53,$81.47,$72.88,$74.05,$1.2 bn,16228867,$20.5 bn
08/20/2021,$72.50,$79.66,$71.08,$78.61,$1.3 bn,17893585,$19.8 bn
08/19/2021,$72.92,$74.53,$68.83,$72.85,$1.8 bn,24411549,$19.3 bn
08/18/2021,$64.80,$75.68,$60.91,$73.03,$3.2 bn,46462728,$18.2 bn
08/17/2021,$62.11,$74.39,$59.67,$63.99,$2.8 bn,40993970,$18.4 bn
08/16/2021,$53.45,$68.48,$52.59,$62.36,$2.7 bn,43921914,$16.7 bn
08/15/2021,$44.12,$54.00,$43.51,$53.70,$1.1 bn,22830632,$12.7 bn
08/14/2021,$44.71,$44.75,$43.05,$44.07,$281.3 m,6405243,$11.8 bn
08/13/2021,$41.08,$44.82,$40.90,$44.82,$391.9 m,9050093,$11.6 bn
08/12/2021,$41.62,$43.21,$39.48,$41.11,$371.4 m,9024007,$11 bn
08/11/2021,$40.68,$43.56,$40.68,$41.81,$374.9 m,8850522,$11.3 bn
08/10/2021,$38.65,$41.58,$38.34,$40.60,$379.6 m,9463086,$10.7 bn
08/09/2021,$37.76,$39.92,$36.49,$38.76,$315.3 m,8194903,$10.3 bn
08/08/2021,$39.40,$39.40,$36.96,$37.64,$299.1 m,7817940,$10.2 bn
08/07/2021,$39.42,$40.45,$37.66,$39.46,$436 m,11109834,$10.5 bn
08/06/2021,$37.40,$40.31,$35.73,$39.50,$496.7 m,13105973,$10.1 bn
08/05/2021,$35.77,$38.13,$35.58,$37.42,$494 m,13410546,$9.9 bn
08/04/2021,$34.08,$36.56,$33.35,$35.81,$339.2 m,9749209,$9.3 bn
08/03/2021,$33.18,$35.66,$32.47,$34.03,$389.2 m,11446306,$9.1 bn
08/02/2021,$34.19,$35.81,$33.08,$33.18,$344.8 m,10074947,$9.2 bn
08/01/2021,$36.41,$36.41,$33.67,$34.34,$427.6 m,12088304,$9.5 bn
07/31/2021,$32.25,$36.59,$31.95,$36.59,$475 m,14090261,$9 bn
07/30/2021,$31.18,$32.70,$30.09,$32.26,$526.7 m,16735178,$8.4 bn
07/29/2021,$27.85,$31.79,$27.41,$31.29,$359 m,12369732,$7.8 bn
07/28/2021,$28.04,$28.63,$27.49,$27.86,$234.3 m,8358282,$7.5 bn
07/27/2021,$28.22,$28.90,$27.06,$27.99,$283.3 m,10164121,$7.5 bn
07/26/2021,$28.08,$30.79,$28.01,$28.25,$557.3 m,18732056,$8 bn
07/25/2021,$28.61,$28.79,$26.60,$28.06,$228.5 m,8207077,$7.5 bn
07/24/2021,$28.41,$29.35,$28.14,$28.67,$258 m,8993272,$7.7 bn
07/23/2021,$27.71,$28.59,$26.47,$28.41,$279 m,10136145,$7.4 bn
07/22/2021,$26.63,$28.07,$26.06,$27.72,$251 m,9253500,$7.3 bn
07/21/2021,$23.49,$27.30,$22.96,$26.60,$379.6 m,14857998,$6.8 bn
07/20/2021,$24.50,$24.93,$22.22,$23.51,$284.8 m,12210608,$6.2 bn
07/19/2021,$26.61,$26.61,$24.08,$24.55,$245.2 m,9760707,$6.7 bn
07/18/2021,$26.75,$27.66,$26.41,$26.81,$164.3 m,6077233,$7.2 bn
07/17/2021,$26.30,$27.53,$26.06,$26.75,$205.6 m,7734779,$7.1 bn
07/16/2021,$28.53,$29.37,$26.28,$26.32,$255.9 m,9165830,$521 m
07/15/2021,$31.28,$31.38,$28.13,$28.34,$321.2 m,10858233,$552 m
07/14/2021,$29.13,$31.30,$27.58,$31.15,$330.6 m,11213156,$550.2 m
07/13/2021,$30.77,$31.05,$28.97,$29.07,$197.1 m,6549638,$561.6 m
07/12/2021,$32.16,$32.61,$30.20,$30.85,$221.2 m,7026521,$587.5 m
07/11/2021,$31.74,$32.49,$31.44,$32.14,$215.5 m,6738542,$596.8 m
07/10/2021,$33.30,$34.13,$31.21,$31.73,$291.5 m,8903835,$611 m
07/09/2021,$33.14,$34.34,$32.07,$33.42,$286.2 m,8625231,$619.2 m
07/08/2021,$36.74,$36.87,$32.90,$33.20,$465 m,13400912,$647.5 m
07/07/2021,$34.18,$38.00,$33.90,$36.55,$488 m,13543864,$672.4 m
07/06/2021,$32.98,$34.93,$32.98,$34.20,$336.9 m,9988672,$629.5 m
07/05/2021,$34.05,$34.44,$32.55,$33.03,$289.9 m,8638308,$626.3 m
07/04/2021,$34.50,$35.39,$33.62,$34.34,$278.4 m,8007920,$648.9 m
07/03/2021,$34.02,$35.31,$33.30,$34.49,$309.2 m,8973106,$643.1 m
07/02/2021,$33.27,$33.97,$31.53,$33.97,$405.9 m,12445013,$608.8 m
07/01/2021,$35.40,$35.41,$32.48,$33.45,$443 m,13119788,$630.1 m
06/30/2021,$33.93,$35.83,$31.72,$35.65,$537.2 m,16182156,$619.6 m
06/29/2021,$32.89,$35.70,$32.78,$33.92,$439.1 m,12828761,$638.7 m
06/28/2021,$31.78,$34.09,$31.13,$32.95,$463.6 m,14370293,$602.1 m
06/27/2021,$29.53,$31.72,$29.38,$31.70,$490 m,16161290,$565.8 m
06/26/2021,$28.67,$29.92,$26.93,$29.29,$547.1 m,19234658,$530.8 m
06/25/2021,$31.22,$32.79,$28.17,$28.94,$617.1 m,20307795,$567.1 m
06/24/2021,$30.99,$32.75,$28.65,$31.32,$618.9 m,20253090,$570.3 m
06/23/2021,$27.09,$32.49,$25.92,$30.93,$1 bn,34128859,$562.4 m
06/22/2021,$26.50,$28.44,$20.71,$26.69,$1.2 bn,46540122,$481.8 m
06/21/2021,$35.32,$35.34,$26.25,$26.52,$708.8 m,23265693,$568.6 m
06/20/2021,$35.17,$35.85,$31.40,$35.27,$437.7 m,12700053,$643.2 m
06/19/2021,$36.68,$37.25,$35.13,$35.24,$260.8 m,7238211,$672.3 m
06/18/2021,$39.21,$39.30,$35.11,$36.55,$411.9 m,10955552,$701.7 m
06/17/2021,$39.69,$41.19,$38.33,$39.25,$409.7 m,10255455,$745.5 m
06/16/2021,$39.31,$41.14,$37.58,$39.60,$600.4 m,15358614,$729.5 m
06/15/2021,$39.71,$41.59,$39.44,$39.58,$458.6 m,11352776,$753.9 m
06/14/2021,$38.83,$40.37,$36.82,$39.59,$551.9 m,14375358,$716.6 m
06/13/2021,$36.55,$39.18,$34.79,$38.71,$454 m,12411045,$682.7 m
06/12/2021,$35.96,$37.45,$34.39,$36.48,$557.9 m,15388983,$676.6 m
06/11/2021,$40.74,$41.10,$35.53,$36.00,$507.5 m,13133079,$721.2 m
06/10/2021,$41.79,$42.93,$39.83,$41.14,$611.7 m,14784851,$772.2 m
06/09/2021,$41.44,$43.80,$39.55,$41.98,$1.2 bn,29306747,$785 m
06/08/2021,$38.40,$42.34,$33.89,$41.36,$1.7 bn,46162721,$705.7 m
06/07/2021,$42.36,$43.94,$38.26,$38.30,$907.7 m,21340784,$793.8 m
06/06/2021,$39.68,$43.23,$39.10,$42.25,$783.3 m,19079536,$766.2 m
06/05/2021,$37.29,$42.48,$37.29,$39.42,$1.1 bn,26941864,$753.7 m
06/04/2021,$39.53,$39.53,$34.47,$37.56,$1 bn,27522886,$698.8 m
06/03/2021,$33.96,$40.90,$33.81,$39.57,$935.5 m,24902489,$701.1 m
06/02/2021,$30.95,$34.69,$30.48,$34.09,$488.4 m,14984650,$608.2 m
06/01/2021,$32.69,$33.16,$30.09,$30.97,$424.9 m,13492511,$587.7 m
05/31/2021,$28.47,$32.90,$27.58,$32.67,$528.1 m,17232966,$571.9 m
05/30/2021,$27.28,$29.60,$25.83,$28.51,$356.7 m,12629744,$527.1 m
05/29/2021,$29.01,$29.92,$25.81,$27.37,$372.3 m,13288852,$522.9 m
05/28/2021,$33.52,$34.34,$28.31,$29.02,$584.5 m,18872849,$578 m
05/27/2021,$35.22,$35.23,$31.26,$33.62,$642.4 m,19042449,$629.6 m
05/26/2021,$30.01,$37.00,$29.14,$35.49,$1.1 bn,31309351,$629.7 m
05/25/2021,$31.31,$32.83,$26.21,$29.96,$900.1 m,30908674,$543.5 m
05/24/2021,$24.87,$31.90,$24.76,$31.07,$1.3 bn,46374394,$537.7 m
05/23/2021,$30.80,$32.30,$19.62,$24.78,$1.8 bn,71576017,$479.1 m
05/22/2021,$38.98,$39.86,$31.41,$31.41,$998.3 m,28012057,$665.1 m
05/21/2021,$44.95,$47.31,$34.37,$38.50,$1.6 bn,38428889,$774.2 m
05/20/2021,$35.32,$48.71,$32.49,$44.42,$2.4 bn,56728305,$784.2 m
05/19/2021,$55.99,$57.33,$32.15,$35.33,$2.7 bn,59013586,$849.4 m
05/18/2021,$46.41,$57.83,$46.33,$56.12,$2 bn,39034882,$973.7 m
05/17/2021,$46.71,$51.47,$43.63,$46.89,$2 bn,41940742,$898.7 m
05/16/2021,$43.62,$51.82,$42.49,$46.97,$2.2 bn,47590780,$870.9 m
05/15/2021,$42.67,$45.14,$39.51,$43.55,$595.7 m,14307191,$777 m
05/14/2021,$40.92,$44.60,$40.13,$42.78,$620.8 m,14714432,$787.4 m
05/13/2021,$41.67,$45.16,$37.58,$40.85,$1.2 bn,28551997,$783.1 m
05/12/2021,$44.55,$48.73,$42.99,$43.84,$1.3 bn,28832352,$847.5 m
05/11/2021,$42.79,$44.98,$39.89,$44.71,$553.1 m,13224986,$780.5 m
05/10/2021,$44.35,$45.78,$40.01,$42.84,$578 m,13092992,$823.9 m
05/09/2021,$45.77,$46.94,$43.45,$44.33,$602.3 m,13446179,$836 m
05/08/2021,$42.95,$46.49,$42.62,$45.70,$545.7 m,12383053,$822.5 m
05/07/2021,$43.39,$45.86,$41.51,$43.02,$601.1 m,13959313,$803.6 m
05/06/2021,$44.89,$44.91,$42.74,$43.41,$466 m,10648930,$816.7 m
05/05/2021,$42.52,$45.82,$42.51,$44.87,$591.4 m,13272502,$831.5 m
05/04/2021,$45.87,$47.47,$42.59,$42.77,$801.8 m,17753797,$842.8 m
05/03/2021,$46.83,$48.97,$45.12,$45.98,$686.5 m,14443148,$887 m
05/02/2021,$49.58,$49.61,$46.04,$46.90,$730.4 m,15422310,$883.8 m
05/01/2021,$42.76,$49.59,$42.09,$49.50,$1.1 bn,23461843,$841.2 m
04/30/2021,$42.52,$44.25,$41.45,$43.00,$653.5 m,15203591,$802.2 m
04/29/2021,$44.87,$45.82,$41.03,$42.61,$946.7 m,21843291,$808.8 m
04/28/2021,$43.13,$46.72,$41.01,$44.97,$1.2 bn,28285494,$824.7 m
04/27/2021,$43.91,$46.40,$42.68,$43.24,$1.1 bn,24858653,$831.1 m
04/26/2021,$47.38,$48.19,$43.72,$43.84,$1.7 bn,36760082,$862.7 m
04/25/2021,$41.05,$48.29,$40.38,$47.48,$2 bn,45405329,$805.8 m
04/24/2021,$37.31,$42.77,$34.87,$40.68,$1.4 bn,37296485,$702.8 m
04/23/2021,$39.24,$40.98,$31.90,$36.90,$2 bn,57248119,$662.8 m
04/22/2021,$32.59,$40.48,$31.93,$38.87,$2.1 bn,55454243,$690.9 m
04/21/2021,$31.71,$34.83,$30.29,$32.56,$911.9 m,28060132,$606.5 m
04/20/2021,$31.11,$32.33,$29.06,$31.71,$987.7 m,32293709,$570.8 m
04/19/2021,$32.36,$35.24,$30.04,$31.26,$1.5 bn,46927321,$599.3 m
04/18/2021,$24.85,$32.80,$21.21,$32.29,$1.5 bn,54398135,$501.9 m
04/17/2021,$25.32,$26.71,$24.96,$24.96,$258.6 m,10012507,$482 m
04/16/2021,$27.78,$28.16,$25.09,$25.34,$296.8 m,11234778,$493 m
04/15/2021,$26.53,$28.10,$25.52,$27.81,$282.7 m,10549163,$500.2 m
04/14/2021,$27.47,$27.47,$24.91,$26.39,$420.4 m,16063429,$488.4 m
04/13/2021,$28.53,$28.74,$26.48,$27.50,$328.6 m,11948051,$513.3 m
04/12/2021,$27.93,$29.71,$26.95,$28.52,$382.6 m,13563580,$526.4 m
04/11/2021,$26.70,$28.60,$25.60,$27.83,$301.9 m,11220760,$502.1 m
04/10/2021,$27.61,$28.12,$26.05,$26.80,$340.6 m,12487098,$509 m
04/09/2021,$26.91,$28.85,$26.82,$27.77,$360.1 m,12817903,$524.4 m
04/08/2021,$26.69,$27.96,$25.70,$26.97,$443.4 m,16632161,$497.6 m
04/07/2021,$25.24,$27.35,$23.22,$26.60,$831.3 m,32419930,$478.6 m
04/06/2021,$23.01,$25.17,$22.10,$24.99,$401 m,17213501,$434.7 m
04/05/2021,$23.82,$24.66,$22.85,$22.95,$315.1 m,13304970,$441.9 m
04/04/2021,$22.29,$25.41,$22.29,$24.01,$509.8 m,21319336,$446.3 m
04/03/2021,$19.82,$23.71,$19.79,$22.48,$576.6 m,26693750,$403.1 m
04/02/2021,$19.05,$19.75,$18.58,$19.75,$164.1 m,8564330,$357.6 m
04/01/2021,$19.43,$20.31,$18.81,$19.05,$213.7 m,10994428,$362.8 m
03/31/2021,$19.06,$19.76,$18.21,$19.46,$256.6 m,13391874,$357.5 m
03/30/2021,$18.93,$20.84,$18.93,$19.20,$309.6 m,15621988,$369.8 m
03/29/2021,$18.11,$18.93,$17.69,$18.89,$274.3 m,14896220,$343.7 m
03/28/2021,$16.53,$19.31,$16.34,$17.98,$523.5 m,29148028,$335.2 m
03/27/2021,$14.78,$16.78,$14.76,$16.51,$282.6 m,18067200,$291.9 m
03/26/2021,$12.98,$14.77,$12.38,$14.77,$192.7 m,13932030,$258.1 m
03/25/2021,$13.60,$13.67,$12.61,$13.00,$151.4 m,11495046,$245.7 m
03/24/2021,$14.19,$15.32,$13.66,$13.67,$156.5 m,10761742,$271.3 m
03/23/2021,$14.27,$14.29,$14.17,$14.22,$141.5 m,9943083,$265.6 m